"source_path","dataset","vehicle_count","seed","controller","simulation_step","simulation_time_seconds","vehicle_id","route_id","final_decision"
"results/formal_experiment/dissertation_formal_v2/runs/seed1_v4/FE04_RAW_LLM_v4_seed1_real/step_records.csv","dissertation_formal_v2","4","1","RawLLM","0","0","car0","N_S","FREE"
"results/formal_experiment/dissertation_formal_v2/runs/seed1_v4/FE04_RAW_LLM_v4_seed1_real/step_records.csv","dissertation_formal_v2","4","1","RawLLM","1","1","car0","N_S","FREE"
"results/formal_experiment/dissertation_formal_v2/runs/seed1_v4/FE04_RAW_LLM_v4_seed1_real/step_records.csv","dissertation_formal_v2","4","1","RawLLM","2","2","car0","N_S","FREE"
"results/formal_experiment/dissertation_formal_v2/runs/seed1_v4/FE04_RAW_LLM_v4_seed1_real/step_records.csv","dissertation_formal_v2","4","1","RawLLM","2","2","car1","S_N","FREE"
"results/formal_experiment/dissertation_formal_v2/runs/seed1_v4/FE04_RAW_LLM_v4_seed1_real/step_records.csv","dissertation_formal_v2","4","1","RawLLM","3","3","car0","N_S","FREE"
"results/formal_experiment/dissertation_formal_v2/runs/seed1_v4/FE04_RAW_LLM_v4_seed1_real/step_records.csv","dissertation_formal_v2","4","1","RawLLM","3","3","car1","S_N","FREE"
"results/formal_experiment/dissertation_formal_v2/runs/seed1_v4/FE04_RAW_LLM_v4_seed1_real/step_records.csv","dissertation_formal_v2","4","1","RawLLM","4","4","car0","N_S","FREE"
"results/formal_experiment/dissertation_formal_v2/runs/seed1_v4/FE04_RAW_LLM_v4_seed1_real/step_records.csv","dissertation_formal_v2","4","1","RawLLM","4","4","car1","S_N","FREE"
"results/formal_experiment/dissertation_formal_v2/runs/seed1_v4/FE04_RAW_LLM_v4_seed1_real/step_records.csv","dissertation_formal_v2","4","1","RawLLM","4","4","car2","E_W","FREE"
"results/formal_experiment/dissertation_formal_v2/runs/seed1_v4/FE04_RAW_LLM_v4_seed1_real/step_records.csv","dissertation_formal_v2","4","1","RawLLM","5","5","car0","N_S","PROCEED"
"results/formal_experiment/dissertation_formal_v2/runs/seed1_v4/FE04_RAW_LLM_v4_seed1_real/step_records.csv","dissertation_formal_v2","4","1","RawLLM","5","5","car1","S_N","FREE"
"results/formal_experiment/dissertation_formal_v2/runs/seed1_v4/FE04_RAW_LLM_v4_seed1_real/step_records.csv","dissertation_formal_v2","4","1","RawLLM","5","5","car2","E_W","FREE"
"results/formal_experiment/dissertation_formal_v2/runs/seed1_v4/FE04_RAW_LLM_v4_seed1_real/step_records.csv","dissertation_formal_v2","4","1","RawLLM","6","6","car0","N_S","PROCEED"
"results/formal_experiment/dissertation_formal_v2/runs/seed1_v4/FE04_RAW_LLM_v4_seed1_real/step_records.csv","dissertation_formal_v2","4","1","RawLLM","6","6","car1","S_N","FREE"
"results/formal_experiment/dissertation_formal_v2/runs/seed1_v4/FE04_RAW_LLM_v4_seed1_real/step_records.csv","dissertation_formal_v2","4","1","RawLLM","6","6","car2","E_W","FREE"
"results/formal_experiment/dissertation_formal_v2/runs/seed1_v4/FE04_RAW_LLM_v4_seed1_real/step_records.csv","dissertation_formal_v2","4","1","RawLLM","6","6","car3","W_E","FREE"
"results/formal_experiment/dissertation_formal_v2/runs/seed1_v4/FE04_RAW_LLM_v4_seed1_real/step_records.csv","dissertation_formal_v2","4","1","RawLLM","7","7","car0","N_S","PROCEED"
"results/formal_experiment/dissertation_formal_v2/runs/seed1_v4/FE04_RAW_LLM_v4_seed1_real/step_records.csv","dissertation_formal_v2","4","1","RawLLM","7","7","car1","S_N","FREE"
"results/formal_experiment/dissertation_formal_v2/runs/seed1_v4/FE04_RAW_LLM_v4_seed1_real/step_records.csv","dissertation_formal_v2","4","1","RawLLM","7","7","car2","E_W","FREE"
"results/formal_experiment/dissertation_formal_v2/runs/seed1_v4/FE04_RAW_LLM_v4_seed1_real/step_records.csv","dissertation_formal_v2","4","1","RawLLM","7","7","car3","W_E","FREE"
"results/formal_experiment/dissertation_formal_v2/runs/seed1_v4/FE04_RAW_LLM_v4_seed1_real/step_records.csv","dissertation_formal_v2","4","1","RawLLM","8","8","car0","N_S","PROCEED"
"results/formal_experiment/dissertation_formal_v2/runs/seed1_v4/FE04_RAW_LLM_v4_seed1_real/step_records.csv","dissertation_formal_v2","4","1","RawLLM","8","8","car1","S_N","PROCEED"
"results/formal_experiment/dissertation_formal_v2/runs/seed1_v4/FE04_RAW_LLM_v4_seed1_real/step_records.csv","dissertation_formal_v2","4","1","RawLLM","8","8","car2","E_W","FREE"
"results/formal_experiment/dissertation_formal_v2/runs/seed1_v4/FE04_RAW_LLM_v4_seed1_real/step_records.csv","dissertation_formal_v2","4","1","RawLLM","8","8","car3","W_E","FREE"
"results/formal_experiment/dissertation_formal_v2/runs/seed1_v4/FE04_RAW_LLM_v4_seed1_real/step_records.csv","dissertation_formal_v2","4","1","RawLLM","9","9","car0","N_S","PROCEED"
"results/formal_experiment/dissertation_formal_v2/runs/seed1_v4/FE04_RAW_LLM_v4_seed1_real/step_records.csv","dissertation_formal_v2","4","1","RawLLM","9","9","car1","S_N","PROCEED"
"results/formal_experiment/dissertation_formal_v2/runs/seed1_v4/FE04_RAW_LLM_v4_seed1_real/step_records.csv","dissertation_formal_v2","4","1","RawLLM","9","9","car2","E_W","FREE"
"results/formal_experiment/dissertation_formal_v2/runs/seed1_v4/FE04_RAW_LLM_v4_seed1_real/step_records.csv","dissertation_formal_v2","4","1","RawLLM","9","9","car3","W_E","FREE"
"results/formal_experiment/dissertation_formal_v2/runs/seed1_v4/FE04_RAW_LLM_v4_seed1_real/step_records.csv","dissertation_formal_v2","4","1","RawLLM","10","10","car0","N_S","PROCEED"
"results/formal_experiment/dissertation_formal_v2/runs/seed1_v4/FE04_RAW_LLM_v4_seed1_real/step_records.csv","dissertation_formal_v2","4","1","RawLLM","10","10","car1","S_N","PROCEED"
"results/formal_experiment/dissertation_formal_v2/runs/seed1_v4/FE04_RAW_LLM_v4_seed1_real/step_records.csv","dissertation_formal_v2","4","1","RawLLM","10","10","car2","E_W","FREE"
"results/formal_experiment/dissertation_formal_v2/runs/seed1_v4/FE04_RAW_LLM_v4_seed1_real/step_records.csv","dissertation_formal_v2","4","1","RawLLM","10","10","car3","W_E","FREE"
"results/formal_experiment/dissertation_formal_v2/runs/seed1_v4/FE04_RAW_LLM_v4_seed1_real/step_records.csv","dissertation_formal_v2","4","1","RawLLM","11","11","car0","N_S","PROCEED"
"results/formal_experiment/dissertation_formal_v2/runs/seed1_v4/FE04_RAW_LLM_v4_seed1_real/step_records.csv","dissertation_formal_v2","4","1","RawLLM","11","11","car1","S_N","PROCEED"
"results/formal_experiment/dissertation_formal_v2/runs/seed1_v4/FE04_RAW_LLM_v4_seed1_real/step_records.csv","dissertation_formal_v2","4","1","RawLLM","11","11","car2","E_W","FREE"
"results/formal_experiment/dissertation_formal_v2/runs/seed1_v4/FE04_RAW_LLM_v4_seed1_real/step_records.csv","dissertation_formal_v2","4","1","RawLLM","11","11","car3","W_E","FREE"
"results/formal_experiment/dissertation_formal_v2/runs/seed1_v4/FE04_RAW_LLM_v4_seed1_real/step_records.csv","dissertation_formal_v2","4","1","RawLLM","12","12","car0","N_S","WAIT"
"results/formal_experiment/dissertation_formal_v2/runs/seed1_v4/FE04_RAW_LLM_v4_seed1_real/step_records.csv","dissertation_formal_v2","4","1","RawLLM","12","12","car1","S_N","WAIT"
"results/formal_experiment/dissertation_formal_v2/runs/seed1_v4/FE04_RAW_LLM_v4_seed1_real/step_records.csv","dissertation_formal_v2","4","1","RawLLM","12","12","car2","E_W","PROCEED"
"results/formal_experiment/dissertation_formal_v2/runs/seed1_v4/FE04_RAW_LLM_v4_seed1_real/step_records.csv","dissertation_formal_v2","4","1","RawLLM","12","12","car3","W_E","FREE"
"results/formal_experiment/dissertation_formal_v2/runs/seed1_v4/FE04_RAW_LLM_v4_seed1_real/step_records.csv","dissertation_formal_v2","4","1","RawLLM","13","13","car0","N_S","WAIT"
"results/formal_experiment/dissertation_formal_v2/runs/seed1_v4/FE04_RAW_LLM_v4_seed1_real/step_records.csv","dissertation_formal_v2","4","1","RawLLM","13","13","car1","S_N","WAIT"
"results/formal_experiment/dissertation_formal_v2/runs/seed1_v4/FE04_RAW_LLM_v4_seed1_real/step_records.csv","dissertation_formal_v2","4","1","RawLLM","13","13","car2","E_W","PROCEED"
"results/formal_experiment/dissertation_formal_v2/runs/seed1_v4/FE04_RAW_LLM_v4_seed1_real/step_records.csv","dissertation_formal_v2","4","1","RawLLM","13","13","car3","W_E","PROCEED"
"results/formal_experiment/dissertation_formal_v2/runs/seed1_v4/FE04_RAW_LLM_v4_seed1_real/step_records.csv","dissertation_formal_v2","4","1","RawLLM","14","14","car0","N_S","WAIT"
"results/formal_experiment/dissertation_formal_v2/runs/seed1_v4/FE04_RAW_LLM_v4_seed1_real/step_records.csv","dissertation_formal_v2","4","1","RawLLM","14","14","car1","S_N","WAIT"
"results/formal_experiment/dissertation_formal_v2/runs/seed1_v4/FE04_RAW_LLM_v4_seed1_real/step_records.csv","dissertation_formal_v2","4","1","RawLLM","14","14","car2","E_W","PROCEED"
"results/formal_experiment/dissertation_formal_v2/runs/seed1_v4/FE04_RAW_LLM_v4_seed1_real/step_records.csv","dissertation_formal_v2","4","1","RawLLM","14","14","car3","W_E","PROCEED"
"results/formal_experiment/dissertation_formal_v2/runs/seed1_v4/FE04_RAW_LLM_v4_seed1_real/step_records.csv","dissertation_formal_v2","4","1","RawLLM","15","15","car0","N_S","WAIT"
"results/formal_experiment/dissertation_formal_v2/runs/seed1_v4/FE04_RAW_LLM_v4_seed1_real/step_records.csv","dissertation_formal_v2","4","1","RawLLM","15","15","car1","S_N","WAIT"
"results/formal_experiment/dissertation_formal_v2/runs/seed1_v4/FE04_RAW_LLM_v4_seed1_real/step_records.csv","dissertation_formal_v2","4","1","RawLLM","15","15","car2","E_W","PROCEED"
"results/formal_experiment/dissertation_formal_v2/runs/seed1_v4/FE04_RAW_LLM_v4_seed1_real/step_records.csv","dissertation_formal_v2","4","1","RawLLM","15","15","car3","W_E","PROCEED"
"results/formal_experiment/dissertation_formal_v2/runs/seed1_v4/FE04_RAW_LLM_v4_seed1_real/step_records.csv","dissertation_formal_v2","4","1","RawLLM","16","16","car0","N_S","WAIT"
"results/formal_experiment/dissertation_formal_v2/runs/seed1_v4/FE04_RAW_LLM_v4_seed1_real/step_records.csv","dissertation_formal_v2","4","1","RawLLM","16","16","car1","S_N","WAIT"
"results/formal_experiment/dissertation_formal_v2/runs/seed1_v4/FE04_RAW_LLM_v4_seed1_real/step_records.csv","dissertation_formal_v2","4","1","RawLLM","16","16","car2","E_W","PROCEED"
"results/formal_experiment/dissertation_formal_v2/runs/seed1_v4/FE04_RAW_LLM_v4_seed1_real/step_records.csv","dissertation_formal_v2","4","1","RawLLM","16","16","car3","W_E","PROCEED"
"results/formal_experiment/dissertation_formal_v2/runs/seed1_v4/FE04_RAW_LLM_v4_seed1_real/step_records.csv","dissertation_formal_v2","4","1","RawLLM","17","17","car0","N_S","WAIT"
"results/formal_experiment/dissertation_formal_v2/runs/seed1_v4/FE04_RAW_LLM_v4_seed1_real/step_records.csv","dissertation_formal_v2","4","1","RawLLM","17","17","car1","S_N","WAIT"
"results/formal_experiment/dissertation_formal_v2/runs/seed1_v4/FE04_RAW_LLM_v4_seed1_real/step_records.csv","dissertation_formal_v2","4","1","RawLLM","17","17","car2","E_W","PROCEED"
"results/formal_experiment/dissertation_formal_v2/runs/seed1_v4/FE04_RAW_LLM_v4_seed1_real/step_records.csv","dissertation_formal_v2","4","1","RawLLM","17","17","car3","W_E","PROCEED"
"results/formal_experiment/dissertation_formal_v2/runs/seed1_v4/FE04_RAW_LLM_v4_seed1_real/step_records.csv","dissertation_formal_v2","4","1","RawLLM","18","18","car0","N_S","WAIT"
"results/formal_experiment/dissertation_formal_v2/runs/seed1_v4/FE04_RAW_LLM_v4_seed1_real/step_records.csv","dissertation_formal_v2","4","1","RawLLM","18","18","car1","S_N","WAIT"
"results/formal_experiment/dissertation_formal_v2/runs/seed1_v4/FE04_RAW_LLM_v4_seed1_real/step_records.csv","dissertation_formal_v2","4","1","RawLLM","18","18","car2","E_W","PROCEED"
"results/formal_experiment/dissertation_formal_v2/runs/seed1_v4/FE04_RAW_LLM_v4_seed1_real/step_records.csv","dissertation_formal_v2","4","1","RawLLM","18","18","car3","W_E","PROCEED"
"results/formal_experiment/dissertation_formal_v2/runs/seed1_v4/FE04_RAW_LLM_v4_seed1_real/step_records.csv","dissertation_formal_v2","4","1","RawLLM","19","19","car0","N_S","WAIT"
"results/formal_experiment/dissertation_formal_v2/runs/seed1_v4/FE04_RAW_LLM_v4_seed1_real/step_records.csv","dissertation_formal_v2","4","1","RawLLM","19","19","car1","S_N","WAIT"
"results/formal_experiment/dissertation_formal_v2/runs/seed1_v4/FE04_RAW_LLM_v4_seed1_real/step_records.csv","dissertation_formal_v2","4","1","RawLLM","19","19","car2","E_W","FREE"
"results/formal_experiment/dissertation_formal_v2/runs/seed1_v4/FE04_RAW_LLM_v4_seed1_real/step_records.csv","dissertation_formal_v2","4","1","RawLLM","19","19","car3","W_E","PROCEED"
"results/formal_experiment/dissertation_formal_v2/runs/seed1_v4/FE04_RAW_LLM_v4_seed1_real/step_records.csv","dissertation_formal_v2","4","1","RawLLM","20","20","car0","N_S","PROCEED"
"results/formal_experiment/dissertation_formal_v2/runs/seed1_v4/FE04_RAW_LLM_v4_seed1_real/step_records.csv","dissertation_formal_v2","4","1","RawLLM","20","20","car1","S_N","PROCEED"
"results/formal_experiment/dissertation_formal_v2/runs/seed1_v4/FE04_RAW_LLM_v4_seed1_real/step_records.csv","dissertation_formal_v2","4","1","RawLLM","20","20","car2","E_W","FREE"
"results/formal_experiment/dissertation_formal_v2/runs/seed1_v4/FE04_RAW_LLM_v4_seed1_real/step_records.csv","dissertation_formal_v2","4","1","RawLLM","20","20","car3","W_E","FREE"
"results/formal_experiment/dissertation_formal_v2/runs/seed1_v4/FE04_RAW_LLM_v4_seed1_real/step_records.csv","dissertation_formal_v2","4","1","RawLLM","21","21","car0","N_S","PROCEED"
"results/formal_experiment/dissertation_formal_v2/runs/seed1_v4/FE04_RAW_LLM_v4_seed1_real/step_records.csv","dissertation_formal_v2","4","1","RawLLM","21","21","car1","S_N","PROCEED"
"results/formal_experiment/dissertation_formal_v2/runs/seed1_v4/FE04_RAW_LLM_v4_seed1_real/step_records.csv","dissertation_formal_v2","4","1","RawLLM","21","21","car2","E_W","FREE"
"results/formal_experiment/dissertation_formal_v2/runs/seed1_v4/FE04_RAW_LLM_v4_seed1_real/step_records.csv","dissertation_formal_v2","4","1","RawLLM","21","21","car3","W_E","FREE"
"results/formal_experiment/dissertation_formal_v2/runs/seed1_v4/FE04_RAW_LLM_v4_seed1_real/step_records.csv","dissertation_formal_v2","4","1","RawLLM","22","22","car0","N_S","PROCEED"
"results/formal_experiment/dissertation_formal_v2/runs/seed1_v4/FE04_RAW_LLM_v4_seed1_real/step_records.csv","dissertation_formal_v2","4","1","RawLLM","22","22","car1","S_N","PROCEED"
"results/formal_experiment/dissertation_formal_v2/runs/seed1_v4/FE04_RAW_LLM_v4_seed1_real/step_records.csv","dissertation_formal_v2","4","1","RawLLM","22","22","car2","E_W","FREE"
"results/formal_experiment/dissertation_formal_v2/runs/seed1_v4/FE04_RAW_LLM_v4_seed1_real/step_records.csv","dissertation_formal_v2","4","1","RawLLM","22","22","car3","W_E","FREE"
"results/formal_experiment/dissertation_formal_v2/runs/seed1_v4/FE04_RAW_LLM_v4_seed1_real/step_records.csv","dissertation_formal_v2","4","1","RawLLM","23","23","car0","N_S","PROCEED"
"results/formal_experiment/dissertation_formal_v2/runs/seed1_v4/FE04_RAW_LLM_v4_seed1_real/step_records.csv","dissertation_formal_v2","4","1","RawLLM","23","23","car1","S_N","PROCEED"
"results/formal_experiment/dissertation_formal_v2/runs/seed1_v4/FE04_RAW_LLM_v4_seed1_real/step_records.csv","dissertation_formal_v2","4","1","RawLLM","23","23","car2","E_W","FREE"
"results/formal_experiment/dissertation_formal_v2/runs/seed1_v4/FE04_RAW_LLM_v4_seed1_real/step_records.csv","dissertation_formal_v2","4","1","RawLLM","23","23","car3","W_E","FREE"
"results/formal_experiment/dissertation_formal_v2/runs/seed1_v4/FE04_RAW_LLM_v4_seed1_real/step_records.csv","dissertation_formal_v2","4","1","RawLLM","24","24","car0","N_S","PROCEED"
"results/formal_experiment/dissertation_formal_v2/runs/seed1_v4/FE04_RAW_LLM_v4_seed1_real/step_records.csv","dissertation_formal_v2","4","1","RawLLM","24","24","car1","S_N","PROCEED"
"results/formal_experiment/dissertation_formal_v2/runs/seed1_v4/FE04_RAW_LLM_v4_seed1_real/step_records.csv","dissertation_formal_v2","4","1","RawLLM","24","24","car2","E_W","FREE"
"results/formal_experiment/dissertation_formal_v2/runs/seed1_v4/FE04_RAW_LLM_v4_seed1_real/step_records.csv","dissertation_formal_v2","4","1","RawLLM","24","24","car3","W_E","FREE"
"results/formal_experiment/dissertation_formal_v2/runs/seed1_v4/FE04_RAW_LLM_v4_seed1_real/step_records.csv","dissertation_formal_v2","4","1","RawLLM","25","25","car0","N_S","PROCEED"
"results/formal_experiment/dissertation_formal_v2/runs/seed1_v4/FE04_RAW_LLM_v4_seed1_real/step_records.csv","dissertation_formal_v2","4","1","RawLLM","25","25","car1","S_N","PROCEED"
"results/formal_experiment/dissertation_formal_v2/runs/seed1_v4/FE04_RAW_LLM_v4_seed1_real/step_records.csv","dissertation_formal_v2","4","1","RawLLM","25","25","car2","E_W","FREE"
"results/formal_experiment/dissertation_formal_v2/runs/seed1_v4/FE04_RAW_LLM_v4_seed1_real/step_records.csv","dissertation_formal_v2","4","1","RawLLM","25","25","car3","W_E","FREE"
"results/formal_experiment/dissertation_formal_v2/runs/seed1_v4/FE04_RAW_LLM_v4_seed1_real/step_records.csv","dissertation_formal_v2","4","1","RawLLM","26","26","car0","N_S","PROCEED"
"results/formal_experiment/dissertation_formal_v2/runs/seed1_v4/FE04_RAW_LLM_v4_seed1_real/step_records.csv","dissertation_formal_v2","4","1","RawLLM","26","26","car1","S_N","PROCEED"
"results/formal_experiment/dissertation_formal_v2/runs/seed1_v4/FE04_RAW_LLM_v4_seed1_real/step_records.csv","dissertation_formal_v2","4","1","RawLLM","26","26","car3","W_E","FREE"
"results/formal_experiment/dissertation_formal_v2/runs/seed1_v4/FE04_RAW_LLM_v4_seed1_real/step_records.csv","dissertation_formal_v2","4","1","RawLLM","27","27","car0","N_S","PROCEED"
"results/formal_experiment/dissertation_formal_v2/runs/seed1_v4/FE04_RAW_LLM_v4_seed1_real/step_records.csv","dissertation_formal_v2","4","1","RawLLM","27","27","car1","S_N","PROCEED"
"results/formal_experiment/dissertation_formal_v2/runs/seed1_v4/FE04_RAW_LLM_v4_seed1_real/step_records.csv","dissertation_formal_v2","4","1","RawLLM","27","27","car3","W_E","FREE"
"results/formal_experiment/dissertation_formal_v2/runs/seed1_v4/FE04_RAW_LLM_v4_seed1_real/step_records.csv","dissertation_formal_v2","4","1","RawLLM","28","28","car0","N_S","PROCEED"
"results/formal_experiment/dissertation_formal_v2/runs/seed1_v4/FE04_RAW_LLM_v4_seed1_real/step_records.csv","dissertation_formal_v2","4","1","RawLLM","28","28","car1","S_N","PROCEED"
"results/formal_experiment/dissertation_formal_v2/runs/seed1_v4/FE04_RAW_LLM_v4_seed1_real/step_records.csv","dissertation_formal_v2","4","1","RawLLM","29","29","car0","N_S","PROCEED"
"results/formal_experiment/dissertation_formal_v2/runs/seed1_v4/FE04_RAW_LLM_v4_seed1_real/step_records.csv","dissertation_formal_v2","4","1","RawLLM","29","29","car1","S_N","PROCEED"
"results/formal_experiment/dissertation_formal_v2/runs/seed1_v4/FE04_RAW_LLM_v4_seed1_real/step_records.csv","dissertation_formal_v2","4","1","RawLLM","30","30","car0","N_S","PROCEED"
"results/formal_experiment/dissertation_formal_v2/runs/seed1_v4/FE04_RAW_LLM_v4_seed1_real/step_records.csv","dissertation_formal_v2","4","1","RawLLM","30","30","car1","S_N","PROCEED"
"results/formal_experiment/dissertation_formal_v2/runs/seed1_v4/FE04_RAW_LLM_v4_seed1_real/step_records.csv","dissertation_formal_v2","4","1","RawLLM","31","31","car0","N_S","PROCEED"
"results/formal_experiment/dissertation_formal_v2/runs/seed1_v4/FE04_RAW_LLM_v4_seed1_real/step_records.csv","dissertation_formal_v2","4","1","RawLLM","31","31","car1","S_N","PROCEED"
"results/formal_experiment/dissertation_formal_v2/runs/seed1_v4/FE04_RAW_LLM_v4_seed1_real/step_records.csv","dissertation_formal_v2","4","1","RawLLM","32","32","car0","N_S","PROCEED"
"results/formal_experiment/dissertation_formal_v2/runs/seed1_v4/FE04_RAW_LLM_v4_seed1_real/step_records.csv","dissertation_formal_v2","4","1","RawLLM","32","32","car1","S_N","PROCEED"
"results/formal_experiment/dissertation_formal_v2/runs/seed1_v4/FE04_RAW_LLM_v4_seed1_real/step_records.csv","dissertation_formal_v2","4","1","RawLLM","33","33","car0","N_S","PROCEED"
"results/formal_experiment/dissertation_formal_v2/runs/seed1_v4/FE04_RAW_LLM_v4_seed1_real/step_records.csv","dissertation_formal_v2","4","1","RawLLM","33","33","car1","S_N","PROCEED"
"results/formal_experiment/dissertation_formal_v2/runs/seed1_v4/FE04_RAW_LLM_v4_seed1_real/step_records.csv","dissertation_formal_v2","4","1","RawLLM","34","34","car0","N_S","PROCEED"
"results/formal_experiment/dissertation_formal_v2/runs/seed1_v4/FE04_RAW_LLM_v4_seed1_real/step_records.csv","dissertation_formal_v2","4","1","RawLLM","34","34","car1","S_N","PROCEED"
"results/formal_experiment/dissertation_formal_v2/runs/seed1_v4/FE04_RAW_LLM_v4_seed1_real/step_records.csv","dissertation_formal_v2","4","1","RawLLM","35","35","car0","N_S","PROCEED"
"results/formal_experiment/dissertation_formal_v2/runs/seed1_v4/FE04_RAW_LLM_v4_seed1_real/step_records.csv","dissertation_formal_v2","4","1","RawLLM","35","35","car1","S_N","PROCEED"
"results/formal_experiment/dissertation_formal_v2/runs/seed1_v4/FE04_RAW_LLM_v4_seed1_real/step_records.csv","dissertation_formal_v2","4","1","RawLLM","36","36","car0","N_S","PROCEED"
"results/formal_experiment/dissertation_formal_v2/runs/seed1_v4/FE04_RAW_LLM_v4_seed1_real/step_records.csv","dissertation_formal_v2","4","1","RawLLM","36","36","car1","S_N","PROCEED"
"results/formal_experiment/dissertation_formal_v2/runs/seed1_v4/FE04_RAW_LLM_v4_seed1_real/step_records.csv","dissertation_formal_v2","4","1","RawLLM","37","37","car0","N_S","PROCEED"
"results/formal_experiment/dissertation_formal_v2/runs/seed1_v4/FE04_RAW_LLM_v4_seed1_real/step_records.csv","dissertation_formal_v2","4","1","RawLLM","37","37","car1","S_N","PROCEED"
"results/formal_experiment/dissertation_formal_v2/runs/seed1_v4/FE04_RAW_LLM_v4_seed1_real/step_records.csv","dissertation_formal_v2","4","1","RawLLM","38","38","car0","N_S","PROCEED"
"results/formal_experiment/dissertation_formal_v2/runs/seed1_v4/FE04_RAW_LLM_v4_seed1_real/step_records.csv","dissertation_formal_v2","4","1","RawLLM","38","38","car1","S_N","PROCEED"
"results/formal_experiment/dissertation_formal_v2/runs/seed1_v4/FE04_RAW_LLM_v4_seed1_real/step_records.csv","dissertation_formal_v2","4","1","RawLLM","39","39","car0","N_S","PROCEED"
"results/formal_experiment/dissertation_formal_v2/runs/seed1_v4/FE04_RAW_LLM_v4_seed1_real/step_records.csv","dissertation_formal_v2","4","1","RawLLM","39","39","car1","S_N","PROCEED"
"results/formal_experiment/dissertation_formal_v2/runs/seed1_v4/FE04_RAW_LLM_v4_seed1_real/step_records.csv","dissertation_formal_v2","4","1","RawLLM","40","40","car0","N_S","PROCEED"
"results/formal_experiment/dissertation_formal_v2/runs/seed1_v4/FE04_RAW_LLM_v4_seed1_real/step_records.csv","dissertation_formal_v2","4","1","RawLLM","40","40","car1","S_N","PROCEED"
"results/formal_experiment/dissertation_formal_v2/runs/seed1_v4/FE04_RAW_LLM_v4_seed1_real/step_records.csv","dissertation_formal_v2","4","1","RawLLM","41","41","car0","N_S","PROCEED"
"results/formal_experiment/dissertation_formal_v2/runs/seed1_v4/FE04_RAW_LLM_v4_seed1_real/step_records.csv","dissertation_formal_v2","4","1","RawLLM","41","41","car1","S_N","PROCEED"
"results/formal_experiment/dissertation_formal_v2/runs/seed1_v4/FE04_RAW_LLM_v4_seed1_real/step_records.csv","dissertation_formal_v2","4","1","RawLLM","42","42","car0","N_S","PROCEED"
"results/formal_experiment/dissertation_formal_v2/runs/seed1_v4/FE04_RAW_LLM_v4_seed1_real/step_records.csv","dissertation_formal_v2","4","1","RawLLM","42","42","car1","S_N","PROCEED"
"results/formal_experiment/dissertation_formal_v2/runs/seed1_v4/FE04_RAW_LLM_v4_seed1_real/step_records.csv","dissertation_formal_v2","4","1","RawLLM","43","43","car0","N_S","PROCEED"
"results/formal_experiment/dissertation_formal_v2/runs/seed1_v4/FE04_RAW_LLM_v4_seed1_real/step_records.csv","dissertation_formal_v2","4","1","RawLLM","43","43","car1","S_N","PROCEED"
"results/formal_experiment/dissertation_formal_v2/runs/seed1_v4/FE04_RAW_LLM_v4_seed1_real/step_records.csv","dissertation_formal_v2","4","1","RawLLM","44","44","car0","N_S","PROCEED"
"results/formal_experiment/dissertation_formal_v2/runs/seed1_v4/FE04_RAW_LLM_v4_seed1_real/step_records.csv","dissertation_formal_v2","4","1","RawLLM","44","44","car1","S_N","PROCEED"
"results/formal_experiment/dissertation_formal_v2/runs/seed1_v4/FE04_RAW_LLM_v4_seed1_real/step_records.csv","dissertation_formal_v2","4","1","RawLLM","45","45","car0","N_S","PROCEED"
"results/formal_experiment/dissertation_formal_v2/runs/seed1_v4/FE04_RAW_LLM_v4_seed1_real/step_records.csv","dissertation_formal_v2","4","1","RawLLM","45","45","car1","S_N","PROCEED"
"results/formal_experiment/dissertation_formal_v2/runs/seed1_v4/FE04_RAW_LLM_v4_seed1_real/step_records.csv","dissertation_formal_v2","4","1","RawLLM","46","46","car0","N_S","PROCEED"
"results/formal_experiment/dissertation_formal_v2/runs/seed1_v4/FE04_RAW_LLM_v4_seed1_real/step_records.csv","dissertation_formal_v2","4","1","RawLLM","46","46","car1","S_N","PROCEED"
"results/formal_experiment/dissertation_formal_v2/runs/seed1_v4/FE04_RAW_LLM_v4_seed1_real/step_records.csv","dissertation_formal_v2","4","1","RawLLM","47","47","car0","N_S","PROCEED"
"results/formal_experiment/dissertation_formal_v2/runs/seed1_v4/FE04_RAW_LLM_v4_seed1_real/step_records.csv","dissertation_formal_v2","4","1","RawLLM","47","47","car1","S_N","PROCEED"
"results/formal_experiment/dissertation_formal_v2/runs/seed1_v4/FE04_RAW_LLM_v4_seed1_real/step_records.csv","dissertation_formal_v2","4","1","RawLLM","48","48","car0","N_S","FREE"
"results/formal_experiment/dissertation_formal_v2/runs/seed1_v4/FE04_RAW_LLM_v4_seed1_real/step_records.csv","dissertation_formal_v2","4","1","RawLLM","48","48","car1","S_N","FREE"
"results/formal_experiment/dissertation_formal_v2/runs/seed1_v4/FE04_RAW_LLM_v4_seed1_real/step_records.csv","dissertation_formal_v2","4","1","RawLLM","49","49","car0","N_S","FREE"
"results/formal_experiment/dissertation_formal_v2/runs/seed1_v4/FE04_RAW_LLM_v4_seed1_real/step_records.csv","dissertation_formal_v2","4","1","RawLLM","49","49","car1","S_N","FREE"
"results/formal_experiment/dissertation_formal_v2/runs/seed1_v4/FE04_RAW_LLM_v4_seed1_real/step_records.csv","dissertation_formal_v2","4","1","RawLLM","50","50","car0","N_S","FREE"
"results/formal_experiment/dissertation_formal_v2/runs/seed1_v4/FE04_RAW_LLM_v4_seed1_real/step_records.csv","dissertation_formal_v2","4","1","RawLLM","50","50","car1","S_N","FREE"
"results/formal_experiment/dissertation_formal_v2/runs/seed1_v4/FE04_RAW_LLM_v4_seed1_real/step_records.csv","dissertation_formal_v2","4","1","RawLLM","51","51","car0","N_S","FREE"
"results/formal_experiment/dissertation_formal_v2/runs/seed1_v4/FE04_RAW_LLM_v4_seed1_real/step_records.csv","dissertation_formal_v2","4","1","RawLLM","51","51","car1","S_N","FREE"
"results/formal_experiment/dissertation_formal_v2/runs/seed1_v4/FE04_RAW_LLM_v4_seed1_real/step_records.csv","dissertation_formal_v2","4","1","RawLLM","52","52","car0","N_S","FREE"
"results/formal_experiment/dissertation_formal_v2/runs/seed1_v4/FE04_RAW_LLM_v4_seed1_real/step_records.csv","dissertation_formal_v2","4","1","RawLLM","52","52","car1","S_N","FREE"
"results/formal_experiment/dissertation_formal_v2/runs/seed1_v4/FE05_HYBRID_v4_seed1_real/step_records.csv","dissertation_formal_v2","4","1","HybridLLM","0","0","car0","N_S","FREE"
"results/formal_experiment/dissertation_formal_v2/runs/seed1_v4/FE05_HYBRID_v4_seed1_real/step_records.csv","dissertation_formal_v2","4","1","HybridLLM","1","1","car0","N_S","FREE"
"results/formal_experiment/dissertation_formal_v2/runs/seed1_v4/FE05_HYBRID_v4_seed1_real/step_records.csv","dissertation_formal_v2","4","1","HybridLLM","2","2","car0","N_S","FREE"
"results/formal_experiment/dissertation_formal_v2/runs/seed1_v4/FE05_HYBRID_v4_seed1_real/step_records.csv","dissertation_formal_v2","4","1","HybridLLM","2","2","car1","S_N","FREE"
"results/formal_experiment/dissertation_formal_v2/runs/seed1_v4/FE05_HYBRID_v4_seed1_real/step_records.csv","dissertation_formal_v2","4","1","HybridLLM","3","3","car0","N_S","FREE"
"results/formal_experiment/dissertation_formal_v2/runs/seed1_v4/FE05_HYBRID_v4_seed1_real/step_records.csv","dissertation_formal_v2","4","1","HybridLLM","3","3","car1","S_N","FREE"
"results/formal_experiment/dissertation_formal_v2/runs/seed1_v4/FE05_HYBRID_v4_seed1_real/step_records.csv","dissertation_formal_v2","4","1","HybridLLM","4","4","car0","N_S","FREE"
"results/formal_experiment/dissertation_formal_v2/runs/seed1_v4/FE05_HYBRID_v4_seed1_real/step_records.csv","dissertation_formal_v2","4","1","HybridLLM","4","4","car1","S_N","FREE"
"results/formal_experiment/dissertation_formal_v2/runs/seed1_v4/FE05_HYBRID_v4_seed1_real/step_records.csv","dissertation_formal_v2","4","1","HybridLLM","4","4","car2","E_W","FREE"
"results/formal_experiment/dissertation_formal_v2/runs/seed1_v4/FE05_HYBRID_v4_seed1_real/step_records.csv","dissertation_formal_v2","4","1","HybridLLM","5","5","car0","N_S","PROCEED"
"results/formal_experiment/dissertation_formal_v2/runs/seed1_v4/FE05_HYBRID_v4_seed1_real/step_records.csv","dissertation_formal_v2","4","1","HybridLLM","5","5","car1","S_N","FREE"
"results/formal_experiment/dissertation_formal_v2/runs/seed1_v4/FE05_HYBRID_v4_seed1_real/step_records.csv","dissertation_formal_v2","4","1","HybridLLM","5","5","car2","E_W","FREE"
"results/formal_experiment/dissertation_formal_v2/runs/seed1_v4/FE05_HYBRID_v4_seed1_real/step_records.csv","dissertation_formal_v2","4","1","HybridLLM","6","6","car0","N_S","PROCEED"
"results/formal_experiment/dissertation_formal_v2/runs/seed1_v4/FE05_HYBRID_v4_seed1_real/step_records.csv","dissertation_formal_v2","4","1","HybridLLM","6","6","car1","S_N","FREE"
"results/formal_experiment/dissertation_formal_v2/runs/seed1_v4/FE05_HYBRID_v4_seed1_real/step_records.csv","dissertation_formal_v2","4","1","HybridLLM","6","6","car2","E_W","FREE"
"results/formal_experiment/dissertation_formal_v2/runs/seed1_v4/FE05_HYBRID_v4_seed1_real/step_records.csv","dissertation_formal_v2","4","1","HybridLLM","6","6","car3","W_E","FREE"
"results/formal_experiment/dissertation_formal_v2/runs/seed1_v4/FE05_HYBRID_v4_seed1_real/step_records.csv","dissertation_formal_v2","4","1","HybridLLM","7","7","car0","N_S","PROCEED"
"results/formal_experiment/dissertation_formal_v2/runs/seed1_v4/FE05_HYBRID_v4_seed1_real/step_records.csv","dissertation_formal_v2","4","1","HybridLLM","7","7","car1","S_N","FREE"
"results/formal_experiment/dissertation_formal_v2/runs/seed1_v4/FE05_HYBRID_v4_seed1_real/step_records.csv","dissertation_formal_v2","4","1","HybridLLM","7","7","car2","E_W","FREE"
"results/formal_experiment/dissertation_formal_v2/runs/seed1_v4/FE05_HYBRID_v4_seed1_real/step_records.csv","dissertation_formal_v2","4","1","HybridLLM","7","7","car3","W_E","FREE"
"results/formal_experiment/dissertation_formal_v2/runs/seed1_v4/FE05_HYBRID_v4_seed1_real/step_records.csv","dissertation_formal_v2","4","1","HybridLLM","8","8","car0","N_S","PROCEED"
"results/formal_experiment/dissertation_formal_v2/runs/seed1_v4/FE05_HYBRID_v4_seed1_real/step_records.csv","dissertation_formal_v2","4","1","HybridLLM","8","8","car1","S_N","PROCEED"
"results/formal_experiment/dissertation_formal_v2/runs/seed1_v4/FE05_HYBRID_v4_seed1_real/step_records.csv","dissertation_formal_v2","4","1","HybridLLM","8","8","car2","E_W","FREE"
"results/formal_experiment/dissertation_formal_v2/runs/seed1_v4/FE05_HYBRID_v4_seed1_real/step_records.csv","dissertation_formal_v2","4","1","HybridLLM","8","8","car3","W_E","FREE"
"results/formal_experiment/dissertation_formal_v2/runs/seed1_v4/FE05_HYBRID_v4_seed1_real/step_records.csv","dissertation_formal_v2","4","1","HybridLLM","9","9","car0","N_S","PROCEED"
"results/formal_experiment/dissertation_formal_v2/runs/seed1_v4/FE05_HYBRID_v4_seed1_real/step_records.csv","dissertation_formal_v2","4","1","HybridLLM","9","9","car1","S_N","PROCEED"
"results/formal_experiment/dissertation_formal_v2/runs/seed1_v4/FE05_HYBRID_v4_seed1_real/step_records.csv","dissertation_formal_v2","4","1","HybridLLM","9","9","car2","E_W","FREE"
"results/formal_experiment/dissertation_formal_v2/runs/seed1_v4/FE05_HYBRID_v4_seed1_real/step_records.csv","dissertation_formal_v2","4","1","HybridLLM","9","9","car3","W_E","FREE"
"results/formal_experiment/dissertation_formal_v2/runs/seed1_v4/FE05_HYBRID_v4_seed1_real/step_records.csv","dissertation_formal_v2","4","1","HybridLLM","10","10","car0","N_S","PROCEED"
"results/formal_experiment/dissertation_formal_v2/runs/seed1_v4/FE05_HYBRID_v4_seed1_real/step_records.csv","dissertation_formal_v2","4","1","HybridLLM","10","10","car1","S_N","PROCEED"
"results/formal_experiment/dissertation_formal_v2/runs/seed1_v4/FE05_HYBRID_v4_seed1_real/step_records.csv","dissertation_formal_v2","4","1","HybridLLM","10","10","car2","E_W","FREE"
"results/formal_experiment/dissertation_formal_v2/runs/seed1_v4/FE05_HYBRID_v4_seed1_real/step_records.csv","dissertation_formal_v2","4","1","HybridLLM","10","10","car3","W_E","FREE"
"results/formal_experiment/dissertation_formal_v2/runs/seed1_v4/FE05_HYBRID_v4_seed1_real/step_records.csv","dissertation_formal_v2","4","1","HybridLLM","11","11","car0","N_S","PROCEED"
"results/formal_experiment/dissertation_formal_v2/runs/seed1_v4/FE05_HYBRID_v4_seed1_real/step_records.csv","dissertation_formal_v2","4","1","HybridLLM","11","11","car1","S_N","PROCEED"
"results/formal_experiment/dissertation_formal_v2/runs/seed1_v4/FE05_HYBRID_v4_seed1_real/step_records.csv","dissertation_formal_v2","4","1","HybridLLM","11","11","car2","E_W","FREE"
"results/formal_experiment/dissertation_formal_v2/runs/seed1_v4/FE05_HYBRID_v4_seed1_real/step_records.csv","dissertation_formal_v2","4","1","HybridLLM","11","11","car3","W_E","FREE"
"results/formal_experiment/dissertation_formal_v2/runs/seed1_v4/FE05_HYBRID_v4_seed1_real/step_records.csv","dissertation_formal_v2","4","1","HybridLLM","12","12","car0","N_S","WAIT"
"results/formal_experiment/dissertation_formal_v2/runs/seed1_v4/FE05_HYBRID_v4_seed1_real/step_records.csv","dissertation_formal_v2","4","1","HybridLLM","12","12","car1","S_N","WAIT"
"results/formal_experiment/dissertation_formal_v2/runs/seed1_v4/FE05_HYBRID_v4_seed1_real/step_records.csv","dissertation_formal_v2","4","1","HybridLLM","12","12","car2","E_W","PROCEED"
"results/formal_experiment/dissertation_formal_v2/runs/seed1_v4/FE05_HYBRID_v4_seed1_real/step_records.csv","dissertation_formal_v2","4","1","HybridLLM","12","12","car3","W_E","FREE"
"results/formal_experiment/dissertation_formal_v2/runs/seed1_v4/FE05_HYBRID_v4_seed1_real/step_records.csv","dissertation_formal_v2","4","1","HybridLLM","13","13","car0","N_S","WAIT"
"results/formal_experiment/dissertation_formal_v2/runs/seed1_v4/FE05_HYBRID_v4_seed1_real/step_records.csv","dissertation_formal_v2","4","1","HybridLLM","13","13","car1","S_N","WAIT"
"results/formal_experiment/dissertation_formal_v2/runs/seed1_v4/FE05_HYBRID_v4_seed1_real/step_records.csv","dissertation_formal_v2","4","1","HybridLLM","13","13","car2","E_W","PROCEED"
"results/formal_experiment/dissertation_formal_v2/runs/seed1_v4/FE05_HYBRID_v4_seed1_real/step_records.csv","dissertation_formal_v2","4","1","HybridLLM","13","13","car3","W_E","PROCEED"
"results/formal_experiment/dissertation_formal_v2/runs/seed1_v4/FE05_HYBRID_v4_seed1_real/step_records.csv","dissertation_formal_v2","4","1","HybridLLM","14","14","car0","N_S","WAIT"
"results/formal_experiment/dissertation_formal_v2/runs/seed1_v4/FE05_HYBRID_v4_seed1_real/step_records.csv","dissertation_formal_v2","4","1","HybridLLM","14","14","car1","S_N","WAIT"
"results/formal_experiment/dissertation_formal_v2/runs/seed1_v4/FE05_HYBRID_v4_seed1_real/step_records.csv","dissertation_formal_v2","4","1","HybridLLM","14","14","car2","E_W","PROCEED"
"results/formal_experiment/dissertation_formal_v2/runs/seed1_v4/FE05_HYBRID_v4_seed1_real/step_records.csv","dissertation_formal_v2","4","1","HybridLLM","14","14","car3","W_E","PROCEED"
"results/formal_experiment/dissertation_formal_v2/runs/seed1_v4/FE05_HYBRID_v4_seed1_real/step_records.csv","dissertation_formal_v2","4","1","HybridLLM","15","15","car0","N_S","WAIT"
"results/formal_experiment/dissertation_formal_v2/runs/seed1_v4/FE05_HYBRID_v4_seed1_real/step_records.csv","dissertation_formal_v2","4","1","HybridLLM","15","15","car1","S_N","WAIT"
"results/formal_experiment/dissertation_formal_v2/runs/seed1_v4/FE05_HYBRID_v4_seed1_real/step_records.csv","dissertation_formal_v2","4","1","HybridLLM","15","15","car2","E_W","PROCEED"
"results/formal_experiment/dissertation_formal_v2/runs/seed1_v4/FE05_HYBRID_v4_seed1_real/step_records.csv","dissertation_formal_v2","4","1","HybridLLM","15","15","car3","W_E","PROCEED"
"results/formal_experiment/dissertation_formal_v2/runs/seed1_v4/FE05_HYBRID_v4_seed1_real/step_records.csv","dissertation_formal_v2","4","1","HybridLLM","16","16","car0","N_S","WAIT"
"results/formal_experiment/dissertation_formal_v2/runs/seed1_v4/FE05_HYBRID_v4_seed1_real/step_records.csv","dissertation_formal_v2","4","1","HybridLLM","16","16","car1","S_N","WAIT"
"results/formal_experiment/dissertation_formal_v2/runs/seed1_v4/FE05_HYBRID_v4_seed1_real/step_records.csv","dissertation_formal_v2","4","1","HybridLLM","16","16","car2","E_W","PROCEED"
"results/formal_experiment/dissertation_formal_v2/runs/seed1_v4/FE05_HYBRID_v4_seed1_real/step_records.csv","dissertation_formal_v2","4","1","HybridLLM","16","16","car3","W_E","PROCEED"
"results/formal_experiment/dissertation_formal_v2/runs/seed1_v4/FE05_HYBRID_v4_seed1_real/step_records.csv","dissertation_formal_v2","4","1","HybridLLM","17","17","car0","N_S","WAIT"
"results/formal_experiment/dissertation_formal_v2/runs/seed1_v4/FE05_HYBRID_v4_seed1_real/step_records.csv","dissertation_formal_v2","4","1","HybridLLM","17","17","car1","S_N","WAIT"
"results/formal_experiment/dissertation_formal_v2/runs/seed1_v4/FE05_HYBRID_v4_seed1_real/step_records.csv","dissertation_formal_v2","4","1","HybridLLM","17","17","car2","E_W","PROCEED"
"results/formal_experiment/dissertation_formal_v2/runs/seed1_v4/FE05_HYBRID_v4_seed1_real/step_records.csv","dissertation_formal_v2","4","1","HybridLLM","17","17","car3","W_E","PROCEED"
"results/formal_experiment/dissertation_formal_v2/runs/seed1_v4/FE05_HYBRID_v4_seed1_real/step_records.csv","dissertation_formal_v2","4","1","HybridLLM","18","18","car0","N_S","WAIT"
"results/formal_experiment/dissertation_formal_v2/runs/seed1_v4/FE05_HYBRID_v4_seed1_real/step_records.csv","dissertation_formal_v2","4","1","HybridLLM","18","18","car1","S_N","WAIT"
"results/formal_experiment/dissertation_formal_v2/runs/seed1_v4/FE05_HYBRID_v4_seed1_real/step_records.csv","dissertation_formal_v2","4","1","HybridLLM","18","18","car2","E_W","PROCEED"
"results/formal_experiment/dissertation_formal_v2/runs/seed1_v4/FE05_HYBRID_v4_seed1_real/step_records.csv","dissertation_formal_v2","4","1","HybridLLM","18","18","car3","W_E","PROCEED"
"results/formal_experiment/dissertation_formal_v2/runs/seed1_v4/FE05_HYBRID_v4_seed1_real/step_records.csv","dissertation_formal_v2","4","1","HybridLLM","19","19","car0","N_S","WAIT"
"results/formal_experiment/dissertation_formal_v2/runs/seed1_v4/FE05_HYBRID_v4_seed1_real/step_records.csv","dissertation_formal_v2","4","1","HybridLLM","19","19","car1","S_N","WAIT"
"results/formal_experiment/dissertation_formal_v2/runs/seed1_v4/FE05_HYBRID_v4_seed1_real/step_records.csv","dissertation_formal_v2","4","1","HybridLLM","19","19","car2","E_W","FREE"
"results/formal_experiment/dissertation_formal_v2/runs/seed1_v4/FE05_HYBRID_v4_seed1_real/step_records.csv","dissertation_formal_v2","4","1","HybridLLM","19","19","car3","W_E","PROCEED"
"results/formal_experiment/dissertation_formal_v2/runs/seed1_v4/FE05_HYBRID_v4_seed1_real/step_records.csv","dissertation_formal_v2","4","1","HybridLLM","20","20","car0","N_S","PROCEED"
"results/formal_experiment/dissertation_formal_v2/runs/seed1_v4/FE05_HYBRID_v4_seed1_real/step_records.csv","dissertation_formal_v2","4","1","HybridLLM","20","20","car1","S_N","PROCEED"
"results/formal_experiment/dissertation_formal_v2/runs/seed1_v4/FE05_HYBRID_v4_seed1_real/step_records.csv","dissertation_formal_v2","4","1","HybridLLM","20","20","car2","E_W","FREE"
"results/formal_experiment/dissertation_formal_v2/runs/seed1_v4/FE05_HYBRID_v4_seed1_real/step_records.csv","dissertation_formal_v2","4","1","HybridLLM","20","20","car3","W_E","FREE"
"results/formal_experiment/dissertation_formal_v2/runs/seed1_v4/FE05_HYBRID_v4_seed1_real/step_records.csv","dissertation_formal_v2","4","1","HybridLLM","21","21","car0","N_S","PROCEED"
"results/formal_experiment/dissertation_formal_v2/runs/seed1_v4/FE05_HYBRID_v4_seed1_real/step_records.csv","dissertation_formal_v2","4","1","HybridLLM","21","21","car1","S_N","PROCEED"
"results/formal_experiment/dissertation_formal_v2/runs/seed1_v4/FE05_HYBRID_v4_seed1_real/step_records.csv","dissertation_formal_v2","4","1","HybridLLM","21","21","car2","E_W","FREE"
"results/formal_experiment/dissertation_formal_v2/runs/seed1_v4/FE05_HYBRID_v4_seed1_real/step_records.csv","dissertation_formal_v2","4","1","HybridLLM","21","21","car3","W_E","FREE"
"results/formal_experiment/dissertation_formal_v2/runs/seed1_v4/FE05_HYBRID_v4_seed1_real/step_records.csv","dissertation_formal_v2","4","1","HybridLLM","22","22","car0","N_S","PROCEED"
"results/formal_experiment/dissertation_formal_v2/runs/seed1_v4/FE05_HYBRID_v4_seed1_real/step_records.csv","dissertation_formal_v2","4","1","HybridLLM","22","22","car1","S_N","PROCEED"
"results/formal_experiment/dissertation_formal_v2/runs/seed1_v4/FE05_HYBRID_v4_seed1_real/step_records.csv","dissertation_formal_v2","4","1","HybridLLM","22","22","car2","E_W","FREE"
"results/formal_experiment/dissertation_formal_v2/runs/seed1_v4/FE05_HYBRID_v4_seed1_real/step_records.csv","dissertation_formal_v2","4","1","HybridLLM","22","22","car3","W_E","FREE"
"results/formal_experiment/dissertation_formal_v2/runs/seed1_v4/FE05_HYBRID_v4_seed1_real/step_records.csv","dissertation_formal_v2","4","1","HybridLLM","23","23","car0","N_S","PROCEED"
"results/formal_experiment/dissertation_formal_v2/runs/seed1_v4/FE05_HYBRID_v4_seed1_real/step_records.csv","dissertation_formal_v2","4","1","HybridLLM","23","23","car1","S_N","PROCEED"
"results/formal_experiment/dissertation_formal_v2/runs/seed1_v4/FE05_HYBRID_v4_seed1_real/step_records.csv","dissertation_formal_v2","4","1","HybridLLM","23","23","car2","E_W","FREE"
"results/formal_experiment/dissertation_formal_v2/runs/seed1_v4/FE05_HYBRID_v4_seed1_real/step_records.csv","dissertation_formal_v2","4","1","HybridLLM","23","23","car3","W_E","FREE"
"results/formal_experiment/dissertation_formal_v2/runs/seed1_v4/FE05_HYBRID_v4_seed1_real/step_records.csv","dissertation_formal_v2","4","1","HybridLLM","24","24","car0","N_S","PROCEED"
"results/formal_experiment/dissertation_formal_v2/runs/seed1_v4/FE05_HYBRID_v4_seed1_real/step_records.csv","dissertation_formal_v2","4","1","HybridLLM","24","24","car1","S_N","PROCEED"
"results/formal_experiment/dissertation_formal_v2/runs/seed1_v4/FE05_HYBRID_v4_seed1_real/step_records.csv","dissertation_formal_v2","4","1","HybridLLM","24","24","car2","E_W","FREE"
"results/formal_experiment/dissertation_formal_v2/runs/seed1_v4/FE05_HYBRID_v4_seed1_real/step_records.csv","dissertation_formal_v2","4","1","HybridLLM","24","24","car3","W_E","FREE"
"results/formal_experiment/dissertation_formal_v2/runs/seed1_v4/FE05_HYBRID_v4_seed1_real/step_records.csv","dissertation_formal_v2","4","1","HybridLLM","25","25","car0","N_S","PROCEED"
"results/formal_experiment/dissertation_formal_v2/runs/seed1_v4/FE05_HYBRID_v4_seed1_real/step_records.csv","dissertation_formal_v2","4","1","HybridLLM","25","25","car1","S_N","PROCEED"
"results/formal_experiment/dissertation_formal_v2/runs/seed1_v4/FE05_HYBRID_v4_seed1_real/step_records.csv","dissertation_formal_v2","4","1","HybridLLM","25","25","car2","E_W","FREE"
"results/formal_experiment/dissertation_formal_v2/runs/seed1_v4/FE05_HYBRID_v4_seed1_real/step_records.csv","dissertation_formal_v2","4","1","HybridLLM","25","25","car3","W_E","FREE"
"results/formal_experiment/dissertation_formal_v2/runs/seed1_v4/FE05_HYBRID_v4_seed1_real/step_records.csv","dissertation_formal_v2","4","1","HybridLLM","26","26","car0","N_S","PROCEED"
"results/formal_experiment/dissertation_formal_v2/runs/seed1_v4/FE05_HYBRID_v4_seed1_real/step_records.csv","dissertation_formal_v2","4","1","HybridLLM","26","26","car1","S_N","PROCEED"
"results/formal_experiment/dissertation_formal_v2/runs/seed1_v4/FE05_HYBRID_v4_seed1_real/step_records.csv","dissertation_formal_v2","4","1","HybridLLM","26","26","car3","W_E","FREE"
"results/formal_experiment/dissertation_formal_v2/runs/seed1_v4/FE05_HYBRID_v4_seed1_real/step_records.csv","dissertation_formal_v2","4","1","HybridLLM","27","27","car0","N_S","PROCEED"
"results/formal_experiment/dissertation_formal_v2/runs/seed1_v4/FE05_HYBRID_v4_seed1_real/step_records.csv","dissertation_formal_v2","4","1","HybridLLM","27","27","car1","S_N","PROCEED"
"results/formal_experiment/dissertation_formal_v2/runs/seed1_v4/FE05_HYBRID_v4_seed1_real/step_records.csv","dissertation_formal_v2","4","1","HybridLLM","27","27","car3","W_E","FREE"
"results/formal_experiment/dissertation_formal_v2/runs/seed1_v4/FE05_HYBRID_v4_seed1_real/step_records.csv","dissertation_formal_v2","4","1","HybridLLM","28","28","car0","N_S","PROCEED"
"results/formal_experiment/dissertation_formal_v2/runs/seed1_v4/FE05_HYBRID_v4_seed1_real/step_records.csv","dissertation_formal_v2","4","1","HybridLLM","28","28","car1","S_N","PROCEED"
"results/formal_experiment/dissertation_formal_v2/runs/seed1_v4/FE05_HYBRID_v4_seed1_real/step_records.csv","dissertation_formal_v2","4","1","HybridLLM","29","29","car0","N_S","PROCEED"
"results/formal_experiment/dissertation_formal_v2/runs/seed1_v4/FE05_HYBRID_v4_seed1_real/step_records.csv","dissertation_formal_v2","4","1","HybridLLM","29","29","car1","S_N","PROCEED"
"results/formal_experiment/dissertation_formal_v2/runs/seed1_v4/FE05_HYBRID_v4_seed1_real/step_records.csv","dissertation_formal_v2","4","1","HybridLLM","30","30","car0","N_S","PROCEED"
"results/formal_experiment/dissertation_formal_v2/runs/seed1_v4/FE05_HYBRID_v4_seed1_real/step_records.csv","dissertation_formal_v2","4","1","HybridLLM","30","30","car1","S_N","PROCEED"
"results/formal_experiment/dissertation_formal_v2/runs/seed1_v4/FE05_HYBRID_v4_seed1_real/step_records.csv","dissertation_formal_v2","4","1","HybridLLM","31","31","car0","N_S","PROCEED"
"results/formal_experiment/dissertation_formal_v2/runs/seed1_v4/FE05_HYBRID_v4_seed1_real/step_records.csv","dissertation_formal_v2","4","1","HybridLLM","31","31","car1","S_N","PROCEED"
"results/formal_experiment/dissertation_formal_v2/runs/seed1_v4/FE05_HYBRID_v4_seed1_real/step_records.csv","dissertation_formal_v2","4","1","HybridLLM","32","32","car0","N_S","PROCEED"
"results/formal_experiment/dissertation_formal_v2/runs/seed1_v4/FE05_HYBRID_v4_seed1_real/step_records.csv","dissertation_formal_v2","4","1","HybridLLM","32","32","car1","S_N","PROCEED"
"results/formal_experiment/dissertation_formal_v2/runs/seed1_v4/FE05_HYBRID_v4_seed1_real/step_records.csv","dissertation_formal_v2","4","1","HybridLLM","33","33","car0","N_S","PROCEED"
"results/formal_experiment/dissertation_formal_v2/runs/seed1_v4/FE05_HYBRID_v4_seed1_real/step_records.csv","dissertation_formal_v2","4","1","HybridLLM","33","33","car1","S_N","PROCEED"
"results/formal_experiment/dissertation_formal_v2/runs/seed1_v4/FE05_HYBRID_v4_seed1_real/step_records.csv","dissertation_formal_v2","4","1","HybridLLM","34","34","car0","N_S","PROCEED"
"results/formal_experiment/dissertation_formal_v2/runs/seed1_v4/FE05_HYBRID_v4_seed1_real/step_records.csv","dissertation_formal_v2","4","1","HybridLLM","34","34","car1","S_N","PROCEED"
"results/formal_experiment/dissertation_formal_v2/runs/seed1_v4/FE05_HYBRID_v4_seed1_real/step_records.csv","dissertation_formal_v2","4","1","HybridLLM","35","35","car0","N_S","PROCEED"
"results/formal_experiment/dissertation_formal_v2/runs/seed1_v4/FE05_HYBRID_v4_seed1_real/step_records.csv","dissertation_formal_v2","4","1","HybridLLM","35","35","car1","S_N","PROCEED"
"results/formal_experiment/dissertation_formal_v2/runs/seed1_v4/FE05_HYBRID_v4_seed1_real/step_records.csv","dissertation_formal_v2","4","1","HybridLLM","36","36","car0","N_S","PROCEED"
"results/formal_experiment/dissertation_formal_v2/runs/seed1_v4/FE05_HYBRID_v4_seed1_real/step_records.csv","dissertation_formal_v2","4","1","HybridLLM","36","36","car1","S_N","PROCEED"
"results/formal_experiment/dissertation_formal_v2/runs/seed1_v4/FE05_HYBRID_v4_seed1_real/step_records.csv","dissertation_formal_v2","4","1","HybridLLM","37","37","car0","N_S","PROCEED"
"results/formal_experiment/dissertation_formal_v2/runs/seed1_v4/FE05_HYBRID_v4_seed1_real/step_records.csv","dissertation_formal_v2","4","1","HybridLLM","37","37","car1","S_N","PROCEED"
"results/formal_experiment/dissertation_formal_v2/runs/seed1_v4/FE05_HYBRID_v4_seed1_real/step_records.csv","dissertation_formal_v2","4","1","HybridLLM","38","38","car0","N_S","PROCEED"
"results/formal_experiment/dissertation_formal_v2/runs/seed1_v4/FE05_HYBRID_v4_seed1_real/step_records.csv","dissertation_formal_v2","4","1","HybridLLM","38","38","car1","S_N","PROCEED"
"results/formal_experiment/dissertation_formal_v2/runs/seed1_v4/FE05_HYBRID_v4_seed1_real/step_records.csv","dissertation_formal_v2","4","1","HybridLLM","39","39","car0","N_S","PROCEED"
"results/formal_experiment/dissertation_formal_v2/runs/seed1_v4/FE05_HYBRID_v4_seed1_real/step_records.csv","dissertation_formal_v2","4","1","HybridLLM","39","39","car1","S_N","PROCEED"
"results/formal_experiment/dissertation_formal_v2/runs/seed1_v4/FE05_HYBRID_v4_seed1_real/step_records.csv","dissertation_formal_v2","4","1","HybridLLM","40","40","car0","N_S","PROCEED"
"results/formal_experiment/dissertation_formal_v2/runs/seed1_v4/FE05_HYBRID_v4_seed1_real/step_records.csv","dissertation_formal_v2","4","1","HybridLLM","40","40","car1","S_N","PROCEED"
"results/formal_experiment/dissertation_formal_v2/runs/seed1_v4/FE05_HYBRID_v4_seed1_real/step_records.csv","dissertation_formal_v2","4","1","HybridLLM","41","41","car0","N_S","PROCEED"
"results/formal_experiment/dissertation_formal_v2/runs/seed1_v4/FE05_HYBRID_v4_seed1_real/step_records.csv","dissertation_formal_v2","4","1","HybridLLM","41","41","car1","S_N","PROCEED"
"results/formal_experiment/dissertation_formal_v2/runs/seed1_v4/FE05_HYBRID_v4_seed1_real/step_records.csv","dissertation_formal_v2","4","1","HybridLLM","42","42","car0","N_S","PROCEED"
"results/formal_experiment/dissertation_formal_v2/runs/seed1_v4/FE05_HYBRID_v4_seed1_real/step_records.csv","dissertation_formal_v2","4","1","HybridLLM","42","42","car1","S_N","PROCEED"
"results/formal_experiment/dissertation_formal_v2/runs/seed1_v4/FE05_HYBRID_v4_seed1_real/step_records.csv","dissertation_formal_v2","4","1","HybridLLM","43","43","car0","N_S","PROCEED"
"results/formal_experiment/dissertation_formal_v2/runs/seed1_v4/FE05_HYBRID_v4_seed1_real/step_records.csv","dissertation_formal_v2","4","1","HybridLLM","43","43","car1","S_N","PROCEED"
"results/formal_experiment/dissertation_formal_v2/runs/seed1_v4/FE05_HYBRID_v4_seed1_real/step_records.csv","dissertation_formal_v2","4","1","HybridLLM","44","44","car0","N_S","PROCEED"
"results/formal_experiment/dissertation_formal_v2/runs/seed1_v4/FE05_HYBRID_v4_seed1_real/step_records.csv","dissertation_formal_v2","4","1","HybridLLM","44","44","car1","S_N","PROCEED"
"results/formal_experiment/dissertation_formal_v2/runs/seed1_v4/FE05_HYBRID_v4_seed1_real/step_records.csv","dissertation_formal_v2","4","1","HybridLLM","45","45","car0","N_S","PROCEED"
"results/formal_experiment/dissertation_formal_v2/runs/seed1_v4/FE05_HYBRID_v4_seed1_real/step_records.csv","dissertation_formal_v2","4","1","HybridLLM","45","45","car1","S_N","PROCEED"
"results/formal_experiment/dissertation_formal_v2/runs/seed1_v4/FE05_HYBRID_v4_seed1_real/step_records.csv","dissertation_formal_v2","4","1","HybridLLM","46","46","car0","N_S","PROCEED"
"results/formal_experiment/dissertation_formal_v2/runs/seed1_v4/FE05_HYBRID_v4_seed1_real/step_records.csv","dissertation_formal_v2","4","1","HybridLLM","46","46","car1","S_N","PROCEED"
"results/formal_experiment/dissertation_formal_v2/runs/seed1_v4/FE05_HYBRID_v4_seed1_real/step_records.csv","dissertation_formal_v2","4","1","HybridLLM","47","47","car0","N_S","PROCEED"
"results/formal_experiment/dissertation_formal_v2/runs/seed1_v4/FE05_HYBRID_v4_seed1_real/step_records.csv","dissertation_formal_v2","4","1","HybridLLM","47","47","car1","S_N","PROCEED"
"results/formal_experiment/dissertation_formal_v2/runs/seed1_v4/FE05_HYBRID_v4_seed1_real/step_records.csv","dissertation_formal_v2","4","1","HybridLLM","48","48","car0","N_S","FREE"
"results/formal_experiment/dissertation_formal_v2/runs/seed1_v4/FE05_HYBRID_v4_seed1_real/step_records.csv","dissertation_formal_v2","4","1","HybridLLM","48","48","car1","S_N","FREE"
"results/formal_experiment/dissertation_formal_v2/runs/seed1_v4/FE05_HYBRID_v4_seed1_real/step_records.csv","dissertation_formal_v2","4","1","HybridLLM","49","49","car0","N_S","FREE"
"results/formal_experiment/dissertation_formal_v2/runs/seed1_v4/FE05_HYBRID_v4_seed1_real/step_records.csv","dissertation_formal_v2","4","1","HybridLLM","49","49","car1","S_N","FREE"
"results/formal_experiment/dissertation_formal_v2/runs/seed1_v4/FE05_HYBRID_v4_seed1_real/step_records.csv","dissertation_formal_v2","4","1","HybridLLM","50","50","car0","N_S","FREE"
"results/formal_experiment/dissertation_formal_v2/runs/seed1_v4/FE05_HYBRID_v4_seed1_real/step_records.csv","dissertation_formal_v2","4","1","HybridLLM","50","50","car1","S_N","FREE"
"results/formal_experiment/dissertation_formal_v2/runs/seed1_v4/FE05_HYBRID_v4_seed1_real/step_records.csv","dissertation_formal_v2","4","1","HybridLLM","51","51","car0","N_S","FREE"
"results/formal_experiment/dissertation_formal_v2/runs/seed1_v4/FE05_HYBRID_v4_seed1_real/step_records.csv","dissertation_formal_v2","4","1","HybridLLM","51","51","car1","S_N","FREE"
"results/formal_experiment/dissertation_formal_v2/runs/seed1_v4/FE05_HYBRID_v4_seed1_real/step_records.csv","dissertation_formal_v2","4","1","HybridLLM","52","52","car0","N_S","FREE"
"results/formal_experiment/dissertation_formal_v2/runs/seed1_v4/FE05_HYBRID_v4_seed1_real/step_records.csv","dissertation_formal_v2","4","1","HybridLLM","52","52","car1","S_N","FREE"
"results/formal_experiment/dissertation_formal_v2/runs/seed1_v4/FE06_HYBRID_SAFETY_v4_seed1_real/step_records.csv","dissertation_formal_v2","4","1","HybridLLMSafety","0","0","car0","N_S","FREE"
"results/formal_experiment/dissertation_formal_v2/runs/seed1_v4/FE06_HYBRID_SAFETY_v4_seed1_real/step_records.csv","dissertation_formal_v2","4","1","HybridLLMSafety","1","1","car0","N_S","FREE"
"results/formal_experiment/dissertation_formal_v2/runs/seed1_v4/FE06_HYBRID_SAFETY_v4_seed1_real/step_records.csv","dissertation_formal_v2","4","1","HybridLLMSafety","2","2","car0","N_S","FREE"
"results/formal_experiment/dissertation_formal_v2/runs/seed1_v4/FE06_HYBRID_SAFETY_v4_seed1_real/step_records.csv","dissertation_formal_v2","4","1","HybridLLMSafety","2","2","car1","S_N","FREE"
"results/formal_experiment/dissertation_formal_v2/runs/seed1_v4/FE06_HYBRID_SAFETY_v4_seed1_real/step_records.csv","dissertation_formal_v2","4","1","HybridLLMSafety","3","3","car0","N_S","FREE"
"results/formal_experiment/dissertation_formal_v2/runs/seed1_v4/FE06_HYBRID_SAFETY_v4_seed1_real/step_records.csv","dissertation_formal_v2","4","1","HybridLLMSafety","3","3","car1","S_N","FREE"
"results/formal_experiment/dissertation_formal_v2/runs/seed1_v4/FE06_HYBRID_SAFETY_v4_seed1_real/step_records.csv","dissertation_formal_v2","4","1","HybridLLMSafety","4","4","car0","N_S","FREE"
"results/formal_experiment/dissertation_formal_v2/runs/seed1_v4/FE06_HYBRID_SAFETY_v4_seed1_real/step_records.csv","dissertation_formal_v2","4","1","HybridLLMSafety","4","4","car1","S_N","FREE"
"results/formal_experiment/dissertation_formal_v2/runs/seed1_v4/FE06_HYBRID_SAFETY_v4_seed1_real/step_records.csv","dissertation_formal_v2","4","1","HybridLLMSafety","4","4","car2","E_W","FREE"
"results/formal_experiment/dissertation_formal_v2/runs/seed1_v4/FE06_HYBRID_SAFETY_v4_seed1_real/step_records.csv","dissertation_formal_v2","4","1","HybridLLMSafety","5","5","car0","N_S","PROCEED"
"results/formal_experiment/dissertation_formal_v2/runs/seed1_v4/FE06_HYBRID_SAFETY_v4_seed1_real/step_records.csv","dissertation_formal_v2","4","1","HybridLLMSafety","5","5","car1","S_N","FREE"
"results/formal_experiment/dissertation_formal_v2/runs/seed1_v4/FE06_HYBRID_SAFETY_v4_seed1_real/step_records.csv","dissertation_formal_v2","4","1","HybridLLMSafety","5","5","car2","E_W","FREE"
"results/formal_experiment/dissertation_formal_v2/runs/seed1_v4/FE06_HYBRID_SAFETY_v4_seed1_real/step_records.csv","dissertation_formal_v2","4","1","HybridLLMSafety","6","6","car0","N_S","PROCEED"
"results/formal_experiment/dissertation_formal_v2/runs/seed1_v4/FE06_HYBRID_SAFETY_v4_seed1_real/step_records.csv","dissertation_formal_v2","4","1","HybridLLMSafety","6","6","car1","S_N","FREE"
"results/formal_experiment/dissertation_formal_v2/runs/seed1_v4/FE06_HYBRID_SAFETY_v4_seed1_real/step_records.csv","dissertation_formal_v2","4","1","HybridLLMSafety","6","6","car2","E_W","FREE"
"results/formal_experiment/dissertation_formal_v2/runs/seed1_v4/FE06_HYBRID_SAFETY_v4_seed1_real/step_records.csv","dissertation_formal_v2","4","1","HybridLLMSafety","6","6","car3","W_E","FREE"
"results/formal_experiment/dissertation_formal_v2/runs/seed1_v4/FE06_HYBRID_SAFETY_v4_seed1_real/step_records.csv","dissertation_formal_v2","4","1","HybridLLMSafety","7","7","car0","N_S","PROCEED"
"results/formal_experiment/dissertation_formal_v2/runs/seed1_v4/FE06_HYBRID_SAFETY_v4_seed1_real/step_records.csv","dissertation_formal_v2","4","1","HybridLLMSafety","7","7","car1","S_N","FREE"
"results/formal_experiment/dissertation_formal_v2/runs/seed1_v4/FE06_HYBRID_SAFETY_v4_seed1_real/step_records.csv","dissertation_formal_v2","4","1","HybridLLMSafety","7","7","car2","E_W","FREE"
"results/formal_experiment/dissertation_formal_v2/runs/seed1_v4/FE06_HYBRID_SAFETY_v4_seed1_real/step_records.csv","dissertation_formal_v2","4","1","HybridLLMSafety","7","7","car3","W_E","FREE"
"results/formal_experiment/dissertation_formal_v2/runs/seed1_v4/FE06_HYBRID_SAFETY_v4_seed1_real/step_records.csv","dissertation_formal_v2","4","1","HybridLLMSafety","8","8","car0","N_S","PROCEED"
"results/formal_experiment/dissertation_formal_v2/runs/seed1_v4/FE06_HYBRID_SAFETY_v4_seed1_real/step_records.csv","dissertation_formal_v2","4","1","HybridLLMSafety","8","8","car1","S_N","PROCEED"
"results/formal_experiment/dissertation_formal_v2/runs/seed1_v4/FE06_HYBRID_SAFETY_v4_seed1_real/step_records.csv","dissertation_formal_v2","4","1","HybridLLMSafety","8","8","car2","E_W","FREE"
"results/formal_experiment/dissertation_formal_v2/runs/seed1_v4/FE06_HYBRID_SAFETY_v4_seed1_real/step_records.csv","dissertation_formal_v2","4","1","HybridLLMSafety","8","8","car3","W_E","FREE"
"results/formal_experiment/dissertation_formal_v2/runs/seed1_v4/FE06_HYBRID_SAFETY_v4_seed1_real/step_records.csv","dissertation_formal_v2","4","1","HybridLLMSafety","9","9","car0","N_S","PROCEED"
"results/formal_experiment/dissertation_formal_v2/runs/seed1_v4/FE06_HYBRID_SAFETY_v4_seed1_real/step_records.csv","dissertation_formal_v2","4","1","HybridLLMSafety","9","9","car1","S_N","PROCEED"
"results/formal_experiment/dissertation_formal_v2/runs/seed1_v4/FE06_HYBRID_SAFETY_v4_seed1_real/step_records.csv","dissertation_formal_v2","4","1","HybridLLMSafety","9","9","car2","E_W","FREE"
"results/formal_experiment/dissertation_formal_v2/runs/seed1_v4/FE06_HYBRID_SAFETY_v4_seed1_real/step_records.csv","dissertation_formal_v2","4","1","HybridLLMSafety","9","9","car3","W_E","FREE"
"results/formal_experiment/dissertation_formal_v2/runs/seed1_v4/FE06_HYBRID_SAFETY_v4_seed1_real/step_records.csv","dissertation_formal_v2","4","1","HybridLLMSafety","10","10","car0","N_S","PROCEED"
"results/formal_experiment/dissertation_formal_v2/runs/seed1_v4/FE06_HYBRID_SAFETY_v4_seed1_real/step_records.csv","dissertation_formal_v2","4","1","HybridLLMSafety","10","10","car1","S_N","PROCEED"
"results/formal_experiment/dissertation_formal_v2/runs/seed1_v4/FE06_HYBRID_SAFETY_v4_seed1_real/step_records.csv","dissertation_formal_v2","4","1","HybridLLMSafety","10","10","car2","E_W","FREE"
"results/formal_experiment/dissertation_formal_v2/runs/seed1_v4/FE06_HYBRID_SAFETY_v4_seed1_real/step_records.csv","dissertation_formal_v2","4","1","HybridLLMSafety","10","10","car3","W_E","FREE"
"results/formal_experiment/dissertation_formal_v2/runs/seed1_v4/FE06_HYBRID_SAFETY_v4_seed1_real/step_records.csv","dissertation_formal_v2","4","1","HybridLLMSafety","11","11","car0","N_S","PROCEED"
"results/formal_experiment/dissertation_formal_v2/runs/seed1_v4/FE06_HYBRID_SAFETY_v4_seed1_real/step_records.csv","dissertation_formal_v2","4","1","HybridLLMSafety","11","11","car1","S_N","PROCEED"
"results/formal_experiment/dissertation_formal_v2/runs/seed1_v4/FE06_HYBRID_SAFETY_v4_seed1_real/step_records.csv","dissertation_formal_v2","4","1","HybridLLMSafety","11","11","car2","E_W","FREE"
"results/formal_experiment/dissertation_formal_v2/runs/seed1_v4/FE06_HYBRID_SAFETY_v4_seed1_real/step_records.csv","dissertation_formal_v2","4","1","HybridLLMSafety","11","11","car3","W_E","FREE"
"results/formal_experiment/dissertation_formal_v2/runs/seed1_v4/FE06_HYBRID_SAFETY_v4_seed1_real/step_records.csv","dissertation_formal_v2","4","1","HybridLLMSafety","12","12","car0","N_S","WAIT"
"results/formal_experiment/dissertation_formal_v2/runs/seed1_v4/FE06_HYBRID_SAFETY_v4_seed1_real/step_records.csv","dissertation_formal_v2","4","1","HybridLLMSafety","12","12","car1","S_N","WAIT"
"results/formal_experiment/dissertation_formal_v2/runs/seed1_v4/FE06_HYBRID_SAFETY_v4_seed1_real/step_records.csv","dissertation_formal_v2","4","1","HybridLLMSafety","12","12","car2","E_W","PROCEED"
"results/formal_experiment/dissertation_formal_v2/runs/seed1_v4/FE06_HYBRID_SAFETY_v4_seed1_real/step_records.csv","dissertation_formal_v2","4","1","HybridLLMSafety","12","12","car3","W_E","FREE"
"results/formal_experiment/dissertation_formal_v2/runs/seed1_v4/FE06_HYBRID_SAFETY_v4_seed1_real/step_records.csv","dissertation_formal_v2","4","1","HybridLLMSafety","13","13","car0","N_S","WAIT"
"results/formal_experiment/dissertation_formal_v2/runs/seed1_v4/FE06_HYBRID_SAFETY_v4_seed1_real/step_records.csv","dissertation_formal_v2","4","1","HybridLLMSafety","13","13","car1","S_N","WAIT"
"results/formal_experiment/dissertation_formal_v2/runs/seed1_v4/FE06_HYBRID_SAFETY_v4_seed1_real/step_records.csv","dissertation_formal_v2","4","1","HybridLLMSafety","13","13","car2","E_W","PROCEED"
"results/formal_experiment/dissertation_formal_v2/runs/seed1_v4/FE06_HYBRID_SAFETY_v4_seed1_real/step_records.csv","dissertation_formal_v2","4","1","HybridLLMSafety","13","13","car3","W_E","PROCEED"
"results/formal_experiment/dissertation_formal_v2/runs/seed1_v4/FE06_HYBRID_SAFETY_v4_seed1_real/step_records.csv","dissertation_formal_v2","4","1","HybridLLMSafety","14","14","car0","N_S","WAIT"
"results/formal_experiment/dissertation_formal_v2/runs/seed1_v4/FE06_HYBRID_SAFETY_v4_seed1_real/step_records.csv","dissertation_formal_v2","4","1","HybridLLMSafety","14","14","car1","S_N","WAIT"
"results/formal_experiment/dissertation_formal_v2/runs/seed1_v4/FE06_HYBRID_SAFETY_v4_seed1_real/step_records.csv","dissertation_formal_v2","4","1","HybridLLMSafety","14","14","car2","E_W","PROCEED"
"results/formal_experiment/dissertation_formal_v2/runs/seed1_v4/FE06_HYBRID_SAFETY_v4_seed1_real/step_records.csv","dissertation_formal_v2","4","1","HybridLLMSafety","14","14","car3","W_E","PROCEED"
"results/formal_experiment/dissertation_formal_v2/runs/seed1_v4/FE06_HYBRID_SAFETY_v4_seed1_real/step_records.csv","dissertation_formal_v2","4","1","HybridLLMSafety","15","15","car0","N_S","WAIT"
"results/formal_experiment/dissertation_formal_v2/runs/seed1_v4/FE06_HYBRID_SAFETY_v4_seed1_real/step_records.csv","dissertation_formal_v2","4","1","HybridLLMSafety","15","15","car1","S_N","WAIT"
"results/formal_experiment/dissertation_formal_v2/runs/seed1_v4/FE06_HYBRID_SAFETY_v4_seed1_real/step_records.csv","dissertation_formal_v2","4","1","HybridLLMSafety","15","15","car2","E_W","PROCEED"
"results/formal_experiment/dissertation_formal_v2/runs/seed1_v4/FE06_HYBRID_SAFETY_v4_seed1_real/step_records.csv","dissertation_formal_v2","4","1","HybridLLMSafety","15","15","car3","W_E","PROCEED"
"results/formal_experiment/dissertation_formal_v2/runs/seed1_v4/FE06_HYBRID_SAFETY_v4_seed1_real/step_records.csv","dissertation_formal_v2","4","1","HybridLLMSafety","16","16","car0","N_S","WAIT"
"results/formal_experiment/dissertation_formal_v2/runs/seed1_v4/FE06_HYBRID_SAFETY_v4_seed1_real/step_records.csv","dissertation_formal_v2","4","1","HybridLLMSafety","16","16","car1","S_N","WAIT"
"results/formal_experiment/dissertation_formal_v2/runs/seed1_v4/FE06_HYBRID_SAFETY_v4_seed1_real/step_records.csv","dissertation_formal_v2","4","1","HybridLLMSafety","16","16","car2","E_W","PROCEED"
"results/formal_experiment/dissertation_formal_v2/runs/seed1_v4/FE06_HYBRID_SAFETY_v4_seed1_real/step_records.csv","dissertation_formal_v2","4","1","HybridLLMSafety","16","16","car3","W_E","PROCEED"
"results/formal_experiment/dissertation_formal_v2/runs/seed1_v4/FE06_HYBRID_SAFETY_v4_seed1_real/step_records.csv","dissertation_formal_v2","4","1","HybridLLMSafety","17","17","car0","N_S","WAIT"
"results/formal_experiment/dissertation_formal_v2/runs/seed1_v4/FE06_HYBRID_SAFETY_v4_seed1_real/step_records.csv","dissertation_formal_v2","4","1","HybridLLMSafety","17","17","car1","S_N","WAIT"
"results/formal_experiment/dissertation_formal_v2/runs/seed1_v4/FE06_HYBRID_SAFETY_v4_seed1_real/step_records.csv","dissertation_formal_v2","4","1","HybridLLMSafety","17","17","car2","E_W","PROCEED"
"results/formal_experiment/dissertation_formal_v2/runs/seed1_v4/FE06_HYBRID_SAFETY_v4_seed1_real/step_records.csv","dissertation_formal_v2","4","1","HybridLLMSafety","17","17","car3","W_E","PROCEED"
"results/formal_experiment/dissertation_formal_v2/runs/seed1_v4/FE06_HYBRID_SAFETY_v4_seed1_real/step_records.csv","dissertation_formal_v2","4","1","HybridLLMSafety","18","18","car0","N_S","WAIT"
"results/formal_experiment/dissertation_formal_v2/runs/seed1_v4/FE06_HYBRID_SAFETY_v4_seed1_real/step_records.csv","dissertation_formal_v2","4","1","HybridLLMSafety","18","18","car1","S_N","WAIT"
"results/formal_experiment/dissertation_formal_v2/runs/seed1_v4/FE06_HYBRID_SAFETY_v4_seed1_real/step_records.csv","dissertation_formal_v2","4","1","HybridLLMSafety","18","18","car2","E_W","PROCEED"
"results/formal_experiment/dissertation_formal_v2/runs/seed1_v4/FE06_HYBRID_SAFETY_v4_seed1_real/step_records.csv","dissertation_formal_v2","4","1","HybridLLMSafety","18","18","car3","W_E","PROCEED"
"results/formal_experiment/dissertation_formal_v2/runs/seed1_v4/FE06_HYBRID_SAFETY_v4_seed1_real/step_records.csv","dissertation_formal_v2","4","1","HybridLLMSafety","19","19","car0","N_S","WAIT"
"results/formal_experiment/dissertation_formal_v2/runs/seed1_v4/FE06_HYBRID_SAFETY_v4_seed1_real/step_records.csv","dissertation_formal_v2","4","1","HybridLLMSafety","19","19","car1","S_N","WAIT"
"results/formal_experiment/dissertation_formal_v2/runs/seed1_v4/FE06_HYBRID_SAFETY_v4_seed1_real/step_records.csv","dissertation_formal_v2","4","1","HybridLLMSafety","19","19","car2","E_W","FREE"
"results/formal_experiment/dissertation_formal_v2/runs/seed1_v4/FE06_HYBRID_SAFETY_v4_seed1_real/step_records.csv","dissertation_formal_v2","4","1","HybridLLMSafety","19","19","car3","W_E","PROCEED"
"results/formal_experiment/dissertation_formal_v2/runs/seed1_v4/FE06_HYBRID_SAFETY_v4_seed1_real/step_records.csv","dissertation_formal_v2","4","1","HybridLLMSafety","20","20","car0","N_S","PROCEED"
"results/formal_experiment/dissertation_formal_v2/runs/seed1_v4/FE06_HYBRID_SAFETY_v4_seed1_real/step_records.csv","dissertation_formal_v2","4","1","HybridLLMSafety","20","20","car1","S_N","PROCEED"
"results/formal_experiment/dissertation_formal_v2/runs/seed1_v4/FE06_HYBRID_SAFETY_v4_seed1_real/step_records.csv","dissertation_formal_v2","4","1","HybridLLMSafety","20","20","car2","E_W","FREE"
"results/formal_experiment/dissertation_formal_v2/runs/seed1_v4/FE06_HYBRID_SAFETY_v4_seed1_real/step_records.csv","dissertation_formal_v2","4","1","HybridLLMSafety","20","20","car3","W_E","FREE"
"results/formal_experiment/dissertation_formal_v2/runs/seed1_v4/FE06_HYBRID_SAFETY_v4_seed1_real/step_records.csv","dissertation_formal_v2","4","1","HybridLLMSafety","21","21","car0","N_S","PROCEED"
"results/formal_experiment/dissertation_formal_v2/runs/seed1_v4/FE06_HYBRID_SAFETY_v4_seed1_real/step_records.csv","dissertation_formal_v2","4","1","HybridLLMSafety","21","21","car1","S_N","PROCEED"
"results/formal_experiment/dissertation_formal_v2/runs/seed1_v4/FE06_HYBRID_SAFETY_v4_seed1_real/step_records.csv","dissertation_formal_v2","4","1","HybridLLMSafety","21","21","car2","E_W","FREE"
"results/formal_experiment/dissertation_formal_v2/runs/seed1_v4/FE06_HYBRID_SAFETY_v4_seed1_real/step_records.csv","dissertation_formal_v2","4","1","HybridLLMSafety","21","21","car3","W_E","FREE"
"results/formal_experiment/dissertation_formal_v2/runs/seed1_v4/FE06_HYBRID_SAFETY_v4_seed1_real/step_records.csv","dissertation_formal_v2","4","1","HybridLLMSafety","22","22","car0","N_S","PROCEED"
"results/formal_experiment/dissertation_formal_v2/runs/seed1_v4/FE06_HYBRID_SAFETY_v4_seed1_real/step_records.csv","dissertation_formal_v2","4","1","HybridLLMSafety","22","22","car1","S_N","PROCEED"
"results/formal_experiment/dissertation_formal_v2/runs/seed1_v4/FE06_HYBRID_SAFETY_v4_seed1_real/step_records.csv","dissertation_formal_v2","4","1","HybridLLMSafety","22","22","car2","E_W","FREE"
"results/formal_experiment/dissertation_formal_v2/runs/seed1_v4/FE06_HYBRID_SAFETY_v4_seed1_real/step_records.csv","dissertation_formal_v2","4","1","HybridLLMSafety","22","22","car3","W_E","FREE"
"results/formal_experiment/dissertation_formal_v2/runs/seed1_v4/FE06_HYBRID_SAFETY_v4_seed1_real/step_records.csv","dissertation_formal_v2","4","1","HybridLLMSafety","23","23","car0","N_S","PROCEED"
"results/formal_experiment/dissertation_formal_v2/runs/seed1_v4/FE06_HYBRID_SAFETY_v4_seed1_real/step_records.csv","dissertation_formal_v2","4","1","HybridLLMSafety","23","23","car1","S_N","PROCEED"
"results/formal_experiment/dissertation_formal_v2/runs/seed1_v4/FE06_HYBRID_SAFETY_v4_seed1_real/step_records.csv","dissertation_formal_v2","4","1","HybridLLMSafety","23","23","car2","E_W","FREE"
"results/formal_experiment/dissertation_formal_v2/runs/seed1_v4/FE06_HYBRID_SAFETY_v4_seed1_real/step_records.csv","dissertation_formal_v2","4","1","HybridLLMSafety","23","23","car3","W_E","FREE"
"results/formal_experiment/dissertation_formal_v2/runs/seed1_v4/FE06_HYBRID_SAFETY_v4_seed1_real/step_records.csv","dissertation_formal_v2","4","1","HybridLLMSafety","24","24","car0","N_S","PROCEED"
"results/formal_experiment/dissertation_formal_v2/runs/seed1_v4/FE06_HYBRID_SAFETY_v4_seed1_real/step_records.csv","dissertation_formal_v2","4","1","HybridLLMSafety","24","24","car1","S_N","PROCEED"
"results/formal_experiment/dissertation_formal_v2/runs/seed1_v4/FE06_HYBRID_SAFETY_v4_seed1_real/step_records.csv","dissertation_formal_v2","4","1","HybridLLMSafety","24","24","car2","E_W","FREE"
"results/formal_experiment/dissertation_formal_v2/runs/seed1_v4/FE06_HYBRID_SAFETY_v4_seed1_real/step_records.csv","dissertation_formal_v2","4","1","HybridLLMSafety","24","24","car3","W_E","FREE"
"results/formal_experiment/dissertation_formal_v2/runs/seed1_v4/FE06_HYBRID_SAFETY_v4_seed1_real/step_records.csv","dissertation_formal_v2","4","1","HybridLLMSafety","25","25","car0","N_S","PROCEED"
"results/formal_experiment/dissertation_formal_v2/runs/seed1_v4/FE06_HYBRID_SAFETY_v4_seed1_real/step_records.csv","dissertation_formal_v2","4","1","HybridLLMSafety","25","25","car1","S_N","PROCEED"
"results/formal_experiment/dissertation_formal_v2/runs/seed1_v4/FE06_HYBRID_SAFETY_v4_seed1_real/step_records.csv","dissertation_formal_v2","4","1","HybridLLMSafety","25","25","car2","E_W","FREE"
"results/formal_experiment/dissertation_formal_v2/runs/seed1_v4/FE06_HYBRID_SAFETY_v4_seed1_real/step_records.csv","dissertation_formal_v2","4","1","HybridLLMSafety","25","25","car3","W_E","FREE"
"results/formal_experiment/dissertation_formal_v2/runs/seed1_v4/FE06_HYBRID_SAFETY_v4_seed1_real/step_records.csv","dissertation_formal_v2","4","1","HybridLLMSafety","26","26","car0","N_S","PROCEED"
"results/formal_experiment/dissertation_formal_v2/runs/seed1_v4/FE06_HYBRID_SAFETY_v4_seed1_real/step_records.csv","dissertation_formal_v2","4","1","HybridLLMSafety","26","26","car1","S_N","PROCEED"
"results/formal_experiment/dissertation_formal_v2/runs/seed1_v4/FE06_HYBRID_SAFETY_v4_seed1_real/step_records.csv","dissertation_formal_v2","4","1","HybridLLMSafety","26","26","car3","W_E","FREE"
"results/formal_experiment/dissertation_formal_v2/runs/seed1_v4/FE06_HYBRID_SAFETY_v4_seed1_real/step_records.csv","dissertation_formal_v2","4","1","HybridLLMSafety","27","27","car0","N_S","PROCEED"
"results/formal_experiment/dissertation_formal_v2/runs/seed1_v4/FE06_HYBRID_SAFETY_v4_seed1_real/step_records.csv","dissertation_formal_v2","4","1","HybridLLMSafety","27","27","car1","S_N","PROCEED"
"results/formal_experiment/dissertation_formal_v2/runs/seed1_v4/FE06_HYBRID_SAFETY_v4_seed1_real/step_records.csv","dissertation_formal_v2","4","1","HybridLLMSafety","27","27","car3","W_E","FREE"
"results/formal_experiment/dissertation_formal_v2/runs/seed1_v4/FE06_HYBRID_SAFETY_v4_seed1_real/step_records.csv","dissertation_formal_v2","4","1","HybridLLMSafety","28","28","car0","N_S","PROCEED"
"results/formal_experiment/dissertation_formal_v2/runs/seed1_v4/FE06_HYBRID_SAFETY_v4_seed1_real/step_records.csv","dissertation_formal_v2","4","1","HybridLLMSafety","28","28","car1","S_N","PROCEED"
"results/formal_experiment/dissertation_formal_v2/runs/seed1_v4/FE06_HYBRID_SAFETY_v4_seed1_real/step_records.csv","dissertation_formal_v2","4","1","HybridLLMSafety","29","29","car0","N_S","PROCEED"
"results/formal_experiment/dissertation_formal_v2/runs/seed1_v4/FE06_HYBRID_SAFETY_v4_seed1_real/step_records.csv","dissertation_formal_v2","4","1","HybridLLMSafety","29","29","car1","S_N","PROCEED"
"results/formal_experiment/dissertation_formal_v2/runs/seed1_v4/FE06_HYBRID_SAFETY_v4_seed1_real/step_records.csv","dissertation_formal_v2","4","1","HybridLLMSafety","30","30","car0","N_S","PROCEED"
"results/formal_experiment/dissertation_formal_v2/runs/seed1_v4/FE06_HYBRID_SAFETY_v4_seed1_real/step_records.csv","dissertation_formal_v2","4","1","HybridLLMSafety","30","30","car1","S_N","PROCEED"
"results/formal_experiment/dissertation_formal_v2/runs/seed1_v4/FE06_HYBRID_SAFETY_v4_seed1_real/step_records.csv","dissertation_formal_v2","4","1","HybridLLMSafety","31","31","car0","N_S","PROCEED"
"results/formal_experiment/dissertation_formal_v2/runs/seed1_v4/FE06_HYBRID_SAFETY_v4_seed1_real/step_records.csv","dissertation_formal_v2","4","1","HybridLLMSafety","31","31","car1","S_N","PROCEED"
"results/formal_experiment/dissertation_formal_v2/runs/seed1_v4/FE06_HYBRID_SAFETY_v4_seed1_real/step_records.csv","dissertation_formal_v2","4","1","HybridLLMSafety","32","32","car0","N_S","PROCEED"
"results/formal_experiment/dissertation_formal_v2/runs/seed1_v4/FE06_HYBRID_SAFETY_v4_seed1_real/step_records.csv","dissertation_formal_v2","4","1","HybridLLMSafety","32","32","car1","S_N","PROCEED"
"results/formal_experiment/dissertation_formal_v2/runs/seed1_v4/FE06_HYBRID_SAFETY_v4_seed1_real/step_records.csv","dissertation_formal_v2","4","1","HybridLLMSafety","33","33","car0","N_S","PROCEED"
"results/formal_experiment/dissertation_formal_v2/runs/seed1_v4/FE06_HYBRID_SAFETY_v4_seed1_real/step_records.csv","dissertation_formal_v2","4","1","HybridLLMSafety","33","33","car1","S_N","PROCEED"
"results/formal_experiment/dissertation_formal_v2/runs/seed1_v4/FE06_HYBRID_SAFETY_v4_seed1_real/step_records.csv","dissertation_formal_v2","4","1","HybridLLMSafety","34","34","car0","N_S","PROCEED"
"results/formal_experiment/dissertation_formal_v2/runs/seed1_v4/FE06_HYBRID_SAFETY_v4_seed1_real/step_records.csv","dissertation_formal_v2","4","1","HybridLLMSafety","34","34","car1","S_N","PROCEED"
"results/formal_experiment/dissertation_formal_v2/runs/seed1_v4/FE06_HYBRID_SAFETY_v4_seed1_real/step_records.csv","dissertation_formal_v2","4","1","HybridLLMSafety","35","35","car0","N_S","PROCEED"
"results/formal_experiment/dissertation_formal_v2/runs/seed1_v4/FE06_HYBRID_SAFETY_v4_seed1_real/step_records.csv","dissertation_formal_v2","4","1","HybridLLMSafety","35","35","car1","S_N","PROCEED"
"results/formal_experiment/dissertation_formal_v2/runs/seed1_v4/FE06_HYBRID_SAFETY_v4_seed1_real/step_records.csv","dissertation_formal_v2","4","1","HybridLLMSafety","36","36","car0","N_S","PROCEED"
"results/formal_experiment/dissertation_formal_v2/runs/seed1_v4/FE06_HYBRID_SAFETY_v4_seed1_real/step_records.csv","dissertation_formal_v2","4","1","HybridLLMSafety","36","36","car1","S_N","PROCEED"
"results/formal_experiment/dissertation_formal_v2/runs/seed1_v4/FE06_HYBRID_SAFETY_v4_seed1_real/step_records.csv","dissertation_formal_v2","4","1","HybridLLMSafety","37","37","car0","N_S","PROCEED"
"results/formal_experiment/dissertation_formal_v2/runs/seed1_v4/FE06_HYBRID_SAFETY_v4_seed1_real/step_records.csv","dissertation_formal_v2","4","1","HybridLLMSafety","37","37","car1","S_N","PROCEED"
"results/formal_experiment/dissertation_formal_v2/runs/seed1_v4/FE06_HYBRID_SAFETY_v4_seed1_real/step_records.csv","dissertation_formal_v2","4","1","HybridLLMSafety","38","38","car0","N_S","PROCEED"
"results/formal_experiment/dissertation_formal_v2/runs/seed1_v4/FE06_HYBRID_SAFETY_v4_seed1_real/step_records.csv","dissertation_formal_v2","4","1","HybridLLMSafety","38","38","car1","S_N","PROCEED"
"results/formal_experiment/dissertation_formal_v2/runs/seed1_v4/FE06_HYBRID_SAFETY_v4_seed1_real/step_records.csv","dissertation_formal_v2","4","1","HybridLLMSafety","39","39","car0","N_S","PROCEED"
"results/formal_experiment/dissertation_formal_v2/runs/seed1_v4/FE06_HYBRID_SAFETY_v4_seed1_real/step_records.csv","dissertation_formal_v2","4","1","HybridLLMSafety","39","39","car1","S_N","PROCEED"
"results/formal_experiment/dissertation_formal_v2/runs/seed1_v4/FE06_HYBRID_SAFETY_v4_seed1_real/step_records.csv","dissertation_formal_v2","4","1","HybridLLMSafety","40","40","car0","N_S","PROCEED"
"results/formal_experiment/dissertation_formal_v2/runs/seed1_v4/FE06_HYBRID_SAFETY_v4_seed1_real/step_records.csv","dissertation_formal_v2","4","1","HybridLLMSafety","40","40","car1","S_N","PROCEED"
"results/formal_experiment/dissertation_formal_v2/runs/seed1_v4/FE06_HYBRID_SAFETY_v4_seed1_real/step_records.csv","dissertation_formal_v2","4","1","HybridLLMSafety","41","41","car0","N_S","PROCEED"
"results/formal_experiment/dissertation_formal_v2/runs/seed1_v4/FE06_HYBRID_SAFETY_v4_seed1_real/step_records.csv","dissertation_formal_v2","4","1","HybridLLMSafety","41","41","car1","S_N","PROCEED"
"results/formal_experiment/dissertation_formal_v2/runs/seed1_v4/FE06_HYBRID_SAFETY_v4_seed1_real/step_records.csv","dissertation_formal_v2","4","1","HybridLLMSafety","42","42","car0","N_S","PROCEED"
"results/formal_experiment/dissertation_formal_v2/runs/seed1_v4/FE06_HYBRID_SAFETY_v4_seed1_real/step_records.csv","dissertation_formal_v2","4","1","HybridLLMSafety","42","42","car1","S_N","PROCEED"
"results/formal_experiment/dissertation_formal_v2/runs/seed1_v4/FE06_HYBRID_SAFETY_v4_seed1_real/step_records.csv","dissertation_formal_v2","4","1","HybridLLMSafety","43","43","car0","N_S","PROCEED"
"results/formal_experiment/dissertation_formal_v2/runs/seed1_v4/FE06_HYBRID_SAFETY_v4_seed1_real/step_records.csv","dissertation_formal_v2","4","1","HybridLLMSafety","43","43","car1","S_N","PROCEED"
"results/formal_experiment/dissertation_formal_v2/runs/seed1_v4/FE06_HYBRID_SAFETY_v4_seed1_real/step_records.csv","dissertation_formal_v2","4","1","HybridLLMSafety","44","44","car0","N_S","PROCEED"
"results/formal_experiment/dissertation_formal_v2/runs/seed1_v4/FE06_HYBRID_SAFETY_v4_seed1_real/step_records.csv","dissertation_formal_v2","4","1","HybridLLMSafety","44","44","car1","S_N","PROCEED"
"results/formal_experiment/dissertation_formal_v2/runs/seed1_v4/FE06_HYBRID_SAFETY_v4_seed1_real/step_records.csv","dissertation_formal_v2","4","1","HybridLLMSafety","45","45","car0","N_S","PROCEED"
"results/formal_experiment/dissertation_formal_v2/runs/seed1_v4/FE06_HYBRID_SAFETY_v4_seed1_real/step_records.csv","dissertation_formal_v2","4","1","HybridLLMSafety","45","45","car1","S_N","PROCEED"
"results/formal_experiment/dissertation_formal_v2/runs/seed1_v4/FE06_HYBRID_SAFETY_v4_seed1_real/step_records.csv","dissertation_formal_v2","4","1","HybridLLMSafety","46","46","car0","N_S","PROCEED"
"results/formal_experiment/dissertation_formal_v2/runs/seed1_v4/FE06_HYBRID_SAFETY_v4_seed1_real/step_records.csv","dissertation_formal_v2","4","1","HybridLLMSafety","46","46","car1","S_N","PROCEED"
"results/formal_experiment/dissertation_formal_v2/runs/seed1_v4/FE06_HYBRID_SAFETY_v4_seed1_real/step_records.csv","dissertation_formal_v2","4","1","HybridLLMSafety","47","47","car0","N_S","PROCEED"
"results/formal_experiment/dissertation_formal_v2/runs/seed1_v4/FE06_HYBRID_SAFETY_v4_seed1_real/step_records.csv","dissertation_formal_v2","4","1","HybridLLMSafety","47","47","car1","S_N","PROCEED"
"results/formal_experiment/dissertation_formal_v2/runs/seed1_v4/FE06_HYBRID_SAFETY_v4_seed1_real/step_records.csv","dissertation_formal_v2","4","1","HybridLLMSafety","48","48","car0","N_S","FREE"
"results/formal_experiment/dissertation_formal_v2/runs/seed1_v4/FE06_HYBRID_SAFETY_v4_seed1_real/step_records.csv","dissertation_formal_v2","4","1","HybridLLMSafety","48","48","car1","S_N","FREE"
"results/formal_experiment/dissertation_formal_v2/runs/seed1_v4/FE06_HYBRID_SAFETY_v4_seed1_real/step_records.csv","dissertation_formal_v2","4","1","HybridLLMSafety","49","49","car0","N_S","FREE"
"results/formal_experiment/dissertation_formal_v2/runs/seed1_v4/FE06_HYBRID_SAFETY_v4_seed1_real/step_records.csv","dissertation_formal_v2","4","1","HybridLLMSafety","49","49","car1","S_N","FREE"
"results/formal_experiment/dissertation_formal_v2/runs/seed1_v4/FE06_HYBRID_SAFETY_v4_seed1_real/step_records.csv","dissertation_formal_v2","4","1","HybridLLMSafety","50","50","car0","N_S","FREE"
"results/formal_experiment/dissertation_formal_v2/runs/seed1_v4/FE06_HYBRID_SAFETY_v4_seed1_real/step_records.csv","dissertation_formal_v2","4","1","HybridLLMSafety","50","50","car1","S_N","FREE"
"results/formal_experiment/dissertation_formal_v2/runs/seed1_v4/FE06_HYBRID_SAFETY_v4_seed1_real/step_records.csv","dissertation_formal_v2","4","1","HybridLLMSafety","51","51","car0","N_S","FREE"
"results/formal_experiment/dissertation_formal_v2/runs/seed1_v4/FE06_HYBRID_SAFETY_v4_seed1_real/step_records.csv","dissertation_formal_v2","4","1","HybridLLMSafety","51","51","car1","S_N","FREE"
"results/formal_experiment/dissertation_formal_v2/runs/seed1_v4/FE06_HYBRID_SAFETY_v4_seed1_real/step_records.csv","dissertation_formal_v2","4","1","HybridLLMSafety","52","52","car0","N_S","FREE"
"results/formal_experiment/dissertation_formal_v2/runs/seed1_v4/FE06_HYBRID_SAFETY_v4_seed1_real/step_records.csv","dissertation_formal_v2","4","1","HybridLLMSafety","52","52","car1","S_N","FREE"
"results/formal_experiment/dissertation_formal_v2/runs/seed2_v4/FE04_RAW_LLM_v4_seed2_real/step_records.csv","dissertation_formal_v2","4","2","RawLLM","0","0","car0","N_S","FREE"
"results/formal_experiment/dissertation_formal_v2/runs/seed2_v4/FE04_RAW_LLM_v4_seed2_real/step_records.csv","dissertation_formal_v2","4","2","RawLLM","1","1","car0","N_S","FREE"
"results/formal_experiment/dissertation_formal_v2/runs/seed2_v4/FE04_RAW_LLM_v4_seed2_real/step_records.csv","dissertation_formal_v2","4","2","RawLLM","2","2","car0","N_S","FREE"
"results/formal_experiment/dissertation_formal_v2/runs/seed2_v4/FE04_RAW_LLM_v4_seed2_real/step_records.csv","dissertation_formal_v2","4","2","RawLLM","2","2","car1","S_N","FREE"
"results/formal_experiment/dissertation_formal_v2/runs/seed2_v4/FE04_RAW_LLM_v4_seed2_real/step_records.csv","dissertation_formal_v2","4","2","RawLLM","3","3","car0","N_S","FREE"
"results/formal_experiment/dissertation_formal_v2/runs/seed2_v4/FE04_RAW_LLM_v4_seed2_real/step_records.csv","dissertation_formal_v2","4","2","RawLLM","3","3","car1","S_N","FREE"
"results/formal_experiment/dissertation_formal_v2/runs/seed2_v4/FE04_RAW_LLM_v4_seed2_real/step_records.csv","dissertation_formal_v2","4","2","RawLLM","4","4","car0","N_S","FREE"
"results/formal_experiment/dissertation_formal_v2/runs/seed2_v4/FE04_RAW_LLM_v4_seed2_real/step_records.csv","dissertation_formal_v2","4","2","RawLLM","4","4","car1","S_N","FREE"
"results/formal_experiment/dissertation_formal_v2/runs/seed2_v4/FE04_RAW_LLM_v4_seed2_real/step_records.csv","dissertation_formal_v2","4","2","RawLLM","4","4","car2","E_W","FREE"
"results/formal_experiment/dissertation_formal_v2/runs/seed2_v4/FE04_RAW_LLM_v4_seed2_real/step_records.csv","dissertation_formal_v2","4","2","RawLLM","5","5","car0","N_S","PROCEED"
"results/formal_experiment/dissertation_formal_v2/runs/seed2_v4/FE04_RAW_LLM_v4_seed2_real/step_records.csv","dissertation_formal_v2","4","2","RawLLM","5","5","car1","S_N","FREE"
"results/formal_experiment/dissertation_formal_v2/runs/seed2_v4/FE04_RAW_LLM_v4_seed2_real/step_records.csv","dissertation_formal_v2","4","2","RawLLM","5","5","car2","E_W","FREE"
"results/formal_experiment/dissertation_formal_v2/runs/seed2_v4/FE04_RAW_LLM_v4_seed2_real/step_records.csv","dissertation_formal_v2","4","2","RawLLM","6","6","car0","N_S","PROCEED"
"results/formal_experiment/dissertation_formal_v2/runs/seed2_v4/FE04_RAW_LLM_v4_seed2_real/step_records.csv","dissertation_formal_v2","4","2","RawLLM","6","6","car1","S_N","FREE"
"results/formal_experiment/dissertation_formal_v2/runs/seed2_v4/FE04_RAW_LLM_v4_seed2_real/step_records.csv","dissertation_formal_v2","4","2","RawLLM","6","6","car2","E_W","FREE"
"results/formal_experiment/dissertation_formal_v2/runs/seed2_v4/FE04_RAW_LLM_v4_seed2_real/step_records.csv","dissertation_formal_v2","4","2","RawLLM","6","6","car3","W_E","FREE"
"results/formal_experiment/dissertation_formal_v2/runs/seed2_v4/FE04_RAW_LLM_v4_seed2_real/step_records.csv","dissertation_formal_v2","4","2","RawLLM","7","7","car0","N_S","PROCEED"
"results/formal_experiment/dissertation_formal_v2/runs/seed2_v4/FE04_RAW_LLM_v4_seed2_real/step_records.csv","dissertation_formal_v2","4","2","RawLLM","7","7","car1","S_N","FREE"
"results/formal_experiment/dissertation_formal_v2/runs/seed2_v4/FE04_RAW_LLM_v4_seed2_real/step_records.csv","dissertation_formal_v2","4","2","RawLLM","7","7","car2","E_W","FREE"
"results/formal_experiment/dissertation_formal_v2/runs/seed2_v4/FE04_RAW_LLM_v4_seed2_real/step_records.csv","dissertation_formal_v2","4","2","RawLLM","7","7","car3","W_E","FREE"
"results/formal_experiment/dissertation_formal_v2/runs/seed2_v4/FE04_RAW_LLM_v4_seed2_real/step_records.csv","dissertation_formal_v2","4","2","RawLLM","8","8","car0","N_S","PROCEED"
"results/formal_experiment/dissertation_formal_v2/runs/seed2_v4/FE04_RAW_LLM_v4_seed2_real/step_records.csv","dissertation_formal_v2","4","2","RawLLM","8","8","car1","S_N","PROCEED"
"results/formal_experiment/dissertation_formal_v2/runs/seed2_v4/FE04_RAW_LLM_v4_seed2_real/step_records.csv","dissertation_formal_v2","4","2","RawLLM","8","8","car2","E_W","FREE"
"results/formal_experiment/dissertation_formal_v2/runs/seed2_v4/FE04_RAW_LLM_v4_seed2_real/step_records.csv","dissertation_formal_v2","4","2","RawLLM","8","8","car3","W_E","FREE"
"results/formal_experiment/dissertation_formal_v2/runs/seed2_v4/FE04_RAW_LLM_v4_seed2_real/step_records.csv","dissertation_formal_v2","4","2","RawLLM","9","9","car0","N_S","PROCEED"
"results/formal_experiment/dissertation_formal_v2/runs/seed2_v4/FE04_RAW_LLM_v4_seed2_real/step_records.csv","dissertation_formal_v2","4","2","RawLLM","9","9","car1","S_N","PROCEED"
"results/formal_experiment/dissertation_formal_v2/runs/seed2_v4/FE04_RAW_LLM_v4_seed2_real/step_records.csv","dissertation_formal_v2","4","2","RawLLM","9","9","car2","E_W","FREE"
"results/formal_experiment/dissertation_formal_v2/runs/seed2_v4/FE04_RAW_LLM_v4_seed2_real/step_records.csv","dissertation_formal_v2","4","2","RawLLM","9","9","car3","W_E","FREE"
"results/formal_experiment/dissertation_formal_v2/runs/seed2_v4/FE04_RAW_LLM_v4_seed2_real/step_records.csv","dissertation_formal_v2","4","2","RawLLM","10","10","car0","N_S","PROCEED"
"results/formal_experiment/dissertation_formal_v2/runs/seed2_v4/FE04_RAW_LLM_v4_seed2_real/step_records.csv","dissertation_formal_v2","4","2","RawLLM","10","10","car1","S_N","PROCEED"
"results/formal_experiment/dissertation_formal_v2/runs/seed2_v4/FE04_RAW_LLM_v4_seed2_real/step_records.csv","dissertation_formal_v2","4","2","RawLLM","10","10","car2","E_W","FREE"
"results/formal_experiment/dissertation_formal_v2/runs/seed2_v4/FE04_RAW_LLM_v4_seed2_real/step_records.csv","dissertation_formal_v2","4","2","RawLLM","10","10","car3","W_E","FREE"
"results/formal_experiment/dissertation_formal_v2/runs/seed2_v4/FE04_RAW_LLM_v4_seed2_real/step_records.csv","dissertation_formal_v2","4","2","RawLLM","11","11","car0","N_S","PROCEED"
"results/formal_experiment/dissertation_formal_v2/runs/seed2_v4/FE04_RAW_LLM_v4_seed2_real/step_records.csv","dissertation_formal_v2","4","2","RawLLM","11","11","car1","S_N","PROCEED"
"results/formal_experiment/dissertation_formal_v2/runs/seed2_v4/FE04_RAW_LLM_v4_seed2_real/step_records.csv","dissertation_formal_v2","4","2","RawLLM","11","11","car2","E_W","FREE"
"results/formal_experiment/dissertation_formal_v2/runs/seed2_v4/FE04_RAW_LLM_v4_seed2_real/step_records.csv","dissertation_formal_v2","4","2","RawLLM","11","11","car3","W_E","FREE"
"results/formal_experiment/dissertation_formal_v2/runs/seed2_v4/FE04_RAW_LLM_v4_seed2_real/step_records.csv","dissertation_formal_v2","4","2","RawLLM","12","12","car0","N_S","WAIT"
"results/formal_experiment/dissertation_formal_v2/runs/seed2_v4/FE04_RAW_LLM_v4_seed2_real/step_records.csv","dissertation_formal_v2","4","2","RawLLM","12","12","car1","S_N","WAIT"
"results/formal_experiment/dissertation_formal_v2/runs/seed2_v4/FE04_RAW_LLM_v4_seed2_real/step_records.csv","dissertation_formal_v2","4","2","RawLLM","12","12","car2","E_W","PROCEED"
"results/formal_experiment/dissertation_formal_v2/runs/seed2_v4/FE04_RAW_LLM_v4_seed2_real/step_records.csv","dissertation_formal_v2","4","2","RawLLM","12","12","car3","W_E","FREE"
"results/formal_experiment/dissertation_formal_v2/runs/seed2_v4/FE04_RAW_LLM_v4_seed2_real/step_records.csv","dissertation_formal_v2","4","2","RawLLM","13","13","car0","N_S","WAIT"
"results/formal_experiment/dissertation_formal_v2/runs/seed2_v4/FE04_RAW_LLM_v4_seed2_real/step_records.csv","dissertation_formal_v2","4","2","RawLLM","13","13","car1","S_N","WAIT"
"results/formal_experiment/dissertation_formal_v2/runs/seed2_v4/FE04_RAW_LLM_v4_seed2_real/step_records.csv","dissertation_formal_v2","4","2","RawLLM","13","13","car2","E_W","PROCEED"
"results/formal_experiment/dissertation_formal_v2/runs/seed2_v4/FE04_RAW_LLM_v4_seed2_real/step_records.csv","dissertation_formal_v2","4","2","RawLLM","13","13","car3","W_E","PROCEED"
"results/formal_experiment/dissertation_formal_v2/runs/seed2_v4/FE04_RAW_LLM_v4_seed2_real/step_records.csv","dissertation_formal_v2","4","2","RawLLM","14","14","car0","N_S","WAIT"
"results/formal_experiment/dissertation_formal_v2/runs/seed2_v4/FE04_RAW_LLM_v4_seed2_real/step_records.csv","dissertation_formal_v2","4","2","RawLLM","14","14","car1","S_N","WAIT"
"results/formal_experiment/dissertation_formal_v2/runs/seed2_v4/FE04_RAW_LLM_v4_seed2_real/step_records.csv","dissertation_formal_v2","4","2","RawLLM","14","14","car2","E_W","PROCEED"
"results/formal_experiment/dissertation_formal_v2/runs/seed2_v4/FE04_RAW_LLM_v4_seed2_real/step_records.csv","dissertation_formal_v2","4","2","RawLLM","14","14","car3","W_E","PROCEED"
"results/formal_experiment/dissertation_formal_v2/runs/seed2_v4/FE04_RAW_LLM_v4_seed2_real/step_records.csv","dissertation_formal_v2","4","2","RawLLM","15","15","car0","N_S","WAIT"
"results/formal_experiment/dissertation_formal_v2/runs/seed2_v4/FE04_RAW_LLM_v4_seed2_real/step_records.csv","dissertation_formal_v2","4","2","RawLLM","15","15","car1","S_N","WAIT"
"results/formal_experiment/dissertation_formal_v2/runs/seed2_v4/FE04_RAW_LLM_v4_seed2_real/step_records.csv","dissertation_formal_v2","4","2","RawLLM","15","15","car2","E_W","PROCEED"
"results/formal_experiment/dissertation_formal_v2/runs/seed2_v4/FE04_RAW_LLM_v4_seed2_real/step_records.csv","dissertation_formal_v2","4","2","RawLLM","15","15","car3","W_E","PROCEED"
"results/formal_experiment/dissertation_formal_v2/runs/seed2_v4/FE04_RAW_LLM_v4_seed2_real/step_records.csv","dissertation_formal_v2","4","2","RawLLM","16","16","car0","N_S","WAIT"
"results/formal_experiment/dissertation_formal_v2/runs/seed2_v4/FE04_RAW_LLM_v4_seed2_real/step_records.csv","dissertation_formal_v2","4","2","RawLLM","16","16","car1","S_N","WAIT"
"results/formal_experiment/dissertation_formal_v2/runs/seed2_v4/FE04_RAW_LLM_v4_seed2_real/step_records.csv","dissertation_formal_v2","4","2","RawLLM","16","16","car2","E_W","PROCEED"
"results/formal_experiment/dissertation_formal_v2/runs/seed2_v4/FE04_RAW_LLM_v4_seed2_real/step_records.csv","dissertation_formal_v2","4","2","RawLLM","16","16","car3","W_E","PROCEED"
"results/formal_experiment/dissertation_formal_v2/runs/seed2_v4/FE04_RAW_LLM_v4_seed2_real/step_records.csv","dissertation_formal_v2","4","2","RawLLM","17","17","car0","N_S","WAIT"
"results/formal_experiment/dissertation_formal_v2/runs/seed2_v4/FE04_RAW_LLM_v4_seed2_real/step_records.csv","dissertation_formal_v2","4","2","RawLLM","17","17","car1","S_N","WAIT"
"results/formal_experiment/dissertation_formal_v2/runs/seed2_v4/FE04_RAW_LLM_v4_seed2_real/step_records.csv","dissertation_formal_v2","4","2","RawLLM","17","17","car2","E_W","PROCEED"
"results/formal_experiment/dissertation_formal_v2/runs/seed2_v4/FE04_RAW_LLM_v4_seed2_real/step_records.csv","dissertation_formal_v2","4","2","RawLLM","17","17","car3","W_E","PROCEED"
"results/formal_experiment/dissertation_formal_v2/runs/seed2_v4/FE04_RAW_LLM_v4_seed2_real/step_records.csv","dissertation_formal_v2","4","2","RawLLM","18","18","car0","N_S","WAIT"
"results/formal_experiment/dissertation_formal_v2/runs/seed2_v4/FE04_RAW_LLM_v4_seed2_real/step_records.csv","dissertation_formal_v2","4","2","RawLLM","18","18","car1","S_N","WAIT"
"results/formal_experiment/dissertation_formal_v2/runs/seed2_v4/FE04_RAW_LLM_v4_seed2_real/step_records.csv","dissertation_formal_v2","4","2","RawLLM","18","18","car2","E_W","PROCEED"
"results/formal_experiment/dissertation_formal_v2/runs/seed2_v4/FE04_RAW_LLM_v4_seed2_real/step_records.csv","dissertation_formal_v2","4","2","RawLLM","18","18","car3","W_E","PROCEED"
"results/formal_experiment/dissertation_formal_v2/runs/seed2_v4/FE04_RAW_LLM_v4_seed2_real/step_records.csv","dissertation_formal_v2","4","2","RawLLM","19","19","car0","N_S","WAIT"
"results/formal_experiment/dissertation_formal_v2/runs/seed2_v4/FE04_RAW_LLM_v4_seed2_real/step_records.csv","dissertation_formal_v2","4","2","RawLLM","19","19","car1","S_N","WAIT"
"results/formal_experiment/dissertation_formal_v2/runs/seed2_v4/FE04_RAW_LLM_v4_seed2_real/step_records.csv","dissertation_formal_v2","4","2","RawLLM","19","19","car2","E_W","FREE"
"results/formal_experiment/dissertation_formal_v2/runs/seed2_v4/FE04_RAW_LLM_v4_seed2_real/step_records.csv","dissertation_formal_v2","4","2","RawLLM","19","19","car3","W_E","PROCEED"
"results/formal_experiment/dissertation_formal_v2/runs/seed2_v4/FE04_RAW_LLM_v4_seed2_real/step_records.csv","dissertation_formal_v2","4","2","RawLLM","20","20","car0","N_S","PROCEED"
"results/formal_experiment/dissertation_formal_v2/runs/seed2_v4/FE04_RAW_LLM_v4_seed2_real/step_records.csv","dissertation_formal_v2","4","2","RawLLM","20","20","car1","S_N","PROCEED"
"results/formal_experiment/dissertation_formal_v2/runs/seed2_v4/FE04_RAW_LLM_v4_seed2_real/step_records.csv","dissertation_formal_v2","4","2","RawLLM","20","20","car2","E_W","FREE"
"results/formal_experiment/dissertation_formal_v2/runs/seed2_v4/FE04_RAW_LLM_v4_seed2_real/step_records.csv","dissertation_formal_v2","4","2","RawLLM","20","20","car3","W_E","FREE"
"results/formal_experiment/dissertation_formal_v2/runs/seed2_v4/FE04_RAW_LLM_v4_seed2_real/step_records.csv","dissertation_formal_v2","4","2","RawLLM","21","21","car0","N_S","PROCEED"
"results/formal_experiment/dissertation_formal_v2/runs/seed2_v4/FE04_RAW_LLM_v4_seed2_real/step_records.csv","dissertation_formal_v2","4","2","RawLLM","21","21","car1","S_N","PROCEED"
"results/formal_experiment/dissertation_formal_v2/runs/seed2_v4/FE04_RAW_LLM_v4_seed2_real/step_records.csv","dissertation_formal_v2","4","2","RawLLM","21","21","car2","E_W","FREE"
"results/formal_experiment/dissertation_formal_v2/runs/seed2_v4/FE04_RAW_LLM_v4_seed2_real/step_records.csv","dissertation_formal_v2","4","2","RawLLM","21","21","car3","W_E","FREE"
"results/formal_experiment/dissertation_formal_v2/runs/seed2_v4/FE04_RAW_LLM_v4_seed2_real/step_records.csv","dissertation_formal_v2","4","2","RawLLM","22","22","car0","N_S","PROCEED"
"results/formal_experiment/dissertation_formal_v2/runs/seed2_v4/FE04_RAW_LLM_v4_seed2_real/step_records.csv","dissertation_formal_v2","4","2","RawLLM","22","22","car1","S_N","PROCEED"
"results/formal_experiment/dissertation_formal_v2/runs/seed2_v4/FE04_RAW_LLM_v4_seed2_real/step_records.csv","dissertation_formal_v2","4","2","RawLLM","22","22","car2","E_W","FREE"
"results/formal_experiment/dissertation_formal_v2/runs/seed2_v4/FE04_RAW_LLM_v4_seed2_real/step_records.csv","dissertation_formal_v2","4","2","RawLLM","22","22","car3","W_E","FREE"
"results/formal_experiment/dissertation_formal_v2/runs/seed2_v4/FE04_RAW_LLM_v4_seed2_real/step_records.csv","dissertation_formal_v2","4","2","RawLLM","23","23","car0","N_S","PROCEED"
"results/formal_experiment/dissertation_formal_v2/runs/seed2_v4/FE04_RAW_LLM_v4_seed2_real/step_records.csv","dissertation_formal_v2","4","2","RawLLM","23","23","car1","S_N","PROCEED"
"results/formal_experiment/dissertation_formal_v2/runs/seed2_v4/FE04_RAW_LLM_v4_seed2_real/step_records.csv","dissertation_formal_v2","4","2","RawLLM","23","23","car2","E_W","FREE"
"results/formal_experiment/dissertation_formal_v2/runs/seed2_v4/FE04_RAW_LLM_v4_seed2_real/step_records.csv","dissertation_formal_v2","4","2","RawLLM","23","23","car3","W_E","FREE"
"results/formal_experiment/dissertation_formal_v2/runs/seed2_v4/FE04_RAW_LLM_v4_seed2_real/step_records.csv","dissertation_formal_v2","4","2","RawLLM","24","24","car0","N_S","PROCEED"
"results/formal_experiment/dissertation_formal_v2/runs/seed2_v4/FE04_RAW_LLM_v4_seed2_real/step_records.csv","dissertation_formal_v2","4","2","RawLLM","24","24","car1","S_N","PROCEED"
"results/formal_experiment/dissertation_formal_v2/runs/seed2_v4/FE04_RAW_LLM_v4_seed2_real/step_records.csv","dissertation_formal_v2","4","2","RawLLM","24","24","car2","E_W","FREE"
"results/formal_experiment/dissertation_formal_v2/runs/seed2_v4/FE04_RAW_LLM_v4_seed2_real/step_records.csv","dissertation_formal_v2","4","2","RawLLM","24","24","car3","W_E","FREE"
"results/formal_experiment/dissertation_formal_v2/runs/seed2_v4/FE04_RAW_LLM_v4_seed2_real/step_records.csv","dissertation_formal_v2","4","2","RawLLM","25","25","car0","N_S","PROCEED"
"results/formal_experiment/dissertation_formal_v2/runs/seed2_v4/FE04_RAW_LLM_v4_seed2_real/step_records.csv","dissertation_formal_v2","4","2","RawLLM","25","25","car1","S_N","PROCEED"
"results/formal_experiment/dissertation_formal_v2/runs/seed2_v4/FE04_RAW_LLM_v4_seed2_real/step_records.csv","dissertation_formal_v2","4","2","RawLLM","25","25","car2","E_W","FREE"
"results/formal_experiment/dissertation_formal_v2/runs/seed2_v4/FE04_RAW_LLM_v4_seed2_real/step_records.csv","dissertation_formal_v2","4","2","RawLLM","25","25","car3","W_E","FREE"
"results/formal_experiment/dissertation_formal_v2/runs/seed2_v4/FE04_RAW_LLM_v4_seed2_real/step_records.csv","dissertation_formal_v2","4","2","RawLLM","26","26","car0","N_S","PROCEED"
"results/formal_experiment/dissertation_formal_v2/runs/seed2_v4/FE04_RAW_LLM_v4_seed2_real/step_records.csv","dissertation_formal_v2","4","2","RawLLM","26","26","car1","S_N","PROCEED"
"results/formal_experiment/dissertation_formal_v2/runs/seed2_v4/FE04_RAW_LLM_v4_seed2_real/step_records.csv","dissertation_formal_v2","4","2","RawLLM","26","26","car3","W_E","FREE"
"results/formal_experiment/dissertation_formal_v2/runs/seed2_v4/FE04_RAW_LLM_v4_seed2_real/step_records.csv","dissertation_formal_v2","4","2","RawLLM","27","27","car0","N_S","PROCEED"
"results/formal_experiment/dissertation_formal_v2/runs/seed2_v4/FE04_RAW_LLM_v4_seed2_real/step_records.csv","dissertation_formal_v2","4","2","RawLLM","27","27","car1","S_N","PROCEED"
"results/formal_experiment/dissertation_formal_v2/runs/seed2_v4/FE04_RAW_LLM_v4_seed2_real/step_records.csv","dissertation_formal_v2","4","2","RawLLM","27","27","car3","W_E","FREE"
"results/formal_experiment/dissertation_formal_v2/runs/seed2_v4/FE04_RAW_LLM_v4_seed2_real/step_records.csv","dissertation_formal_v2","4","2","RawLLM","28","28","car0","N_S","PROCEED"
"results/formal_experiment/dissertation_formal_v2/runs/seed2_v4/FE04_RAW_LLM_v4_seed2_real/step_records.csv","dissertation_formal_v2","4","2","RawLLM","28","28","car1","S_N","PROCEED"
"results/formal_experiment/dissertation_formal_v2/runs/seed2_v4/FE04_RAW_LLM_v4_seed2_real/step_records.csv","dissertation_formal_v2","4","2","RawLLM","29","29","car0","N_S","PROCEED"
"results/formal_experiment/dissertation_formal_v2/runs/seed2_v4/FE04_RAW_LLM_v4_seed2_real/step_records.csv","dissertation_formal_v2","4","2","RawLLM","29","29","car1","S_N","PROCEED"
"results/formal_experiment/dissertation_formal_v2/runs/seed2_v4/FE04_RAW_LLM_v4_seed2_real/step_records.csv","dissertation_formal_v2","4","2","RawLLM","30","30","car0","N_S","PROCEED"
"results/formal_experiment/dissertation_formal_v2/runs/seed2_v4/FE04_RAW_LLM_v4_seed2_real/step_records.csv","dissertation_formal_v2","4","2","RawLLM","30","30","car1","S_N","PROCEED"
"results/formal_experiment/dissertation_formal_v2/runs/seed2_v4/FE04_RAW_LLM_v4_seed2_real/step_records.csv","dissertation_formal_v2","4","2","RawLLM","31","31","car0","N_S","PROCEED"
"results/formal_experiment/dissertation_formal_v2/runs/seed2_v4/FE04_RAW_LLM_v4_seed2_real/step_records.csv","dissertation_formal_v2","4","2","RawLLM","31","31","car1","S_N","PROCEED"
"results/formal_experiment/dissertation_formal_v2/runs/seed2_v4/FE04_RAW_LLM_v4_seed2_real/step_records.csv","dissertation_formal_v2","4","2","RawLLM","32","32","car0","N_S","PROCEED"
"results/formal_experiment/dissertation_formal_v2/runs/seed2_v4/FE04_RAW_LLM_v4_seed2_real/step_records.csv","dissertation_formal_v2","4","2","RawLLM","32","32","car1","S_N","PROCEED"
"results/formal_experiment/dissertation_formal_v2/runs/seed2_v4/FE04_RAW_LLM_v4_seed2_real/step_records.csv","dissertation_formal_v2","4","2","RawLLM","33","33","car0","N_S","PROCEED"
"results/formal_experiment/dissertation_formal_v2/runs/seed2_v4/FE04_RAW_LLM_v4_seed2_real/step_records.csv","dissertation_formal_v2","4","2","RawLLM","33","33","car1","S_N","PROCEED"
"results/formal_experiment/dissertation_formal_v2/runs/seed2_v4/FE04_RAW_LLM_v4_seed2_real/step_records.csv","dissertation_formal_v2","4","2","RawLLM","34","34","car0","N_S","PROCEED"
"results/formal_experiment/dissertation_formal_v2/runs/seed2_v4/FE04_RAW_LLM_v4_seed2_real/step_records.csv","dissertation_formal_v2","4","2","RawLLM","34","34","car1","S_N","PROCEED"
"results/formal_experiment/dissertation_formal_v2/runs/seed2_v4/FE04_RAW_LLM_v4_seed2_real/step_records.csv","dissertation_formal_v2","4","2","RawLLM","35","35","car0","N_S","PROCEED"
"results/formal_experiment/dissertation_formal_v2/runs/seed2_v4/FE04_RAW_LLM_v4_seed2_real/step_records.csv","dissertation_formal_v2","4","2","RawLLM","35","35","car1","S_N","PROCEED"
"results/formal_experiment/dissertation_formal_v2/runs/seed2_v4/FE04_RAW_LLM_v4_seed2_real/step_records.csv","dissertation_formal_v2","4","2","RawLLM","36","36","car0","N_S","PROCEED"
"results/formal_experiment/dissertation_formal_v2/runs/seed2_v4/FE04_RAW_LLM_v4_seed2_real/step_records.csv","dissertation_formal_v2","4","2","RawLLM","36","36","car1","S_N","PROCEED"
"results/formal_experiment/dissertation_formal_v2/runs/seed2_v4/FE04_RAW_LLM_v4_seed2_real/step_records.csv","dissertation_formal_v2","4","2","RawLLM","37","37","car0","N_S","PROCEED"
"results/formal_experiment/dissertation_formal_v2/runs/seed2_v4/FE04_RAW_LLM_v4_seed2_real/step_records.csv","dissertation_formal_v2","4","2","RawLLM","37","37","car1","S_N","PROCEED"
"results/formal_experiment/dissertation_formal_v2/runs/seed2_v4/FE04_RAW_LLM_v4_seed2_real/step_records.csv","dissertation_formal_v2","4","2","RawLLM","38","38","car0","N_S","PROCEED"
"results/formal_experiment/dissertation_formal_v2/runs/seed2_v4/FE04_RAW_LLM_v4_seed2_real/step_records.csv","dissertation_formal_v2","4","2","RawLLM","38","38","car1","S_N","PROCEED"
"results/formal_experiment/dissertation_formal_v2/runs/seed2_v4/FE04_RAW_LLM_v4_seed2_real/step_records.csv","dissertation_formal_v2","4","2","RawLLM","39","39","car0","N_S","PROCEED"
"results/formal_experiment/dissertation_formal_v2/runs/seed2_v4/FE04_RAW_LLM_v4_seed2_real/step_records.csv","dissertation_formal_v2","4","2","RawLLM","39","39","car1","S_N","PROCEED"
"results/formal_experiment/dissertation_formal_v2/runs/seed2_v4/FE04_RAW_LLM_v4_seed2_real/step_records.csv","dissertation_formal_v2","4","2","RawLLM","40","40","car0","N_S","PROCEED"
"results/formal_experiment/dissertation_formal_v2/runs/seed2_v4/FE04_RAW_LLM_v4_seed2_real/step_records.csv","dissertation_formal_v2","4","2","RawLLM","40","40","car1","S_N","PROCEED"
"results/formal_experiment/dissertation_formal_v2/runs/seed2_v4/FE04_RAW_LLM_v4_seed2_real/step_records.csv","dissertation_formal_v2","4","2","RawLLM","41","41","car0","N_S","PROCEED"
"results/formal_experiment/dissertation_formal_v2/runs/seed2_v4/FE04_RAW_LLM_v4_seed2_real/step_records.csv","dissertation_formal_v2","4","2","RawLLM","41","41","car1","S_N","PROCEED"
"results/formal_experiment/dissertation_formal_v2/runs/seed2_v4/FE04_RAW_LLM_v4_seed2_real/step_records.csv","dissertation_formal_v2","4","2","RawLLM","42","42","car0","N_S","PROCEED"
"results/formal_experiment/dissertation_formal_v2/runs/seed2_v4/FE04_RAW_LLM_v4_seed2_real/step_records.csv","dissertation_formal_v2","4","2","RawLLM","42","42","car1","S_N","PROCEED"
"results/formal_experiment/dissertation_formal_v2/runs/seed2_v4/FE04_RAW_LLM_v4_seed2_real/step_records.csv","dissertation_formal_v2","4","2","RawLLM","43","43","car0","N_S","PROCEED"
"results/formal_experiment/dissertation_formal_v2/runs/seed2_v4/FE04_RAW_LLM_v4_seed2_real/step_records.csv","dissertation_formal_v2","4","2","RawLLM","43","43","car1","S_N","PROCEED"
"results/formal_experiment/dissertation_formal_v2/runs/seed2_v4/FE04_RAW_LLM_v4_seed2_real/step_records.csv","dissertation_formal_v2","4","2","RawLLM","44","44","car0","N_S","PROCEED"
"results/formal_experiment/dissertation_formal_v2/runs/seed2_v4/FE04_RAW_LLM_v4_seed2_real/step_records.csv","dissertation_formal_v2","4","2","RawLLM","44","44","car1","S_N","PROCEED"
"results/formal_experiment/dissertation_formal_v2/runs/seed2_v4/FE04_RAW_LLM_v4_seed2_real/step_records.csv","dissertation_formal_v2","4","2","RawLLM","45","45","car0","N_S","PROCEED"
"results/formal_experiment/dissertation_formal_v2/runs/seed2_v4/FE04_RAW_LLM_v4_seed2_real/step_records.csv","dissertation_formal_v2","4","2","RawLLM","45","45","car1","S_N","PROCEED"
"results/formal_experiment/dissertation_formal_v2/runs/seed2_v4/FE04_RAW_LLM_v4_seed2_real/step_records.csv","dissertation_formal_v2","4","2","RawLLM","46","46","car0","N_S","PROCEED"
"results/formal_experiment/dissertation_formal_v2/runs/seed2_v4/FE04_RAW_LLM_v4_seed2_real/step_records.csv","dissertation_formal_v2","4","2","RawLLM","46","46","car1","S_N","PROCEED"
"results/formal_experiment/dissertation_formal_v2/runs/seed2_v4/FE04_RAW_LLM_v4_seed2_real/step_records.csv","dissertation_formal_v2","4","2","RawLLM","47","47","car0","N_S","PROCEED"
"results/formal_experiment/dissertation_formal_v2/runs/seed2_v4/FE04_RAW_LLM_v4_seed2_real/step_records.csv","dissertation_formal_v2","4","2","RawLLM","47","47","car1","S_N","PROCEED"
"results/formal_experiment/dissertation_formal_v2/runs/seed2_v4/FE04_RAW_LLM_v4_seed2_real/step_records.csv","dissertation_formal_v2","4","2","RawLLM","48","48","car0","N_S","FREE"
"results/formal_experiment/dissertation_formal_v2/runs/seed2_v4/FE04_RAW_LLM_v4_seed2_real/step_records.csv","dissertation_formal_v2","4","2","RawLLM","48","48","car1","S_N","FREE"
"results/formal_experiment/dissertation_formal_v2/runs/seed2_v4/FE04_RAW_LLM_v4_seed2_real/step_records.csv","dissertation_formal_v2","4","2","RawLLM","49","49","car0","N_S","FREE"
"results/formal_experiment/dissertation_formal_v2/runs/seed2_v4/FE04_RAW_LLM_v4_seed2_real/step_records.csv","dissertation_formal_v2","4","2","RawLLM","49","49","car1","S_N","FREE"
"results/formal_experiment/dissertation_formal_v2/runs/seed2_v4/FE04_RAW_LLM_v4_seed2_real/step_records.csv","dissertation_formal_v2","4","2","RawLLM","50","50","car0","N_S","FREE"
"results/formal_experiment/dissertation_formal_v2/runs/seed2_v4/FE04_RAW_LLM_v4_seed2_real/step_records.csv","dissertation_formal_v2","4","2","RawLLM","50","50","car1","S_N","FREE"
"results/formal_experiment/dissertation_formal_v2/runs/seed2_v4/FE04_RAW_LLM_v4_seed2_real/step_records.csv","dissertation_formal_v2","4","2","RawLLM","51","51","car0","N_S","FREE"
"results/formal_experiment/dissertation_formal_v2/runs/seed2_v4/FE04_RAW_LLM_v4_seed2_real/step_records.csv","dissertation_formal_v2","4","2","RawLLM","51","51","car1","S_N","FREE"
"results/formal_experiment/dissertation_formal_v2/runs/seed2_v4/FE04_RAW_LLM_v4_seed2_real/step_records.csv","dissertation_formal_v2","4","2","RawLLM","52","52","car0","N_S","FREE"
"results/formal_experiment/dissertation_formal_v2/runs/seed2_v4/FE04_RAW_LLM_v4_seed2_real/step_records.csv","dissertation_formal_v2","4","2","RawLLM","52","52","car1","S_N","FREE"
"results/formal_experiment/dissertation_formal_v2/runs/seed2_v4/FE05_HYBRID_v4_seed2_real/step_records.csv","dissertation_formal_v2","4","2","HybridLLM","0","0","car0","N_S","FREE"
"results/formal_experiment/dissertation_formal_v2/runs/seed2_v4/FE05_HYBRID_v4_seed2_real/step_records.csv","dissertation_formal_v2","4","2","HybridLLM","1","1","car0","N_S","FREE"
"results/formal_experiment/dissertation_formal_v2/runs/seed2_v4/FE05_HYBRID_v4_seed2_real/step_records.csv","dissertation_formal_v2","4","2","HybridLLM","2","2","car0","N_S","FREE"
"results/formal_experiment/dissertation_formal_v2/runs/seed2_v4/FE05_HYBRID_v4_seed2_real/step_records.csv","dissertation_formal_v2","4","2","HybridLLM","2","2","car1","S_N","FREE"
"results/formal_experiment/dissertation_formal_v2/runs/seed2_v4/FE05_HYBRID_v4_seed2_real/step_records.csv","dissertation_formal_v2","4","2","HybridLLM","3","3","car0","N_S","FREE"
"results/formal_experiment/dissertation_formal_v2/runs/seed2_v4/FE05_HYBRID_v4_seed2_real/step_records.csv","dissertation_formal_v2","4","2","HybridLLM","3","3","car1","S_N","FREE"
"results/formal_experiment/dissertation_formal_v2/runs/seed2_v4/FE05_HYBRID_v4_seed2_real/step_records.csv","dissertation_formal_v2","4","2","HybridLLM","4","4","car0","N_S","FREE"
"results/formal_experiment/dissertation_formal_v2/runs/seed2_v4/FE05_HYBRID_v4_seed2_real/step_records.csv","dissertation_formal_v2","4","2","HybridLLM","4","4","car1","S_N","FREE"
"results/formal_experiment/dissertation_formal_v2/runs/seed2_v4/FE05_HYBRID_v4_seed2_real/step_records.csv","dissertation_formal_v2","4","2","HybridLLM","4","4","car2","E_W","FREE"
"results/formal_experiment/dissertation_formal_v2/runs/seed2_v4/FE05_HYBRID_v4_seed2_real/step_records.csv","dissertation_formal_v2","4","2","HybridLLM","5","5","car0","N_S","PROCEED"
"results/formal_experiment/dissertation_formal_v2/runs/seed2_v4/FE05_HYBRID_v4_seed2_real/step_records.csv","dissertation_formal_v2","4","2","HybridLLM","5","5","car1","S_N","FREE"
"results/formal_experiment/dissertation_formal_v2/runs/seed2_v4/FE05_HYBRID_v4_seed2_real/step_records.csv","dissertation_formal_v2","4","2","HybridLLM","5","5","car2","E_W","FREE"
"results/formal_experiment/dissertation_formal_v2/runs/seed2_v4/FE05_HYBRID_v4_seed2_real/step_records.csv","dissertation_formal_v2","4","2","HybridLLM","6","6","car0","N_S","PROCEED"
"results/formal_experiment/dissertation_formal_v2/runs/seed2_v4/FE05_HYBRID_v4_seed2_real/step_records.csv","dissertation_formal_v2","4","2","HybridLLM","6","6","car1","S_N","FREE"
"results/formal_experiment/dissertation_formal_v2/runs/seed2_v4/FE05_HYBRID_v4_seed2_real/step_records.csv","dissertation_formal_v2","4","2","HybridLLM","6","6","car2","E_W","FREE"
"results/formal_experiment/dissertation_formal_v2/runs/seed2_v4/FE05_HYBRID_v4_seed2_real/step_records.csv","dissertation_formal_v2","4","2","HybridLLM","6","6","car3","W_E","FREE"
"results/formal_experiment/dissertation_formal_v2/runs/seed2_v4/FE05_HYBRID_v4_seed2_real/step_records.csv","dissertation_formal_v2","4","2","HybridLLM","7","7","car0","N_S","PROCEED"
"results/formal_experiment/dissertation_formal_v2/runs/seed2_v4/FE05_HYBRID_v4_seed2_real/step_records.csv","dissertation_formal_v2","4","2","HybridLLM","7","7","car1","S_N","FREE"
"results/formal_experiment/dissertation_formal_v2/runs/seed2_v4/FE05_HYBRID_v4_seed2_real/step_records.csv","dissertation_formal_v2","4","2","HybridLLM","7","7","car2","E_W","FREE"
"results/formal_experiment/dissertation_formal_v2/runs/seed2_v4/FE05_HYBRID_v4_seed2_real/step_records.csv","dissertation_formal_v2","4","2","HybridLLM","7","7","car3","W_E","FREE"
"results/formal_experiment/dissertation_formal_v2/runs/seed2_v4/FE05_HYBRID_v4_seed2_real/step_records.csv","dissertation_formal_v2","4","2","HybridLLM","8","8","car0","N_S","PROCEED"
"results/formal_experiment/dissertation_formal_v2/runs/seed2_v4/FE05_HYBRID_v4_seed2_real/step_records.csv","dissertation_formal_v2","4","2","HybridLLM","8","8","car1","S_N","PROCEED"
"results/formal_experiment/dissertation_formal_v2/runs/seed2_v4/FE05_HYBRID_v4_seed2_real/step_records.csv","dissertation_formal_v2","4","2","HybridLLM","8","8","car2","E_W","FREE"
"results/formal_experiment/dissertation_formal_v2/runs/seed2_v4/FE05_HYBRID_v4_seed2_real/step_records.csv","dissertation_formal_v2","4","2","HybridLLM","8","8","car3","W_E","FREE"
"results/formal_experiment/dissertation_formal_v2/runs/seed2_v4/FE05_HYBRID_v4_seed2_real/step_records.csv","dissertation_formal_v2","4","2","HybridLLM","9","9","car0","N_S","PROCEED"
"results/formal_experiment/dissertation_formal_v2/runs/seed2_v4/FE05_HYBRID_v4_seed2_real/step_records.csv","dissertation_formal_v2","4","2","HybridLLM","9","9","car1","S_N","PROCEED"
"results/formal_experiment/dissertation_formal_v2/runs/seed2_v4/FE05_HYBRID_v4_seed2_real/step_records.csv","dissertation_formal_v2","4","2","HybridLLM","9","9","car2","E_W","FREE"
"results/formal_experiment/dissertation_formal_v2/runs/seed2_v4/FE05_HYBRID_v4_seed2_real/step_records.csv","dissertation_formal_v2","4","2","HybridLLM","9","9","car3","W_E","FREE"
"results/formal_experiment/dissertation_formal_v2/runs/seed2_v4/FE05_HYBRID_v4_seed2_real/step_records.csv","dissertation_formal_v2","4","2","HybridLLM","10","10","car0","N_S","PROCEED"
"results/formal_experiment/dissertation_formal_v2/runs/seed2_v4/FE05_HYBRID_v4_seed2_real/step_records.csv","dissertation_formal_v2","4","2","HybridLLM","10","10","car1","S_N","PROCEED"
"results/formal_experiment/dissertation_formal_v2/runs/seed2_v4/FE05_HYBRID_v4_seed2_real/step_records.csv","dissertation_formal_v2","4","2","HybridLLM","10","10","car2","E_W","FREE"
"results/formal_experiment/dissertation_formal_v2/runs/seed2_v4/FE05_HYBRID_v4_seed2_real/step_records.csv","dissertation_formal_v2","4","2","HybridLLM","10","10","car3","W_E","FREE"
"results/formal_experiment/dissertation_formal_v2/runs/seed2_v4/FE05_HYBRID_v4_seed2_real/step_records.csv","dissertation_formal_v2","4","2","HybridLLM","11","11","car0","N_S","PROCEED"
"results/formal_experiment/dissertation_formal_v2/runs/seed2_v4/FE05_HYBRID_v4_seed2_real/step_records.csv","dissertation_formal_v2","4","2","HybridLLM","11","11","car1","S_N","PROCEED"
"results/formal_experiment/dissertation_formal_v2/runs/seed2_v4/FE05_HYBRID_v4_seed2_real/step_records.csv","dissertation_formal_v2","4","2","HybridLLM","11","11","car2","E_W","FREE"
"results/formal_experiment/dissertation_formal_v2/runs/seed2_v4/FE05_HYBRID_v4_seed2_real/step_records.csv","dissertation_formal_v2","4","2","HybridLLM","11","11","car3","W_E","FREE"
"results/formal_experiment/dissertation_formal_v2/runs/seed2_v4/FE05_HYBRID_v4_seed2_real/step_records.csv","dissertation_formal_v2","4","2","HybridLLM","12","12","car0","N_S","WAIT"
"results/formal_experiment/dissertation_formal_v2/runs/seed2_v4/FE05_HYBRID_v4_seed2_real/step_records.csv","dissertation_formal_v2","4","2","HybridLLM","12","12","car1","S_N","WAIT"
"results/formal_experiment/dissertation_formal_v2/runs/seed2_v4/FE05_HYBRID_v4_seed2_real/step_records.csv","dissertation_formal_v2","4","2","HybridLLM","12","12","car2","E_W","PROCEED"
"results/formal_experiment/dissertation_formal_v2/runs/seed2_v4/FE05_HYBRID_v4_seed2_real/step_records.csv","dissertation_formal_v2","4","2","HybridLLM","12","12","car3","W_E","FREE"
"results/formal_experiment/dissertation_formal_v2/runs/seed2_v4/FE05_HYBRID_v4_seed2_real/step_records.csv","dissertation_formal_v2","4","2","HybridLLM","13","13","car0","N_S","WAIT"
"results/formal_experiment/dissertation_formal_v2/runs/seed2_v4/FE05_HYBRID_v4_seed2_real/step_records.csv","dissertation_formal_v2","4","2","HybridLLM","13","13","car1","S_N","WAIT"
"results/formal_experiment/dissertation_formal_v2/runs/seed2_v4/FE05_HYBRID_v4_seed2_real/step_records.csv","dissertation_formal_v2","4","2","HybridLLM","13","13","car2","E_W","PROCEED"
"results/formal_experiment/dissertation_formal_v2/runs/seed2_v4/FE05_HYBRID_v4_seed2_real/step_records.csv","dissertation_formal_v2","4","2","HybridLLM","13","13","car3","W_E","PROCEED"
"results/formal_experiment/dissertation_formal_v2/runs/seed2_v4/FE05_HYBRID_v4_seed2_real/step_records.csv","dissertation_formal_v2","4","2","HybridLLM","14","14","car0","N_S","WAIT"
"results/formal_experiment/dissertation_formal_v2/runs/seed2_v4/FE05_HYBRID_v4_seed2_real/step_records.csv","dissertation_formal_v2","4","2","HybridLLM","14","14","car1","S_N","WAIT"
"results/formal_experiment/dissertation_formal_v2/runs/seed2_v4/FE05_HYBRID_v4_seed2_real/step_records.csv","dissertation_formal_v2","4","2","HybridLLM","14","14","car2","E_W","PROCEED"
"results/formal_experiment/dissertation_formal_v2/runs/seed2_v4/FE05_HYBRID_v4_seed2_real/step_records.csv","dissertation_formal_v2","4","2","HybridLLM","14","14","car3","W_E","PROCEED"
"results/formal_experiment/dissertation_formal_v2/runs/seed2_v4/FE05_HYBRID_v4_seed2_real/step_records.csv","dissertation_formal_v2","4","2","HybridLLM","15","15","car0","N_S","WAIT"
"results/formal_experiment/dissertation_formal_v2/runs/seed2_v4/FE05_HYBRID_v4_seed2_real/step_records.csv","dissertation_formal_v2","4","2","HybridLLM","15","15","car1","S_N","WAIT"
"results/formal_experiment/dissertation_formal_v2/runs/seed2_v4/FE05_HYBRID_v4_seed2_real/step_records.csv","dissertation_formal_v2","4","2","HybridLLM","15","15","car2","E_W","PROCEED"
"results/formal_experiment/dissertation_formal_v2/runs/seed2_v4/FE05_HYBRID_v4_seed2_real/step_records.csv","dissertation_formal_v2","4","2","HybridLLM","15","15","car3","W_E","PROCEED"
"results/formal_experiment/dissertation_formal_v2/runs/seed2_v4/FE05_HYBRID_v4_seed2_real/step_records.csv","dissertation_formal_v2","4","2","HybridLLM","16","16","car0","N_S","WAIT"
"results/formal_experiment/dissertation_formal_v2/runs/seed2_v4/FE05_HYBRID_v4_seed2_real/step_records.csv","dissertation_formal_v2","4","2","HybridLLM","16","16","car1","S_N","WAIT"
"results/formal_experiment/dissertation_formal_v2/runs/seed2_v4/FE05_HYBRID_v4_seed2_real/step_records.csv","dissertation_formal_v2","4","2","HybridLLM","16","16","car2","E_W","PROCEED"
"results/formal_experiment/dissertation_formal_v2/runs/seed2_v4/FE05_HYBRID_v4_seed2_real/step_records.csv","dissertation_formal_v2","4","2","HybridLLM","16","16","car3","W_E","PROCEED"
"results/formal_experiment/dissertation_formal_v2/runs/seed2_v4/FE05_HYBRID_v4_seed2_real/step_records.csv","dissertation_formal_v2","4","2","HybridLLM","17","17","car0","N_S","WAIT"
"results/formal_experiment/dissertation_formal_v2/runs/seed2_v4/FE05_HYBRID_v4_seed2_real/step_records.csv","dissertation_formal_v2","4","2","HybridLLM","17","17","car1","S_N","WAIT"
"results/formal_experiment/dissertation_formal_v2/runs/seed2_v4/FE05_HYBRID_v4_seed2_real/step_records.csv","dissertation_formal_v2","4","2","HybridLLM","17","17","car2","E_W","PROCEED"
"results/formal_experiment/dissertation_formal_v2/runs/seed2_v4/FE05_HYBRID_v4_seed2_real/step_records.csv","dissertation_formal_v2","4","2","HybridLLM","17","17","car3","W_E","PROCEED"
"results/formal_experiment/dissertation_formal_v2/runs/seed2_v4/FE05_HYBRID_v4_seed2_real/step_records.csv","dissertation_formal_v2","4","2","HybridLLM","18","18","car0","N_S","WAIT"
"results/formal_experiment/dissertation_formal_v2/runs/seed2_v4/FE05_HYBRID_v4_seed2_real/step_records.csv","dissertation_formal_v2","4","2","HybridLLM","18","18","car1","S_N","WAIT"
"results/formal_experiment/dissertation_formal_v2/runs/seed2_v4/FE05_HYBRID_v4_seed2_real/step_records.csv","dissertation_formal_v2","4","2","HybridLLM","18","18","car2","E_W","PROCEED"
"results/formal_experiment/dissertation_formal_v2/runs/seed2_v4/FE05_HYBRID_v4_seed2_real/step_records.csv","dissertation_formal_v2","4","2","HybridLLM","18","18","car3","W_E","PROCEED"
"results/formal_experiment/dissertation_formal_v2/runs/seed2_v4/FE05_HYBRID_v4_seed2_real/step_records.csv","dissertation_formal_v2","4","2","HybridLLM","19","19","car0","N_S","WAIT"
"results/formal_experiment/dissertation_formal_v2/runs/seed2_v4/FE05_HYBRID_v4_seed2_real/step_records.csv","dissertation_formal_v2","4","2","HybridLLM","19","19","car1","S_N","WAIT"
"results/formal_experiment/dissertation_formal_v2/runs/seed2_v4/FE05_HYBRID_v4_seed2_real/step_records.csv","dissertation_formal_v2","4","2","HybridLLM","19","19","car2","E_W","FREE"
"results/formal_experiment/dissertation_formal_v2/runs/seed2_v4/FE05_HYBRID_v4_seed2_real/step_records.csv","dissertation_formal_v2","4","2","HybridLLM","19","19","car3","W_E","PROCEED"
"results/formal_experiment/dissertation_formal_v2/runs/seed2_v4/FE05_HYBRID_v4_seed2_real/step_records.csv","dissertation_formal_v2","4","2","HybridLLM","20","20","car0","N_S","PROCEED"
"results/formal_experiment/dissertation_formal_v2/runs/seed2_v4/FE05_HYBRID_v4_seed2_real/step_records.csv","dissertation_formal_v2","4","2","HybridLLM","20","20","car1","S_N","PROCEED"
"results/formal_experiment/dissertation_formal_v2/runs/seed2_v4/FE05_HYBRID_v4_seed2_real/step_records.csv","dissertation_formal_v2","4","2","HybridLLM","20","20","car2","E_W","FREE"
"results/formal_experiment/dissertation_formal_v2/runs/seed2_v4/FE05_HYBRID_v4_seed2_real/step_records.csv","dissertation_formal_v2","4","2","HybridLLM","20","20","car3","W_E","FREE"
"results/formal_experiment/dissertation_formal_v2/runs/seed2_v4/FE05_HYBRID_v4_seed2_real/step_records.csv","dissertation_formal_v2","4","2","HybridLLM","21","21","car0","N_S","PROCEED"
"results/formal_experiment/dissertation_formal_v2/runs/seed2_v4/FE05_HYBRID_v4_seed2_real/step_records.csv","dissertation_formal_v2","4","2","HybridLLM","21","21","car1","S_N","PROCEED"
"results/formal_experiment/dissertation_formal_v2/runs/seed2_v4/FE05_HYBRID_v4_seed2_real/step_records.csv","dissertation_formal_v2","4","2","HybridLLM","21","21","car2","E_W","FREE"
"results/formal_experiment/dissertation_formal_v2/runs/seed2_v4/FE05_HYBRID_v4_seed2_real/step_records.csv","dissertation_formal_v2","4","2","HybridLLM","21","21","car3","W_E","FREE"
"results/formal_experiment/dissertation_formal_v2/runs/seed2_v4/FE05_HYBRID_v4_seed2_real/step_records.csv","dissertation_formal_v2","4","2","HybridLLM","22","22","car0","N_S","PROCEED"
"results/formal_experiment/dissertation_formal_v2/runs/seed2_v4/FE05_HYBRID_v4_seed2_real/step_records.csv","dissertation_formal_v2","4","2","HybridLLM","22","22","car1","S_N","PROCEED"
"results/formal_experiment/dissertation_formal_v2/runs/seed2_v4/FE05_HYBRID_v4_seed2_real/step_records.csv","dissertation_formal_v2","4","2","HybridLLM","22","22","car2","E_W","FREE"
"results/formal_experiment/dissertation_formal_v2/runs/seed2_v4/FE05_HYBRID_v4_seed2_real/step_records.csv","dissertation_formal_v2","4","2","HybridLLM","22","22","car3","W_E","FREE"
"results/formal_experiment/dissertation_formal_v2/runs/seed2_v4/FE05_HYBRID_v4_seed2_real/step_records.csv","dissertation_formal_v2","4","2","HybridLLM","23","23","car0","N_S","PROCEED"
"results/formal_experiment/dissertation_formal_v2/runs/seed2_v4/FE05_HYBRID_v4_seed2_real/step_records.csv","dissertation_formal_v2","4","2","HybridLLM","23","23","car1","S_N","PROCEED"
"results/formal_experiment/dissertation_formal_v2/runs/seed2_v4/FE05_HYBRID_v4_seed2_real/step_records.csv","dissertation_formal_v2","4","2","HybridLLM","23","23","car2","E_W","FREE"
"results/formal_experiment/dissertation_formal_v2/runs/seed2_v4/FE05_HYBRID_v4_seed2_real/step_records.csv","dissertation_formal_v2","4","2","HybridLLM","23","23","car3","W_E","FREE"
"results/formal_experiment/dissertation_formal_v2/runs/seed2_v4/FE05_HYBRID_v4_seed2_real/step_records.csv","dissertation_formal_v2","4","2","HybridLLM","24","24","car0","N_S","PROCEED"
"results/formal_experiment/dissertation_formal_v2/runs/seed2_v4/FE05_HYBRID_v4_seed2_real/step_records.csv","dissertation_formal_v2","4","2","HybridLLM","24","24","car1","S_N","PROCEED"
"results/formal_experiment/dissertation_formal_v2/runs/seed2_v4/FE05_HYBRID_v4_seed2_real/step_records.csv","dissertation_formal_v2","4","2","HybridLLM","24","24","car2","E_W","FREE"
"results/formal_experiment/dissertation_formal_v2/runs/seed2_v4/FE05_HYBRID_v4_seed2_real/step_records.csv","dissertation_formal_v2","4","2","HybridLLM","24","24","car3","W_E","FREE"
"results/formal_experiment/dissertation_formal_v2/runs/seed2_v4/FE05_HYBRID_v4_seed2_real/step_records.csv","dissertation_formal_v2","4","2","HybridLLM","25","25","car0","N_S","PROCEED"
"results/formal_experiment/dissertation_formal_v2/runs/seed2_v4/FE05_HYBRID_v4_seed2_real/step_records.csv","dissertation_formal_v2","4","2","HybridLLM","25","25","car1","S_N","PROCEED"
"results/formal_experiment/dissertation_formal_v2/runs/seed2_v4/FE05_HYBRID_v4_seed2_real/step_records.csv","dissertation_formal_v2","4","2","HybridLLM","25","25","car2","E_W","FREE"
"results/formal_experiment/dissertation_formal_v2/runs/seed2_v4/FE05_HYBRID_v4_seed2_real/step_records.csv","dissertation_formal_v2","4","2","HybridLLM","25","25","car3","W_E","FREE"
"results/formal_experiment/dissertation_formal_v2/runs/seed2_v4/FE05_HYBRID_v4_seed2_real/step_records.csv","dissertation_formal_v2","4","2","HybridLLM","26","26","car0","N_S","PROCEED"
"results/formal_experiment/dissertation_formal_v2/runs/seed2_v4/FE05_HYBRID_v4_seed2_real/step_records.csv","dissertation_formal_v2","4","2","HybridLLM","26","26","car1","S_N","PROCEED"
"results/formal_experiment/dissertation_formal_v2/runs/seed2_v4/FE05_HYBRID_v4_seed2_real/step_records.csv","dissertation_formal_v2","4","2","HybridLLM","26","26","car3","W_E","FREE"
"results/formal_experiment/dissertation_formal_v2/runs/seed2_v4/FE05_HYBRID_v4_seed2_real/step_records.csv","dissertation_formal_v2","4","2","HybridLLM","27","27","car0","N_S","PROCEED"
"results/formal_experiment/dissertation_formal_v2/runs/seed2_v4/FE05_HYBRID_v4_seed2_real/step_records.csv","dissertation_formal_v2","4","2","HybridLLM","27","27","car1","S_N","PROCEED"
"results/formal_experiment/dissertation_formal_v2/runs/seed2_v4/FE05_HYBRID_v4_seed2_real/step_records.csv","dissertation_formal_v2","4","2","HybridLLM","27","27","car3","W_E","FREE"
"results/formal_experiment/dissertation_formal_v2/runs/seed2_v4/FE05_HYBRID_v4_seed2_real/step_records.csv","dissertation_formal_v2","4","2","HybridLLM","28","28","car0","N_S","PROCEED"
"results/formal_experiment/dissertation_formal_v2/runs/seed2_v4/FE05_HYBRID_v4_seed2_real/step_records.csv","dissertation_formal_v2","4","2","HybridLLM","28","28","car1","S_N","PROCEED"
"results/formal_experiment/dissertation_formal_v2/runs/seed2_v4/FE05_HYBRID_v4_seed2_real/step_records.csv","dissertation_formal_v2","4","2","HybridLLM","29","29","car0","N_S","PROCEED"
"results/formal_experiment/dissertation_formal_v2/runs/seed2_v4/FE05_HYBRID_v4_seed2_real/step_records.csv","dissertation_formal_v2","4","2","HybridLLM","29","29","car1","S_N","PROCEED"
"results/formal_experiment/dissertation_formal_v2/runs/seed2_v4/FE05_HYBRID_v4_seed2_real/step_records.csv","dissertation_formal_v2","4","2","HybridLLM","30","30","car0","N_S","PROCEED"
"results/formal_experiment/dissertation_formal_v2/runs/seed2_v4/FE05_HYBRID_v4_seed2_real/step_records.csv","dissertation_formal_v2","4","2","HybridLLM","30","30","car1","S_N","PROCEED"
"results/formal_experiment/dissertation_formal_v2/runs/seed2_v4/FE05_HYBRID_v4_seed2_real/step_records.csv","dissertation_formal_v2","4","2","HybridLLM","31","31","car0","N_S","PROCEED"
"results/formal_experiment/dissertation_formal_v2/runs/seed2_v4/FE05_HYBRID_v4_seed2_real/step_records.csv","dissertation_formal_v2","4","2","HybridLLM","31","31","car1","S_N","PROCEED"
"results/formal_experiment/dissertation_formal_v2/runs/seed2_v4/FE05_HYBRID_v4_seed2_real/step_records.csv","dissertation_formal_v2","4","2","HybridLLM","32","32","car0","N_S","PROCEED"
"results/formal_experiment/dissertation_formal_v2/runs/seed2_v4/FE05_HYBRID_v4_seed2_real/step_records.csv","dissertation_formal_v2","4","2","HybridLLM","32","32","car1","S_N","PROCEED"
"results/formal_experiment/dissertation_formal_v2/runs/seed2_v4/FE05_HYBRID_v4_seed2_real/step_records.csv","dissertation_formal_v2","4","2","HybridLLM","33","33","car0","N_S","PROCEED"
"results/formal_experiment/dissertation_formal_v2/runs/seed2_v4/FE05_HYBRID_v4_seed2_real/step_records.csv","dissertation_formal_v2","4","2","HybridLLM","33","33","car1","S_N","PROCEED"
"results/formal_experiment/dissertation_formal_v2/runs/seed2_v4/FE05_HYBRID_v4_seed2_real/step_records.csv","dissertation_formal_v2","4","2","HybridLLM","34","34","car0","N_S","PROCEED"
"results/formal_experiment/dissertation_formal_v2/runs/seed2_v4/FE05_HYBRID_v4_seed2_real/step_records.csv","dissertation_formal_v2","4","2","HybridLLM","34","34","car1","S_N","PROCEED"
"results/formal_experiment/dissertation_formal_v2/runs/seed2_v4/FE05_HYBRID_v4_seed2_real/step_records.csv","dissertation_formal_v2","4","2","HybridLLM","35","35","car0","N_S","PROCEED"
"results/formal_experiment/dissertation_formal_v2/runs/seed2_v4/FE05_HYBRID_v4_seed2_real/step_records.csv","dissertation_formal_v2","4","2","HybridLLM","35","35","car1","S_N","PROCEED"
"results/formal_experiment/dissertation_formal_v2/runs/seed2_v4/FE05_HYBRID_v4_seed2_real/step_records.csv","dissertation_formal_v2","4","2","HybridLLM","36","36","car0","N_S","PROCEED"
"results/formal_experiment/dissertation_formal_v2/runs/seed2_v4/FE05_HYBRID_v4_seed2_real/step_records.csv","dissertation_formal_v2","4","2","HybridLLM","36","36","car1","S_N","PROCEED"
"results/formal_experiment/dissertation_formal_v2/runs/seed2_v4/FE05_HYBRID_v4_seed2_real/step_records.csv","dissertation_formal_v2","4","2","HybridLLM","37","37","car0","N_S","PROCEED"
"results/formal_experiment/dissertation_formal_v2/runs/seed2_v4/FE05_HYBRID_v4_seed2_real/step_records.csv","dissertation_formal_v2","4","2","HybridLLM","37","37","car1","S_N","PROCEED"
"results/formal_experiment/dissertation_formal_v2/runs/seed2_v4/FE05_HYBRID_v4_seed2_real/step_records.csv","dissertation_formal_v2","4","2","HybridLLM","38","38","car0","N_S","PROCEED"
"results/formal_experiment/dissertation_formal_v2/runs/seed2_v4/FE05_HYBRID_v4_seed2_real/step_records.csv","dissertation_formal_v2","4","2","HybridLLM","38","38","car1","S_N","PROCEED"
"results/formal_experiment/dissertation_formal_v2/runs/seed2_v4/FE05_HYBRID_v4_seed2_real/step_records.csv","dissertation_formal_v2","4","2","HybridLLM","39","39","car0","N_S","PROCEED"
"results/formal_experiment/dissertation_formal_v2/runs/seed2_v4/FE05_HYBRID_v4_seed2_real/step_records.csv","dissertation_formal_v2","4","2","HybridLLM","39","39","car1","S_N","PROCEED"
"results/formal_experiment/dissertation_formal_v2/runs/seed2_v4/FE05_HYBRID_v4_seed2_real/step_records.csv","dissertation_formal_v2","4","2","HybridLLM","40","40","car0","N_S","PROCEED"
"results/formal_experiment/dissertation_formal_v2/runs/seed2_v4/FE05_HYBRID_v4_seed2_real/step_records.csv","dissertation_formal_v2","4","2","HybridLLM","40","40","car1","S_N","PROCEED"
"results/formal_experiment/dissertation_formal_v2/runs/seed2_v4/FE05_HYBRID_v4_seed2_real/step_records.csv","dissertation_formal_v2","4","2","HybridLLM","41","41","car0","N_S","PROCEED"
"results/formal_experiment/dissertation_formal_v2/runs/seed2_v4/FE05_HYBRID_v4_seed2_real/step_records.csv","dissertation_formal_v2","4","2","HybridLLM","41","41","car1","S_N","PROCEED"
"results/formal_experiment/dissertation_formal_v2/runs/seed2_v4/FE05_HYBRID_v4_seed2_real/step_records.csv","dissertation_formal_v2","4","2","HybridLLM","42","42","car0","N_S","PROCEED"
"results/formal_experiment/dissertation_formal_v2/runs/seed2_v4/FE05_HYBRID_v4_seed2_real/step_records.csv","dissertation_formal_v2","4","2","HybridLLM","42","42","car1","S_N","PROCEED"
"results/formal_experiment/dissertation_formal_v2/runs/seed2_v4/FE05_HYBRID_v4_seed2_real/step_records.csv","dissertation_formal_v2","4","2","HybridLLM","43","43","car0","N_S","PROCEED"
"results/formal_experiment/dissertation_formal_v2/runs/seed2_v4/FE05_HYBRID_v4_seed2_real/step_records.csv","dissertation_formal_v2","4","2","HybridLLM","43","43","car1","S_N","PROCEED"
"results/formal_experiment/dissertation_formal_v2/runs/seed2_v4/FE05_HYBRID_v4_seed2_real/step_records.csv","dissertation_formal_v2","4","2","HybridLLM","44","44","car0","N_S","PROCEED"
"results/formal_experiment/dissertation_formal_v2/runs/seed2_v4/FE05_HYBRID_v4_seed2_real/step_records.csv","dissertation_formal_v2","4","2","HybridLLM","44","44","car1","S_N","PROCEED"
"results/formal_experiment/dissertation_formal_v2/runs/seed2_v4/FE05_HYBRID_v4_seed2_real/step_records.csv","dissertation_formal_v2","4","2","HybridLLM","45","45","car0","N_S","PROCEED"
"results/formal_experiment/dissertation_formal_v2/runs/seed2_v4/FE05_HYBRID_v4_seed2_real/step_records.csv","dissertation_formal_v2","4","2","HybridLLM","45","45","car1","S_N","PROCEED"
"results/formal_experiment/dissertation_formal_v2/runs/seed2_v4/FE05_HYBRID_v4_seed2_real/step_records.csv","dissertation_formal_v2","4","2","HybridLLM","46","46","car0","N_S","PROCEED"
"results/formal_experiment/dissertation_formal_v2/runs/seed2_v4/FE05_HYBRID_v4_seed2_real/step_records.csv","dissertation_formal_v2","4","2","HybridLLM","46","46","car1","S_N","PROCEED"
"results/formal_experiment/dissertation_formal_v2/runs/seed2_v4/FE05_HYBRID_v4_seed2_real/step_records.csv","dissertation_formal_v2","4","2","HybridLLM","47","47","car0","N_S","PROCEED"
"results/formal_experiment/dissertation_formal_v2/runs/seed2_v4/FE05_HYBRID_v4_seed2_real/step_records.csv","dissertation_formal_v2","4","2","HybridLLM","47","47","car1","S_N","PROCEED"
"results/formal_experiment/dissertation_formal_v2/runs/seed2_v4/FE05_HYBRID_v4_seed2_real/step_records.csv","dissertation_formal_v2","4","2","HybridLLM","48","48","car0","N_S","FREE"
"results/formal_experiment/dissertation_formal_v2/runs/seed2_v4/FE05_HYBRID_v4_seed2_real/step_records.csv","dissertation_formal_v2","4","2","HybridLLM","48","48","car1","S_N","FREE"
"results/formal_experiment/dissertation_formal_v2/runs/seed2_v4/FE05_HYBRID_v4_seed2_real/step_records.csv","dissertation_formal_v2","4","2","HybridLLM","49","49","car0","N_S","FREE"
"results/formal_experiment/dissertation_formal_v2/runs/seed2_v4/FE05_HYBRID_v4_seed2_real/step_records.csv","dissertation_formal_v2","4","2","HybridLLM","49","49","car1","S_N","FREE"
"results/formal_experiment/dissertation_formal_v2/runs/seed2_v4/FE05_HYBRID_v4_seed2_real/step_records.csv","dissertation_formal_v2","4","2","HybridLLM","50","50","car0","N_S","FREE"
"results/formal_experiment/dissertation_formal_v2/runs/seed2_v4/FE05_HYBRID_v4_seed2_real/step_records.csv","dissertation_formal_v2","4","2","HybridLLM","50","50","car1","S_N","FREE"
"results/formal_experiment/dissertation_formal_v2/runs/seed2_v4/FE05_HYBRID_v4_seed2_real/step_records.csv","dissertation_formal_v2","4","2","HybridLLM","51","51","car0","N_S","FREE"
"results/formal_experiment/dissertation_formal_v2/runs/seed2_v4/FE05_HYBRID_v4_seed2_real/step_records.csv","dissertation_formal_v2","4","2","HybridLLM","51","51","car1","S_N","FREE"
"results/formal_experiment/dissertation_formal_v2/runs/seed2_v4/FE05_HYBRID_v4_seed2_real/step_records.csv","dissertation_formal_v2","4","2","HybridLLM","52","52","car0","N_S","FREE"
"results/formal_experiment/dissertation_formal_v2/runs/seed2_v4/FE05_HYBRID_v4_seed2_real/step_records.csv","dissertation_formal_v2","4","2","HybridLLM","52","52","car1","S_N","FREE"
"results/formal_experiment/dissertation_formal_v2/runs/seed2_v4/FE06_HYBRID_SAFETY_v4_seed2_real/step_records.csv","dissertation_formal_v2","4","2","HybridLLMSafety","0","0","car0","N_S","FREE"
"results/formal_experiment/dissertation_formal_v2/runs/seed2_v4/FE06_HYBRID_SAFETY_v4_seed2_real/step_records.csv","dissertation_formal_v2","4","2","HybridLLMSafety","1","1","car0","N_S","FREE"
"results/formal_experiment/dissertation_formal_v2/runs/seed2_v4/FE06_HYBRID_SAFETY_v4_seed2_real/step_records.csv","dissertation_formal_v2","4","2","HybridLLMSafety","2","2","car0","N_S","FREE"
"results/formal_experiment/dissertation_formal_v2/runs/seed2_v4/FE06_HYBRID_SAFETY_v4_seed2_real/step_records.csv","dissertation_formal_v2","4","2","HybridLLMSafety","2","2","car1","S_N","FREE"
"results/formal_experiment/dissertation_formal_v2/runs/seed2_v4/FE06_HYBRID_SAFETY_v4_seed2_real/step_records.csv","dissertation_formal_v2","4","2","HybridLLMSafety","3","3","car0","N_S","FREE"
"results/formal_experiment/dissertation_formal_v2/runs/seed2_v4/FE06_HYBRID_SAFETY_v4_seed2_real/step_records.csv","dissertation_formal_v2","4","2","HybridLLMSafety","3","3","car1","S_N","FREE"
"results/formal_experiment/dissertation_formal_v2/runs/seed2_v4/FE06_HYBRID_SAFETY_v4_seed2_real/step_records.csv","dissertation_formal_v2","4","2","HybridLLMSafety","4","4","car0","N_S","FREE"
"results/formal_experiment/dissertation_formal_v2/runs/seed2_v4/FE06_HYBRID_SAFETY_v4_seed2_real/step_records.csv","dissertation_formal_v2","4","2","HybridLLMSafety","4","4","car1","S_N","FREE"
"results/formal_experiment/dissertation_formal_v2/runs/seed2_v4/FE06_HYBRID_SAFETY_v4_seed2_real/step_records.csv","dissertation_formal_v2","4","2","HybridLLMSafety","4","4","car2","E_W","FREE"
"results/formal_experiment/dissertation_formal_v2/runs/seed2_v4/FE06_HYBRID_SAFETY_v4_seed2_real/step_records.csv","dissertation_formal_v2","4","2","HybridLLMSafety","5","5","car0","N_S","PROCEED"
"results/formal_experiment/dissertation_formal_v2/runs/seed2_v4/FE06_HYBRID_SAFETY_v4_seed2_real/step_records.csv","dissertation_formal_v2","4","2","HybridLLMSafety","5","5","car1","S_N","FREE"
"results/formal_experiment/dissertation_formal_v2/runs/seed2_v4/FE06_HYBRID_SAFETY_v4_seed2_real/step_records.csv","dissertation_formal_v2","4","2","HybridLLMSafety","5","5","car2","E_W","FREE"
"results/formal_experiment/dissertation_formal_v2/runs/seed2_v4/FE06_HYBRID_SAFETY_v4_seed2_real/step_records.csv","dissertation_formal_v2","4","2","HybridLLMSafety","6","6","car0","N_S","PROCEED"
"results/formal_experiment/dissertation_formal_v2/runs/seed2_v4/FE06_HYBRID_SAFETY_v4_seed2_real/step_records.csv","dissertation_formal_v2","4","2","HybridLLMSafety","6","6","car1","S_N","FREE"
"results/formal_experiment/dissertation_formal_v2/runs/seed2_v4/FE06_HYBRID_SAFETY_v4_seed2_real/step_records.csv","dissertation_formal_v2","4","2","HybridLLMSafety","6","6","car2","E_W","FREE"
"results/formal_experiment/dissertation_formal_v2/runs/seed2_v4/FE06_HYBRID_SAFETY_v4_seed2_real/step_records.csv","dissertation_formal_v2","4","2","HybridLLMSafety","6","6","car3","W_E","FREE"
"results/formal_experiment/dissertation_formal_v2/runs/seed2_v4/FE06_HYBRID_SAFETY_v4_seed2_real/step_records.csv","dissertation_formal_v2","4","2","HybridLLMSafety","7","7","car0","N_S","PROCEED"
"results/formal_experiment/dissertation_formal_v2/runs/seed2_v4/FE06_HYBRID_SAFETY_v4_seed2_real/step_records.csv","dissertation_formal_v2","4","2","HybridLLMSafety","7","7","car1","S_N","FREE"
"results/formal_experiment/dissertation_formal_v2/runs/seed2_v4/FE06_HYBRID_SAFETY_v4_seed2_real/step_records.csv","dissertation_formal_v2","4","2","HybridLLMSafety","7","7","car2","E_W","FREE"
"results/formal_experiment/dissertation_formal_v2/runs/seed2_v4/FE06_HYBRID_SAFETY_v4_seed2_real/step_records.csv","dissertation_formal_v2","4","2","HybridLLMSafety","7","7","car3","W_E","FREE"
"results/formal_experiment/dissertation_formal_v2/runs/seed2_v4/FE06_HYBRID_SAFETY_v4_seed2_real/step_records.csv","dissertation_formal_v2","4","2","HybridLLMSafety","8","8","car0","N_S","PROCEED"
"results/formal_experiment/dissertation_formal_v2/runs/seed2_v4/FE06_HYBRID_SAFETY_v4_seed2_real/step_records.csv","dissertation_formal_v2","4","2","HybridLLMSafety","8","8","car1","S_N","PROCEED"
"results/formal_experiment/dissertation_formal_v2/runs/seed2_v4/FE06_HYBRID_SAFETY_v4_seed2_real/step_records.csv","dissertation_formal_v2","4","2","HybridLLMSafety","8","8","car2","E_W","FREE"
"results/formal_experiment/dissertation_formal_v2/runs/seed2_v4/FE06_HYBRID_SAFETY_v4_seed2_real/step_records.csv","dissertation_formal_v2","4","2","HybridLLMSafety","8","8","car3","W_E","FREE"
"results/formal_experiment/dissertation_formal_v2/runs/seed2_v4/FE06_HYBRID_SAFETY_v4_seed2_real/step_records.csv","dissertation_formal_v2","4","2","HybridLLMSafety","9","9","car0","N_S","PROCEED"
"results/formal_experiment/dissertation_formal_v2/runs/seed2_v4/FE06_HYBRID_SAFETY_v4_seed2_real/step_records.csv","dissertation_formal_v2","4","2","HybridLLMSafety","9","9","car1","S_N","PROCEED"
"results/formal_experiment/dissertation_formal_v2/runs/seed2_v4/FE06_HYBRID_SAFETY_v4_seed2_real/step_records.csv","dissertation_formal_v2","4","2","HybridLLMSafety","9","9","car2","E_W","FREE"
"results/formal_experiment/dissertation_formal_v2/runs/seed2_v4/FE06_HYBRID_SAFETY_v4_seed2_real/step_records.csv","dissertation_formal_v2","4","2","HybridLLMSafety","9","9","car3","W_E","FREE"
"results/formal_experiment/dissertation_formal_v2/runs/seed2_v4/FE06_HYBRID_SAFETY_v4_seed2_real/step_records.csv","dissertation_formal_v2","4","2","HybridLLMSafety","10","10","car0","N_S","PROCEED"
"results/formal_experiment/dissertation_formal_v2/runs/seed2_v4/FE06_HYBRID_SAFETY_v4_seed2_real/step_records.csv","dissertation_formal_v2","4","2","HybridLLMSafety","10","10","car1","S_N","PROCEED"
"results/formal_experiment/dissertation_formal_v2/runs/seed2_v4/FE06_HYBRID_SAFETY_v4_seed2_real/step_records.csv","dissertation_formal_v2","4","2","HybridLLMSafety","10","10","car2","E_W","FREE"
"results/formal_experiment/dissertation_formal_v2/runs/seed2_v4/FE06_HYBRID_SAFETY_v4_seed2_real/step_records.csv","dissertation_formal_v2","4","2","HybridLLMSafety","10","10","car3","W_E","FREE"
"results/formal_experiment/dissertation_formal_v2/runs/seed2_v4/FE06_HYBRID_SAFETY_v4_seed2_real/step_records.csv","dissertation_formal_v2","4","2","HybridLLMSafety","11","11","car0","N_S","PROCEED"
"results/formal_experiment/dissertation_formal_v2/runs/seed2_v4/FE06_HYBRID_SAFETY_v4_seed2_real/step_records.csv","dissertation_formal_v2","4","2","HybridLLMSafety","11","11","car1","S_N","PROCEED"
"results/formal_experiment/dissertation_formal_v2/runs/seed2_v4/FE06_HYBRID_SAFETY_v4_seed2_real/step_records.csv","dissertation_formal_v2","4","2","HybridLLMSafety","11","11","car2","E_W","FREE"
"results/formal_experiment/dissertation_formal_v2/runs/seed2_v4/FE06_HYBRID_SAFETY_v4_seed2_real/step_records.csv","dissertation_formal_v2","4","2","HybridLLMSafety","11","11","car3","W_E","FREE"
"results/formal_experiment/dissertation_formal_v2/runs/seed2_v4/FE06_HYBRID_SAFETY_v4_seed2_real/step_records.csv","dissertation_formal_v2","4","2","HybridLLMSafety","12","12","car0","N_S","WAIT"
"results/formal_experiment/dissertation_formal_v2/runs/seed2_v4/FE06_HYBRID_SAFETY_v4_seed2_real/step_records.csv","dissertation_formal_v2","4","2","HybridLLMSafety","12","12","car1","S_N","WAIT"
"results/formal_experiment/dissertation_formal_v2/runs/seed2_v4/FE06_HYBRID_SAFETY_v4_seed2_real/step_records.csv","dissertation_formal_v2","4","2","HybridLLMSafety","12","12","car2","E_W","PROCEED"
"results/formal_experiment/dissertation_formal_v2/runs/seed2_v4/FE06_HYBRID_SAFETY_v4_seed2_real/step_records.csv","dissertation_formal_v2","4","2","HybridLLMSafety","12","12","car3","W_E","FREE"
"results/formal_experiment/dissertation_formal_v2/runs/seed2_v4/FE06_HYBRID_SAFETY_v4_seed2_real/step_records.csv","dissertation_formal_v2","4","2","HybridLLMSafety","13","13","car0","N_S","WAIT"
"results/formal_experiment/dissertation_formal_v2/runs/seed2_v4/FE06_HYBRID_SAFETY_v4_seed2_real/step_records.csv","dissertation_formal_v2","4","2","HybridLLMSafety","13","13","car1","S_N","WAIT"
"results/formal_experiment/dissertation_formal_v2/runs/seed2_v4/FE06_HYBRID_SAFETY_v4_seed2_real/step_records.csv","dissertation_formal_v2","4","2","HybridLLMSafety","13","13","car2","E_W","PROCEED"
"results/formal_experiment/dissertation_formal_v2/runs/seed2_v4/FE06_HYBRID_SAFETY_v4_seed2_real/step_records.csv","dissertation_formal_v2","4","2","HybridLLMSafety","13","13","car3","W_E","PROCEED"
"results/formal_experiment/dissertation_formal_v2/runs/seed2_v4/FE06_HYBRID_SAFETY_v4_seed2_real/step_records.csv","dissertation_formal_v2","4","2","HybridLLMSafety","14","14","car0","N_S","WAIT"
"results/formal_experiment/dissertation_formal_v2/runs/seed2_v4/FE06_HYBRID_SAFETY_v4_seed2_real/step_records.csv","dissertation_formal_v2","4","2","HybridLLMSafety","14","14","car1","S_N","WAIT"
"results/formal_experiment/dissertation_formal_v2/runs/seed2_v4/FE06_HYBRID_SAFETY_v4_seed2_real/step_records.csv","dissertation_formal_v2","4","2","HybridLLMSafety","14","14","car2","E_W","PROCEED"
"results/formal_experiment/dissertation_formal_v2/runs/seed2_v4/FE06_HYBRID_SAFETY_v4_seed2_real/step_records.csv","dissertation_formal_v2","4","2","HybridLLMSafety","14","14","car3","W_E","PROCEED"
"results/formal_experiment/dissertation_formal_v2/runs/seed2_v4/FE06_HYBRID_SAFETY_v4_seed2_real/step_records.csv","dissertation_formal_v2","4","2","HybridLLMSafety","15","15","car0","N_S","WAIT"
"results/formal_experiment/dissertation_formal_v2/runs/seed2_v4/FE06_HYBRID_SAFETY_v4_seed2_real/step_records.csv","dissertation_formal_v2","4","2","HybridLLMSafety","15","15","car1","S_N","WAIT"
"results/formal_experiment/dissertation_formal_v2/runs/seed2_v4/FE06_HYBRID_SAFETY_v4_seed2_real/step_records.csv","dissertation_formal_v2","4","2","HybridLLMSafety","15","15","car2","E_W","PROCEED"
"results/formal_experiment/dissertation_formal_v2/runs/seed2_v4/FE06_HYBRID_SAFETY_v4_seed2_real/step_records.csv","dissertation_formal_v2","4","2","HybridLLMSafety","15","15","car3","W_E","PROCEED"
"results/formal_experiment/dissertation_formal_v2/runs/seed2_v4/FE06_HYBRID_SAFETY_v4_seed2_real/step_records.csv","dissertation_formal_v2","4","2","HybridLLMSafety","16","16","car0","N_S","WAIT"
"results/formal_experiment/dissertation_formal_v2/runs/seed2_v4/FE06_HYBRID_SAFETY_v4_seed2_real/step_records.csv","dissertation_formal_v2","4","2","HybridLLMSafety","16","16","car1","S_N","WAIT"
"results/formal_experiment/dissertation_formal_v2/runs/seed2_v4/FE06_HYBRID_SAFETY_v4_seed2_real/step_records.csv","dissertation_formal_v2","4","2","HybridLLMSafety","16","16","car2","E_W","PROCEED"
"results/formal_experiment/dissertation_formal_v2/runs/seed2_v4/FE06_HYBRID_SAFETY_v4_seed2_real/step_records.csv","dissertation_formal_v2","4","2","HybridLLMSafety","16","16","car3","W_E","PROCEED"
"results/formal_experiment/dissertation_formal_v2/runs/seed2_v4/FE06_HYBRID_SAFETY_v4_seed2_real/step_records.csv","dissertation_formal_v2","4","2","HybridLLMSafety","17","17","car0","N_S","WAIT"
"results/formal_experiment/dissertation_formal_v2/runs/seed2_v4/FE06_HYBRID_SAFETY_v4_seed2_real/step_records.csv","dissertation_formal_v2","4","2","HybridLLMSafety","17","17","car1","S_N","WAIT"
"results/formal_experiment/dissertation_formal_v2/runs/seed2_v4/FE06_HYBRID_SAFETY_v4_seed2_real/step_records.csv","dissertation_formal_v2","4","2","HybridLLMSafety","17","17","car2","E_W","PROCEED"
"results/formal_experiment/dissertation_formal_v2/runs/seed2_v4/FE06_HYBRID_SAFETY_v4_seed2_real/step_records.csv","dissertation_formal_v2","4","2","HybridLLMSafety","17","17","car3","W_E","PROCEED"
"results/formal_experiment/dissertation_formal_v2/runs/seed2_v4/FE06_HYBRID_SAFETY_v4_seed2_real/step_records.csv","dissertation_formal_v2","4","2","HybridLLMSafety","18","18","car0","N_S","WAIT"
"results/formal_experiment/dissertation_formal_v2/runs/seed2_v4/FE06_HYBRID_SAFETY_v4_seed2_real/step_records.csv","dissertation_formal_v2","4","2","HybridLLMSafety","18","18","car1","S_N","WAIT"
"results/formal_experiment/dissertation_formal_v2/runs/seed2_v4/FE06_HYBRID_SAFETY_v4_seed2_real/step_records.csv","dissertation_formal_v2","4","2","HybridLLMSafety","18","18","car2","E_W","PROCEED"
"results/formal_experiment/dissertation_formal_v2/runs/seed2_v4/FE06_HYBRID_SAFETY_v4_seed2_real/step_records.csv","dissertation_formal_v2","4","2","HybridLLMSafety","18","18","car3","W_E","PROCEED"
"results/formal_experiment/dissertation_formal_v2/runs/seed2_v4/FE06_HYBRID_SAFETY_v4_seed2_real/step_records.csv","dissertation_formal_v2","4","2","HybridLLMSafety","19","19","car0","N_S","WAIT"
"results/formal_experiment/dissertation_formal_v2/runs/seed2_v4/FE06_HYBRID_SAFETY_v4_seed2_real/step_records.csv","dissertation_formal_v2","4","2","HybridLLMSafety","19","19","car1","S_N","WAIT"
"results/formal_experiment/dissertation_formal_v2/runs/seed2_v4/FE06_HYBRID_SAFETY_v4_seed2_real/step_records.csv","dissertation_formal_v2","4","2","HybridLLMSafety","19","19","car2","E_W","FREE"
"results/formal_experiment/dissertation_formal_v2/runs/seed2_v4/FE06_HYBRID_SAFETY_v4_seed2_real/step_records.csv","dissertation_formal_v2","4","2","HybridLLMSafety","19","19","car3","W_E","PROCEED"
"results/formal_experiment/dissertation_formal_v2/runs/seed2_v4/FE06_HYBRID_SAFETY_v4_seed2_real/step_records.csv","dissertation_formal_v2","4","2","HybridLLMSafety","20","20","car0","N_S","PROCEED"
"results/formal_experiment/dissertation_formal_v2/runs/seed2_v4/FE06_HYBRID_SAFETY_v4_seed2_real/step_records.csv","dissertation_formal_v2","4","2","HybridLLMSafety","20","20","car1","S_N","PROCEED"
"results/formal_experiment/dissertation_formal_v2/runs/seed2_v4/FE06_HYBRID_SAFETY_v4_seed2_real/step_records.csv","dissertation_formal_v2","4","2","HybridLLMSafety","20","20","car2","E_W","FREE"
"results/formal_experiment/dissertation_formal_v2/runs/seed2_v4/FE06_HYBRID_SAFETY_v4_seed2_real/step_records.csv","dissertation_formal_v2","4","2","HybridLLMSafety","20","20","car3","W_E","FREE"
"results/formal_experiment/dissertation_formal_v2/runs/seed2_v4/FE06_HYBRID_SAFETY_v4_seed2_real/step_records.csv","dissertation_formal_v2","4","2","HybridLLMSafety","21","21","car0","N_S","PROCEED"
"results/formal_experiment/dissertation_formal_v2/runs/seed2_v4/FE06_HYBRID_SAFETY_v4_seed2_real/step_records.csv","dissertation_formal_v2","4","2","HybridLLMSafety","21","21","car1","S_N","PROCEED"
"results/formal_experiment/dissertation_formal_v2/runs/seed2_v4/FE06_HYBRID_SAFETY_v4_seed2_real/step_records.csv","dissertation_formal_v2","4","2","HybridLLMSafety","21","21","car2","E_W","FREE"
"results/formal_experiment/dissertation_formal_v2/runs/seed2_v4/FE06_HYBRID_SAFETY_v4_seed2_real/step_records.csv","dissertation_formal_v2","4","2","HybridLLMSafety","21","21","car3","W_E","FREE"
"results/formal_experiment/dissertation_formal_v2/runs/seed2_v4/FE06_HYBRID_SAFETY_v4_seed2_real/step_records.csv","dissertation_formal_v2","4","2","HybridLLMSafety","22","22","car0","N_S","PROCEED"
"results/formal_experiment/dissertation_formal_v2/runs/seed2_v4/FE06_HYBRID_SAFETY_v4_seed2_real/step_records.csv","dissertation_formal_v2","4","2","HybridLLMSafety","22","22","car1","S_N","PROCEED"
"results/formal_experiment/dissertation_formal_v2/runs/seed2_v4/FE06_HYBRID_SAFETY_v4_seed2_real/step_records.csv","dissertation_formal_v2","4","2","HybridLLMSafety","22","22","car2","E_W","FREE"
"results/formal_experiment/dissertation_formal_v2/runs/seed2_v4/FE06_HYBRID_SAFETY_v4_seed2_real/step_records.csv","dissertation_formal_v2","4","2","HybridLLMSafety","22","22","car3","W_E","FREE"
"results/formal_experiment/dissertation_formal_v2/runs/seed2_v4/FE06_HYBRID_SAFETY_v4_seed2_real/step_records.csv","dissertation_formal_v2","4","2","HybridLLMSafety","23","23","car0","N_S","PROCEED"
"results/formal_experiment/dissertation_formal_v2/runs/seed2_v4/FE06_HYBRID_SAFETY_v4_seed2_real/step_records.csv","dissertation_formal_v2","4","2","HybridLLMSafety","23","23","car1","S_N","PROCEED"
"results/formal_experiment/dissertation_formal_v2/runs/seed2_v4/FE06_HYBRID_SAFETY_v4_seed2_real/step_records.csv","dissertation_formal_v2","4","2","HybridLLMSafety","23","23","car2","E_W","FREE"
"results/formal_experiment/dissertation_formal_v2/runs/seed2_v4/FE06_HYBRID_SAFETY_v4_seed2_real/step_records.csv","dissertation_formal_v2","4","2","HybridLLMSafety","23","23","car3","W_E","FREE"
"results/formal_experiment/dissertation_formal_v2/runs/seed2_v4/FE06_HYBRID_SAFETY_v4_seed2_real/step_records.csv","dissertation_formal_v2","4","2","HybridLLMSafety","24","24","car0","N_S","PROCEED"
"results/formal_experiment/dissertation_formal_v2/runs/seed2_v4/FE06_HYBRID_SAFETY_v4_seed2_real/step_records.csv","dissertation_formal_v2","4","2","HybridLLMSafety","24","24","car1","S_N","PROCEED"
"results/formal_experiment/dissertation_formal_v2/runs/seed2_v4/FE06_HYBRID_SAFETY_v4_seed2_real/step_records.csv","dissertation_formal_v2","4","2","HybridLLMSafety","24","24","car2","E_W","FREE"
"results/formal_experiment/dissertation_formal_v2/runs/seed2_v4/FE06_HYBRID_SAFETY_v4_seed2_real/step_records.csv","dissertation_formal_v2","4","2","HybridLLMSafety","24","24","car3","W_E","FREE"
"results/formal_experiment/dissertation_formal_v2/runs/seed2_v4/FE06_HYBRID_SAFETY_v4_seed2_real/step_records.csv","dissertation_formal_v2","4","2","HybridLLMSafety","25","25","car0","N_S","PROCEED"
"results/formal_experiment/dissertation_formal_v2/runs/seed2_v4/FE06_HYBRID_SAFETY_v4_seed2_real/step_records.csv","dissertation_formal_v2","4","2","HybridLLMSafety","25","25","car1","S_N","PROCEED"
"results/formal_experiment/dissertation_formal_v2/runs/seed2_v4/FE06_HYBRID_SAFETY_v4_seed2_real/step_records.csv","dissertation_formal_v2","4","2","HybridLLMSafety","25","25","car2","E_W","FREE"
"results/formal_experiment/dissertation_formal_v2/runs/seed2_v4/FE06_HYBRID_SAFETY_v4_seed2_real/step_records.csv","dissertation_formal_v2","4","2","HybridLLMSafety","25","25","car3","W_E","FREE"
"results/formal_experiment/dissertation_formal_v2/runs/seed2_v4/FE06_HYBRID_SAFETY_v4_seed2_real/step_records.csv","dissertation_formal_v2","4","2","HybridLLMSafety","26","26","car0","N_S","PROCEED"
"results/formal_experiment/dissertation_formal_v2/runs/seed2_v4/FE06_HYBRID_SAFETY_v4_seed2_real/step_records.csv","dissertation_formal_v2","4","2","HybridLLMSafety","26","26","car1","S_N","PROCEED"
"results/formal_experiment/dissertation_formal_v2/runs/seed2_v4/FE06_HYBRID_SAFETY_v4_seed2_real/step_records.csv","dissertation_formal_v2","4","2","HybridLLMSafety","26","26","car3","W_E","FREE"
"results/formal_experiment/dissertation_formal_v2/runs/seed2_v4/FE06_HYBRID_SAFETY_v4_seed2_real/step_records.csv","dissertation_formal_v2","4","2","HybridLLMSafety","27","27","car0","N_S","PROCEED"
"results/formal_experiment/dissertation_formal_v2/runs/seed2_v4/FE06_HYBRID_SAFETY_v4_seed2_real/step_records.csv","dissertation_formal_v2","4","2","HybridLLMSafety","27","27","car1","S_N","PROCEED"
"results/formal_experiment/dissertation_formal_v2/runs/seed2_v4/FE06_HYBRID_SAFETY_v4_seed2_real/step_records.csv","dissertation_formal_v2","4","2","HybridLLMSafety","27","27","car3","W_E","FREE"
"results/formal_experiment/dissertation_formal_v2/runs/seed2_v4/FE06_HYBRID_SAFETY_v4_seed2_real/step_records.csv","dissertation_formal_v2","4","2","HybridLLMSafety","28","28","car0","N_S","PROCEED"
"results/formal_experiment/dissertation_formal_v2/runs/seed2_v4/FE06_HYBRID_SAFETY_v4_seed2_real/step_records.csv","dissertation_formal_v2","4","2","HybridLLMSafety","28","28","car1","S_N","PROCEED"
"results/formal_experiment/dissertation_formal_v2/runs/seed2_v4/FE06_HYBRID_SAFETY_v4_seed2_real/step_records.csv","dissertation_formal_v2","4","2","HybridLLMSafety","29","29","car0","N_S","PROCEED"
"results/formal_experiment/dissertation_formal_v2/runs/seed2_v4/FE06_HYBRID_SAFETY_v4_seed2_real/step_records.csv","dissertation_formal_v2","4","2","HybridLLMSafety","29","29","car1","S_N","PROCEED"
"results/formal_experiment/dissertation_formal_v2/runs/seed2_v4/FE06_HYBRID_SAFETY_v4_seed2_real/step_records.csv","dissertation_formal_v2","4","2","HybridLLMSafety","30","30","car0","N_S","PROCEED"
"results/formal_experiment/dissertation_formal_v2/runs/seed2_v4/FE06_HYBRID_SAFETY_v4_seed2_real/step_records.csv","dissertation_formal_v2","4","2","HybridLLMSafety","30","30","car1","S_N","PROCEED"
"results/formal_experiment/dissertation_formal_v2/runs/seed2_v4/FE06_HYBRID_SAFETY_v4_seed2_real/step_records.csv","dissertation_formal_v2","4","2","HybridLLMSafety","31","31","car0","N_S","PROCEED"
"results/formal_experiment/dissertation_formal_v2/runs/seed2_v4/FE06_HYBRID_SAFETY_v4_seed2_real/step_records.csv","dissertation_formal_v2","4","2","HybridLLMSafety","31","31","car1","S_N","PROCEED"
"results/formal_experiment/dissertation_formal_v2/runs/seed2_v4/FE06_HYBRID_SAFETY_v4_seed2_real/step_records.csv","dissertation_formal_v2","4","2","HybridLLMSafety","32","32","car0","N_S","PROCEED"
"results/formal_experiment/dissertation_formal_v2/runs/seed2_v4/FE06_HYBRID_SAFETY_v4_seed2_real/step_records.csv","dissertation_formal_v2","4","2","HybridLLMSafety","32","32","car1","S_N","PROCEED"
"results/formal_experiment/dissertation_formal_v2/runs/seed2_v4/FE06_HYBRID_SAFETY_v4_seed2_real/step_records.csv","dissertation_formal_v2","4","2","HybridLLMSafety","33","33","car0","N_S","PROCEED"
"results/formal_experiment/dissertation_formal_v2/runs/seed2_v4/FE06_HYBRID_SAFETY_v4_seed2_real/step_records.csv","dissertation_formal_v2","4","2","HybridLLMSafety","33","33","car1","S_N","PROCEED"
"results/formal_experiment/dissertation_formal_v2/runs/seed2_v4/FE06_HYBRID_SAFETY_v4_seed2_real/step_records.csv","dissertation_formal_v2","4","2","HybridLLMSafety","34","34","car0","N_S","PROCEED"
"results/formal_experiment/dissertation_formal_v2/runs/seed2_v4/FE06_HYBRID_SAFETY_v4_seed2_real/step_records.csv","dissertation_formal_v2","4","2","HybridLLMSafety","34","34","car1","S_N","PROCEED"
"results/formal_experiment/dissertation_formal_v2/runs/seed2_v4/FE06_HYBRID_SAFETY_v4_seed2_real/step_records.csv","dissertation_formal_v2","4","2","HybridLLMSafety","35","35","car0","N_S","PROCEED"
"results/formal_experiment/dissertation_formal_v2/runs/seed2_v4/FE06_HYBRID_SAFETY_v4_seed2_real/step_records.csv","dissertation_formal_v2","4","2","HybridLLMSafety","35","35","car1","S_N","PROCEED"
"results/formal_experiment/dissertation_formal_v2/runs/seed2_v4/FE06_HYBRID_SAFETY_v4_seed2_real/step_records.csv","dissertation_formal_v2","4","2","HybridLLMSafety","36","36","car0","N_S","PROCEED"
"results/formal_experiment/dissertation_formal_v2/runs/seed2_v4/FE06_HYBRID_SAFETY_v4_seed2_real/step_records.csv","dissertation_formal_v2","4","2","HybridLLMSafety","36","36","car1","S_N","PROCEED"
"results/formal_experiment/dissertation_formal_v2/runs/seed2_v4/FE06_HYBRID_SAFETY_v4_seed2_real/step_records.csv","dissertation_formal_v2","4","2","HybridLLMSafety","37","37","car0","N_S","PROCEED"
"results/formal_experiment/dissertation_formal_v2/runs/seed2_v4/FE06_HYBRID_SAFETY_v4_seed2_real/step_records.csv","dissertation_formal_v2","4","2","HybridLLMSafety","37","37","car1","S_N","PROCEED"
"results/formal_experiment/dissertation_formal_v2/runs/seed2_v4/FE06_HYBRID_SAFETY_v4_seed2_real/step_records.csv","dissertation_formal_v2","4","2","HybridLLMSafety","38","38","car0","N_S","PROCEED"
"results/formal_experiment/dissertation_formal_v2/runs/seed2_v4/FE06_HYBRID_SAFETY_v4_seed2_real/step_records.csv","dissertation_formal_v2","4","2","HybridLLMSafety","38","38","car1","S_N","PROCEED"
"results/formal_experiment/dissertation_formal_v2/runs/seed2_v4/FE06_HYBRID_SAFETY_v4_seed2_real/step_records.csv","dissertation_formal_v2","4","2","HybridLLMSafety","39","39","car0","N_S","PROCEED"
"results/formal_experiment/dissertation_formal_v2/runs/seed2_v4/FE06_HYBRID_SAFETY_v4_seed2_real/step_records.csv","dissertation_formal_v2","4","2","HybridLLMSafety","39","39","car1","S_N","PROCEED"
"results/formal_experiment/dissertation_formal_v2/runs/seed2_v4/FE06_HYBRID_SAFETY_v4_seed2_real/step_records.csv","dissertation_formal_v2","4","2","HybridLLMSafety","40","40","car0","N_S","PROCEED"
"results/formal_experiment/dissertation_formal_v2/runs/seed2_v4/FE06_HYBRID_SAFETY_v4_seed2_real/step_records.csv","dissertation_formal_v2","4","2","HybridLLMSafety","40","40","car1","S_N","PROCEED"
"results/formal_experiment/dissertation_formal_v2/runs/seed2_v4/FE06_HYBRID_SAFETY_v4_seed2_real/step_records.csv","dissertation_formal_v2","4","2","HybridLLMSafety","41","41","car0","N_S","PROCEED"
"results/formal_experiment/dissertation_formal_v2/runs/seed2_v4/FE06_HYBRID_SAFETY_v4_seed2_real/step_records.csv","dissertation_formal_v2","4","2","HybridLLMSafety","41","41","car1","S_N","PROCEED"
"results/formal_experiment/dissertation_formal_v2/runs/seed2_v4/FE06_HYBRID_SAFETY_v4_seed2_real/step_records.csv","dissertation_formal_v2","4","2","HybridLLMSafety","42","42","car0","N_S","PROCEED"
"results/formal_experiment/dissertation_formal_v2/runs/seed2_v4/FE06_HYBRID_SAFETY_v4_seed2_real/step_records.csv","dissertation_formal_v2","4","2","HybridLLMSafety","42","42","car1","S_N","PROCEED"
"results/formal_experiment/dissertation_formal_v2/runs/seed2_v4/FE06_HYBRID_SAFETY_v4_seed2_real/step_records.csv","dissertation_formal_v2","4","2","HybridLLMSafety","43","43","car0","N_S","PROCEED"
"results/formal_experiment/dissertation_formal_v2/runs/seed2_v4/FE06_HYBRID_SAFETY_v4_seed2_real/step_records.csv","dissertation_formal_v2","4","2","HybridLLMSafety","43","43","car1","S_N","PROCEED"
"results/formal_experiment/dissertation_formal_v2/runs/seed2_v4/FE06_HYBRID_SAFETY_v4_seed2_real/step_records.csv","dissertation_formal_v2","4","2","HybridLLMSafety","44","44","car0","N_S","PROCEED"
"results/formal_experiment/dissertation_formal_v2/runs/seed2_v4/FE06_HYBRID_SAFETY_v4_seed2_real/step_records.csv","dissertation_formal_v2","4","2","HybridLLMSafety","44","44","car1","S_N","PROCEED"
"results/formal_experiment/dissertation_formal_v2/runs/seed2_v4/FE06_HYBRID_SAFETY_v4_seed2_real/step_records.csv","dissertation_formal_v2","4","2","HybridLLMSafety","45","45","car0","N_S","PROCEED"
"results/formal_experiment/dissertation_formal_v2/runs/seed2_v4/FE06_HYBRID_SAFETY_v4_seed2_real/step_records.csv","dissertation_formal_v2","4","2","HybridLLMSafety","45","45","car1","S_N","PROCEED"
"results/formal_experiment/dissertation_formal_v2/runs/seed2_v4/FE06_HYBRID_SAFETY_v4_seed2_real/step_records.csv","dissertation_formal_v2","4","2","HybridLLMSafety","46","46","car0","N_S","PROCEED"
"results/formal_experiment/dissertation_formal_v2/runs/seed2_v4/FE06_HYBRID_SAFETY_v4_seed2_real/step_records.csv","dissertation_formal_v2","4","2","HybridLLMSafety","46","46","car1","S_N","PROCEED"
"results/formal_experiment/dissertation_formal_v2/runs/seed2_v4/FE06_HYBRID_SAFETY_v4_seed2_real/step_records.csv","dissertation_formal_v2","4","2","HybridLLMSafety","47","47","car0","N_S","PROCEED"
"results/formal_experiment/dissertation_formal_v2/runs/seed2_v4/FE06_HYBRID_SAFETY_v4_seed2_real/step_records.csv","dissertation_formal_v2","4","2","HybridLLMSafety","47","47","car1","S_N","PROCEED"
"results/formal_experiment/dissertation_formal_v2/runs/seed2_v4/FE06_HYBRID_SAFETY_v4_seed2_real/step_records.csv","dissertation_formal_v2","4","2","HybridLLMSafety","48","48","car0","N_S","FREE"
"results/formal_experiment/dissertation_formal_v2/runs/seed2_v4/FE06_HYBRID_SAFETY_v4_seed2_real/step_records.csv","dissertation_formal_v2","4","2","HybridLLMSafety","48","48","car1","S_N","FREE"
"results/formal_experiment/dissertation_formal_v2/runs/seed2_v4/FE06_HYBRID_SAFETY_v4_seed2_real/step_records.csv","dissertation_formal_v2","4","2","HybridLLMSafety","49","49","car0","N_S","FREE"
"results/formal_experiment/dissertation_formal_v2/runs/seed2_v4/FE06_HYBRID_SAFETY_v4_seed2_real/step_records.csv","dissertation_formal_v2","4","2","HybridLLMSafety","49","49","car1","S_N","FREE"
"results/formal_experiment/dissertation_formal_v2/runs/seed2_v4/FE06_HYBRID_SAFETY_v4_seed2_real/step_records.csv","dissertation_formal_v2","4","2","HybridLLMSafety","50","50","car0","N_S","FREE"
"results/formal_experiment/dissertation_formal_v2/runs/seed2_v4/FE06_HYBRID_SAFETY_v4_seed2_real/step_records.csv","dissertation_formal_v2","4","2","HybridLLMSafety","50","50","car1","S_N","FREE"
"results/formal_experiment/dissertation_formal_v2/runs/seed2_v4/FE06_HYBRID_SAFETY_v4_seed2_real/step_records.csv","dissertation_formal_v2","4","2","HybridLLMSafety","51","51","car0","N_S","FREE"
"results/formal_experiment/dissertation_formal_v2/runs/seed2_v4/FE06_HYBRID_SAFETY_v4_seed2_real/step_records.csv","dissertation_formal_v2","4","2","HybridLLMSafety","51","51","car1","S_N","FREE"
"results/formal_experiment/dissertation_formal_v2/runs/seed2_v4/FE06_HYBRID_SAFETY_v4_seed2_real/step_records.csv","dissertation_formal_v2","4","2","HybridLLMSafety","52","52","car0","N_S","FREE"
"results/formal_experiment/dissertation_formal_v2/runs/seed2_v4/FE06_HYBRID_SAFETY_v4_seed2_real/step_records.csv","dissertation_formal_v2","4","2","HybridLLMSafety","52","52","car1","S_N","FREE"
"results/formal_experiment/dissertation_formal_v2/runs/seed3_v4/FE04_RAW_LLM_v4_seed3_real/step_records.csv","dissertation_formal_v2","4","3","RawLLM","0","0","car0","N_S","FREE"
"results/formal_experiment/dissertation_formal_v2/runs/seed3_v4/FE04_RAW_LLM_v4_seed3_real/step_records.csv","dissertation_formal_v2","4","3","RawLLM","1","1","car0","N_S","FREE"
"results/formal_experiment/dissertation_formal_v2/runs/seed3_v4/FE04_RAW_LLM_v4_seed3_real/step_records.csv","dissertation_formal_v2","4","3","RawLLM","2","2","car0","N_S","FREE"
"results/formal_experiment/dissertation_formal_v2/runs/seed3_v4/FE04_RAW_LLM_v4_seed3_real/step_records.csv","dissertation_formal_v2","4","3","RawLLM","2","2","car1","S_N","FREE"
"results/formal_experiment/dissertation_formal_v2/runs/seed3_v4/FE04_RAW_LLM_v4_seed3_real/step_records.csv","dissertation_formal_v2","4","3","RawLLM","3","3","car0","N_S","FREE"
"results/formal_experiment/dissertation_formal_v2/runs/seed3_v4/FE04_RAW_LLM_v4_seed3_real/step_records.csv","dissertation_formal_v2","4","3","RawLLM","3","3","car1","S_N","FREE"
"results/formal_experiment/dissertation_formal_v2/runs/seed3_v4/FE04_RAW_LLM_v4_seed3_real/step_records.csv","dissertation_formal_v2","4","3","RawLLM","4","4","car0","N_S","FREE"
"results/formal_experiment/dissertation_formal_v2/runs/seed3_v4/FE04_RAW_LLM_v4_seed3_real/step_records.csv","dissertation_formal_v2","4","3","RawLLM","4","4","car1","S_N","FREE"
"results/formal_experiment/dissertation_formal_v2/runs/seed3_v4/FE04_RAW_LLM_v4_seed3_real/step_records.csv","dissertation_formal_v2","4","3","RawLLM","4","4","car2","E_W","FREE"
"results/formal_experiment/dissertation_formal_v2/runs/seed3_v4/FE04_RAW_LLM_v4_seed3_real/step_records.csv","dissertation_formal_v2","4","3","RawLLM","5","5","car0","N_S","PROCEED"
"results/formal_experiment/dissertation_formal_v2/runs/seed3_v4/FE04_RAW_LLM_v4_seed3_real/step_records.csv","dissertation_formal_v2","4","3","RawLLM","5","5","car1","S_N","FREE"
"results/formal_experiment/dissertation_formal_v2/runs/seed3_v4/FE04_RAW_LLM_v4_seed3_real/step_records.csv","dissertation_formal_v2","4","3","RawLLM","5","5","car2","E_W","FREE"
"results/formal_experiment/dissertation_formal_v2/runs/seed3_v4/FE04_RAW_LLM_v4_seed3_real/step_records.csv","dissertation_formal_v2","4","3","RawLLM","6","6","car0","N_S","PROCEED"
"results/formal_experiment/dissertation_formal_v2/runs/seed3_v4/FE04_RAW_LLM_v4_seed3_real/step_records.csv","dissertation_formal_v2","4","3","RawLLM","6","6","car1","S_N","FREE"
"results/formal_experiment/dissertation_formal_v2/runs/seed3_v4/FE04_RAW_LLM_v4_seed3_real/step_records.csv","dissertation_formal_v2","4","3","RawLLM","6","6","car2","E_W","FREE"
"results/formal_experiment/dissertation_formal_v2/runs/seed3_v4/FE04_RAW_LLM_v4_seed3_real/step_records.csv","dissertation_formal_v2","4","3","RawLLM","6","6","car3","W_E","FREE"
"results/formal_experiment/dissertation_formal_v2/runs/seed3_v4/FE04_RAW_LLM_v4_seed3_real/step_records.csv","dissertation_formal_v2","4","3","RawLLM","7","7","car0","N_S","PROCEED"
"results/formal_experiment/dissertation_formal_v2/runs/seed3_v4/FE04_RAW_LLM_v4_seed3_real/step_records.csv","dissertation_formal_v2","4","3","RawLLM","7","7","car1","S_N","FREE"
"results/formal_experiment/dissertation_formal_v2/runs/seed3_v4/FE04_RAW_LLM_v4_seed3_real/step_records.csv","dissertation_formal_v2","4","3","RawLLM","7","7","car2","E_W","FREE"
"results/formal_experiment/dissertation_formal_v2/runs/seed3_v4/FE04_RAW_LLM_v4_seed3_real/step_records.csv","dissertation_formal_v2","4","3","RawLLM","7","7","car3","W_E","FREE"
"results/formal_experiment/dissertation_formal_v2/runs/seed3_v4/FE04_RAW_LLM_v4_seed3_real/step_records.csv","dissertation_formal_v2","4","3","RawLLM","8","8","car0","N_S","PROCEED"
"results/formal_experiment/dissertation_formal_v2/runs/seed3_v4/FE04_RAW_LLM_v4_seed3_real/step_records.csv","dissertation_formal_v2","4","3","RawLLM","8","8","car1","S_N","PROCEED"
"results/formal_experiment/dissertation_formal_v2/runs/seed3_v4/FE04_RAW_LLM_v4_seed3_real/step_records.csv","dissertation_formal_v2","4","3","RawLLM","8","8","car2","E_W","FREE"
"results/formal_experiment/dissertation_formal_v2/runs/seed3_v4/FE04_RAW_LLM_v4_seed3_real/step_records.csv","dissertation_formal_v2","4","3","RawLLM","8","8","car3","W_E","FREE"
"results/formal_experiment/dissertation_formal_v2/runs/seed3_v4/FE04_RAW_LLM_v4_seed3_real/step_records.csv","dissertation_formal_v2","4","3","RawLLM","9","9","car0","N_S","PROCEED"
"results/formal_experiment/dissertation_formal_v2/runs/seed3_v4/FE04_RAW_LLM_v4_seed3_real/step_records.csv","dissertation_formal_v2","4","3","RawLLM","9","9","car1","S_N","PROCEED"
"results/formal_experiment/dissertation_formal_v2/runs/seed3_v4/FE04_RAW_LLM_v4_seed3_real/step_records.csv","dissertation_formal_v2","4","3","RawLLM","9","9","car2","E_W","FREE"
"results/formal_experiment/dissertation_formal_v2/runs/seed3_v4/FE04_RAW_LLM_v4_seed3_real/step_records.csv","dissertation_formal_v2","4","3","RawLLM","9","9","car3","W_E","FREE"
"results/formal_experiment/dissertation_formal_v2/runs/seed3_v4/FE04_RAW_LLM_v4_seed3_real/step_records.csv","dissertation_formal_v2","4","3","RawLLM","10","10","car0","N_S","PROCEED"
"results/formal_experiment/dissertation_formal_v2/runs/seed3_v4/FE04_RAW_LLM_v4_seed3_real/step_records.csv","dissertation_formal_v2","4","3","RawLLM","10","10","car1","S_N","PROCEED"
"results/formal_experiment/dissertation_formal_v2/runs/seed3_v4/FE04_RAW_LLM_v4_seed3_real/step_records.csv","dissertation_formal_v2","4","3","RawLLM","10","10","car2","E_W","FREE"
"results/formal_experiment/dissertation_formal_v2/runs/seed3_v4/FE04_RAW_LLM_v4_seed3_real/step_records.csv","dissertation_formal_v2","4","3","RawLLM","10","10","car3","W_E","FREE"
"results/formal_experiment/dissertation_formal_v2/runs/seed3_v4/FE04_RAW_LLM_v4_seed3_real/step_records.csv","dissertation_formal_v2","4","3","RawLLM","11","11","car0","N_S","PROCEED"
"results/formal_experiment/dissertation_formal_v2/runs/seed3_v4/FE04_RAW_LLM_v4_seed3_real/step_records.csv","dissertation_formal_v2","4","3","RawLLM","11","11","car1","S_N","PROCEED"
"results/formal_experiment/dissertation_formal_v2/runs/seed3_v4/FE04_RAW_LLM_v4_seed3_real/step_records.csv","dissertation_formal_v2","4","3","RawLLM","11","11","car2","E_W","FREE"
"results/formal_experiment/dissertation_formal_v2/runs/seed3_v4/FE04_RAW_LLM_v4_seed3_real/step_records.csv","dissertation_formal_v2","4","3","RawLLM","11","11","car3","W_E","FREE"
"results/formal_experiment/dissertation_formal_v2/runs/seed3_v4/FE04_RAW_LLM_v4_seed3_real/step_records.csv","dissertation_formal_v2","4","3","RawLLM","12","12","car0","N_S","WAIT"
"results/formal_experiment/dissertation_formal_v2/runs/seed3_v4/FE04_RAW_LLM_v4_seed3_real/step_records.csv","dissertation_formal_v2","4","3","RawLLM","12","12","car1","S_N","WAIT"
"results/formal_experiment/dissertation_formal_v2/runs/seed3_v4/FE04_RAW_LLM_v4_seed3_real/step_records.csv","dissertation_formal_v2","4","3","RawLLM","12","12","car2","E_W","PROCEED"
"results/formal_experiment/dissertation_formal_v2/runs/seed3_v4/FE04_RAW_LLM_v4_seed3_real/step_records.csv","dissertation_formal_v2","4","3","RawLLM","12","12","car3","W_E","FREE"
"results/formal_experiment/dissertation_formal_v2/runs/seed3_v4/FE04_RAW_LLM_v4_seed3_real/step_records.csv","dissertation_formal_v2","4","3","RawLLM","13","13","car0","N_S","WAIT"
"results/formal_experiment/dissertation_formal_v2/runs/seed3_v4/FE04_RAW_LLM_v4_seed3_real/step_records.csv","dissertation_formal_v2","4","3","RawLLM","13","13","car1","S_N","WAIT"
"results/formal_experiment/dissertation_formal_v2/runs/seed3_v4/FE04_RAW_LLM_v4_seed3_real/step_records.csv","dissertation_formal_v2","4","3","RawLLM","13","13","car2","E_W","PROCEED"
"results/formal_experiment/dissertation_formal_v2/runs/seed3_v4/FE04_RAW_LLM_v4_seed3_real/step_records.csv","dissertation_formal_v2","4","3","RawLLM","13","13","car3","W_E","PROCEED"
"results/formal_experiment/dissertation_formal_v2/runs/seed3_v4/FE04_RAW_LLM_v4_seed3_real/step_records.csv","dissertation_formal_v2","4","3","RawLLM","14","14","car0","N_S","WAIT"
"results/formal_experiment/dissertation_formal_v2/runs/seed3_v4/FE04_RAW_LLM_v4_seed3_real/step_records.csv","dissertation_formal_v2","4","3","RawLLM","14","14","car1","S_N","WAIT"
"results/formal_experiment/dissertation_formal_v2/runs/seed3_v4/FE04_RAW_LLM_v4_seed3_real/step_records.csv","dissertation_formal_v2","4","3","RawLLM","14","14","car2","E_W","PROCEED"
"results/formal_experiment/dissertation_formal_v2/runs/seed3_v4/FE04_RAW_LLM_v4_seed3_real/step_records.csv","dissertation_formal_v2","4","3","RawLLM","14","14","car3","W_E","PROCEED"
"results/formal_experiment/dissertation_formal_v2/runs/seed3_v4/FE04_RAW_LLM_v4_seed3_real/step_records.csv","dissertation_formal_v2","4","3","RawLLM","15","15","car0","N_S","WAIT"
"results/formal_experiment/dissertation_formal_v2/runs/seed3_v4/FE04_RAW_LLM_v4_seed3_real/step_records.csv","dissertation_formal_v2","4","3","RawLLM","15","15","car1","S_N","WAIT"
"results/formal_experiment/dissertation_formal_v2/runs/seed3_v4/FE04_RAW_LLM_v4_seed3_real/step_records.csv","dissertation_formal_v2","4","3","RawLLM","15","15","car2","E_W","PROCEED"
"results/formal_experiment/dissertation_formal_v2/runs/seed3_v4/FE04_RAW_LLM_v4_seed3_real/step_records.csv","dissertation_formal_v2","4","3","RawLLM","15","15","car3","W_E","PROCEED"
"results/formal_experiment/dissertation_formal_v2/runs/seed3_v4/FE04_RAW_LLM_v4_seed3_real/step_records.csv","dissertation_formal_v2","4","3","RawLLM","16","16","car0","N_S","WAIT"
"results/formal_experiment/dissertation_formal_v2/runs/seed3_v4/FE04_RAW_LLM_v4_seed3_real/step_records.csv","dissertation_formal_v2","4","3","RawLLM","16","16","car1","S_N","WAIT"
"results/formal_experiment/dissertation_formal_v2/runs/seed3_v4/FE04_RAW_LLM_v4_seed3_real/step_records.csv","dissertation_formal_v2","4","3","RawLLM","16","16","car2","E_W","PROCEED"
"results/formal_experiment/dissertation_formal_v2/runs/seed3_v4/FE04_RAW_LLM_v4_seed3_real/step_records.csv","dissertation_formal_v2","4","3","RawLLM","16","16","car3","W_E","PROCEED"
"results/formal_experiment/dissertation_formal_v2/runs/seed3_v4/FE04_RAW_LLM_v4_seed3_real/step_records.csv","dissertation_formal_v2","4","3","RawLLM","17","17","car0","N_S","WAIT"
"results/formal_experiment/dissertation_formal_v2/runs/seed3_v4/FE04_RAW_LLM_v4_seed3_real/step_records.csv","dissertation_formal_v2","4","3","RawLLM","17","17","car1","S_N","WAIT"
"results/formal_experiment/dissertation_formal_v2/runs/seed3_v4/FE04_RAW_LLM_v4_seed3_real/step_records.csv","dissertation_formal_v2","4","3","RawLLM","17","17","car2","E_W","PROCEED"
"results/formal_experiment/dissertation_formal_v2/runs/seed3_v4/FE04_RAW_LLM_v4_seed3_real/step_records.csv","dissertation_formal_v2","4","3","RawLLM","17","17","car3","W_E","PROCEED"
"results/formal_experiment/dissertation_formal_v2/runs/seed3_v4/FE04_RAW_LLM_v4_seed3_real/step_records.csv","dissertation_formal_v2","4","3","RawLLM","18","18","car0","N_S","WAIT"
"results/formal_experiment/dissertation_formal_v2/runs/seed3_v4/FE04_RAW_LLM_v4_seed3_real/step_records.csv","dissertation_formal_v2","4","3","RawLLM","18","18","car1","S_N","WAIT"
"results/formal_experiment/dissertation_formal_v2/runs/seed3_v4/FE04_RAW_LLM_v4_seed3_real/step_records.csv","dissertation_formal_v2","4","3","RawLLM","18","18","car2","E_W","PROCEED"
"results/formal_experiment/dissertation_formal_v2/runs/seed3_v4/FE04_RAW_LLM_v4_seed3_real/step_records.csv","dissertation_formal_v2","4","3","RawLLM","18","18","car3","W_E","PROCEED"
"results/formal_experiment/dissertation_formal_v2/runs/seed3_v4/FE04_RAW_LLM_v4_seed3_real/step_records.csv","dissertation_formal_v2","4","3","RawLLM","19","19","car0","N_S","WAIT"
"results/formal_experiment/dissertation_formal_v2/runs/seed3_v4/FE04_RAW_LLM_v4_seed3_real/step_records.csv","dissertation_formal_v2","4","3","RawLLM","19","19","car1","S_N","WAIT"
"results/formal_experiment/dissertation_formal_v2/runs/seed3_v4/FE04_RAW_LLM_v4_seed3_real/step_records.csv","dissertation_formal_v2","4","3","RawLLM","19","19","car2","E_W","FREE"
"results/formal_experiment/dissertation_formal_v2/runs/seed3_v4/FE04_RAW_LLM_v4_seed3_real/step_records.csv","dissertation_formal_v2","4","3","RawLLM","19","19","car3","W_E","PROCEED"
"results/formal_experiment/dissertation_formal_v2/runs/seed3_v4/FE04_RAW_LLM_v4_seed3_real/step_records.csv","dissertation_formal_v2","4","3","RawLLM","20","20","car0","N_S","PROCEED"
"results/formal_experiment/dissertation_formal_v2/runs/seed3_v4/FE04_RAW_LLM_v4_seed3_real/step_records.csv","dissertation_formal_v2","4","3","RawLLM","20","20","car1","S_N","PROCEED"
"results/formal_experiment/dissertation_formal_v2/runs/seed3_v4/FE04_RAW_LLM_v4_seed3_real/step_records.csv","dissertation_formal_v2","4","3","RawLLM","20","20","car2","E_W","FREE"
"results/formal_experiment/dissertation_formal_v2/runs/seed3_v4/FE04_RAW_LLM_v4_seed3_real/step_records.csv","dissertation_formal_v2","4","3","RawLLM","20","20","car3","W_E","FREE"
"results/formal_experiment/dissertation_formal_v2/runs/seed3_v4/FE04_RAW_LLM_v4_seed3_real/step_records.csv","dissertation_formal_v2","4","3","RawLLM","21","21","car0","N_S","PROCEED"
"results/formal_experiment/dissertation_formal_v2/runs/seed3_v4/FE04_RAW_LLM_v4_seed3_real/step_records.csv","dissertation_formal_v2","4","3","RawLLM","21","21","car1","S_N","PROCEED"
"results/formal_experiment/dissertation_formal_v2/runs/seed3_v4/FE04_RAW_LLM_v4_seed3_real/step_records.csv","dissertation_formal_v2","4","3","RawLLM","21","21","car2","E_W","FREE"
"results/formal_experiment/dissertation_formal_v2/runs/seed3_v4/FE04_RAW_LLM_v4_seed3_real/step_records.csv","dissertation_formal_v2","4","3","RawLLM","21","21","car3","W_E","FREE"
"results/formal_experiment/dissertation_formal_v2/runs/seed3_v4/FE04_RAW_LLM_v4_seed3_real/step_records.csv","dissertation_formal_v2","4","3","RawLLM","22","22","car0","N_S","PROCEED"
"results/formal_experiment/dissertation_formal_v2/runs/seed3_v4/FE04_RAW_LLM_v4_seed3_real/step_records.csv","dissertation_formal_v2","4","3","RawLLM","22","22","car1","S_N","PROCEED"
"results/formal_experiment/dissertation_formal_v2/runs/seed3_v4/FE04_RAW_LLM_v4_seed3_real/step_records.csv","dissertation_formal_v2","4","3","RawLLM","22","22","car2","E_W","FREE"
"results/formal_experiment/dissertation_formal_v2/runs/seed3_v4/FE04_RAW_LLM_v4_seed3_real/step_records.csv","dissertation_formal_v2","4","3","RawLLM","22","22","car3","W_E","FREE"
"results/formal_experiment/dissertation_formal_v2/runs/seed3_v4/FE04_RAW_LLM_v4_seed3_real/step_records.csv","dissertation_formal_v2","4","3","RawLLM","23","23","car0","N_S","PROCEED"
"results/formal_experiment/dissertation_formal_v2/runs/seed3_v4/FE04_RAW_LLM_v4_seed3_real/step_records.csv","dissertation_formal_v2","4","3","RawLLM","23","23","car1","S_N","PROCEED"
"results/formal_experiment/dissertation_formal_v2/runs/seed3_v4/FE04_RAW_LLM_v4_seed3_real/step_records.csv","dissertation_formal_v2","4","3","RawLLM","23","23","car2","E_W","FREE"
"results/formal_experiment/dissertation_formal_v2/runs/seed3_v4/FE04_RAW_LLM_v4_seed3_real/step_records.csv","dissertation_formal_v2","4","3","RawLLM","23","23","car3","W_E","FREE"
"results/formal_experiment/dissertation_formal_v2/runs/seed3_v4/FE04_RAW_LLM_v4_seed3_real/step_records.csv","dissertation_formal_v2","4","3","RawLLM","24","24","car0","N_S","PROCEED"
"results/formal_experiment/dissertation_formal_v2/runs/seed3_v4/FE04_RAW_LLM_v4_seed3_real/step_records.csv","dissertation_formal_v2","4","3","RawLLM","24","24","car1","S_N","PROCEED"
"results/formal_experiment/dissertation_formal_v2/runs/seed3_v4/FE04_RAW_LLM_v4_seed3_real/step_records.csv","dissertation_formal_v2","4","3","RawLLM","24","24","car2","E_W","FREE"
"results/formal_experiment/dissertation_formal_v2/runs/seed3_v4/FE04_RAW_LLM_v4_seed3_real/step_records.csv","dissertation_formal_v2","4","3","RawLLM","24","24","car3","W_E","FREE"
"results/formal_experiment/dissertation_formal_v2/runs/seed3_v4/FE04_RAW_LLM_v4_seed3_real/step_records.csv","dissertation_formal_v2","4","3","RawLLM","25","25","car0","N_S","PROCEED"
"results/formal_experiment/dissertation_formal_v2/runs/seed3_v4/FE04_RAW_LLM_v4_seed3_real/step_records.csv","dissertation_formal_v2","4","3","RawLLM","25","25","car1","S_N","PROCEED"
"results/formal_experiment/dissertation_formal_v2/runs/seed3_v4/FE04_RAW_LLM_v4_seed3_real/step_records.csv","dissertation_formal_v2","4","3","RawLLM","25","25","car2","E_W","FREE"
"results/formal_experiment/dissertation_formal_v2/runs/seed3_v4/FE04_RAW_LLM_v4_seed3_real/step_records.csv","dissertation_formal_v2","4","3","RawLLM","25","25","car3","W_E","FREE"
"results/formal_experiment/dissertation_formal_v2/runs/seed3_v4/FE04_RAW_LLM_v4_seed3_real/step_records.csv","dissertation_formal_v2","4","3","RawLLM","26","26","car0","N_S","PROCEED"
"results/formal_experiment/dissertation_formal_v2/runs/seed3_v4/FE04_RAW_LLM_v4_seed3_real/step_records.csv","dissertation_formal_v2","4","3","RawLLM","26","26","car1","S_N","PROCEED"
"results/formal_experiment/dissertation_formal_v2/runs/seed3_v4/FE04_RAW_LLM_v4_seed3_real/step_records.csv","dissertation_formal_v2","4","3","RawLLM","26","26","car3","W_E","FREE"
"results/formal_experiment/dissertation_formal_v2/runs/seed3_v4/FE04_RAW_LLM_v4_seed3_real/step_records.csv","dissertation_formal_v2","4","3","RawLLM","27","27","car0","N_S","PROCEED"
"results/formal_experiment/dissertation_formal_v2/runs/seed3_v4/FE04_RAW_LLM_v4_seed3_real/step_records.csv","dissertation_formal_v2","4","3","RawLLM","27","27","car1","S_N","PROCEED"
"results/formal_experiment/dissertation_formal_v2/runs/seed3_v4/FE04_RAW_LLM_v4_seed3_real/step_records.csv","dissertation_formal_v2","4","3","RawLLM","27","27","car3","W_E","FREE"
"results/formal_experiment/dissertation_formal_v2/runs/seed3_v4/FE04_RAW_LLM_v4_seed3_real/step_records.csv","dissertation_formal_v2","4","3","RawLLM","28","28","car0","N_S","PROCEED"
"results/formal_experiment/dissertation_formal_v2/runs/seed3_v4/FE04_RAW_LLM_v4_seed3_real/step_records.csv","dissertation_formal_v2","4","3","RawLLM","28","28","car1","S_N","PROCEED"
"results/formal_experiment/dissertation_formal_v2/runs/seed3_v4/FE04_RAW_LLM_v4_seed3_real/step_records.csv","dissertation_formal_v2","4","3","RawLLM","29","29","car0","N_S","PROCEED"
"results/formal_experiment/dissertation_formal_v2/runs/seed3_v4/FE04_RAW_LLM_v4_seed3_real/step_records.csv","dissertation_formal_v2","4","3","RawLLM","29","29","car1","S_N","PROCEED"
"results/formal_experiment/dissertation_formal_v2/runs/seed3_v4/FE04_RAW_LLM_v4_seed3_real/step_records.csv","dissertation_formal_v2","4","3","RawLLM","30","30","car0","N_S","PROCEED"
"results/formal_experiment/dissertation_formal_v2/runs/seed3_v4/FE04_RAW_LLM_v4_seed3_real/step_records.csv","dissertation_formal_v2","4","3","RawLLM","30","30","car1","S_N","PROCEED"
"results/formal_experiment/dissertation_formal_v2/runs/seed3_v4/FE04_RAW_LLM_v4_seed3_real/step_records.csv","dissertation_formal_v2","4","3","RawLLM","31","31","car0","N_S","PROCEED"
"results/formal_experiment/dissertation_formal_v2/runs/seed3_v4/FE04_RAW_LLM_v4_seed3_real/step_records.csv","dissertation_formal_v2","4","3","RawLLM","31","31","car1","S_N","PROCEED"
"results/formal_experiment/dissertation_formal_v2/runs/seed3_v4/FE04_RAW_LLM_v4_seed3_real/step_records.csv","dissertation_formal_v2","4","3","RawLLM","32","32","car0","N_S","PROCEED"
"results/formal_experiment/dissertation_formal_v2/runs/seed3_v4/FE04_RAW_LLM_v4_seed3_real/step_records.csv","dissertation_formal_v2","4","3","RawLLM","32","32","car1","S_N","PROCEED"
"results/formal_experiment/dissertation_formal_v2/runs/seed3_v4/FE04_RAW_LLM_v4_seed3_real/step_records.csv","dissertation_formal_v2","4","3","RawLLM","33","33","car0","N_S","PROCEED"
"results/formal_experiment/dissertation_formal_v2/runs/seed3_v4/FE04_RAW_LLM_v4_seed3_real/step_records.csv","dissertation_formal_v2","4","3","RawLLM","33","33","car1","S_N","PROCEED"
"results/formal_experiment/dissertation_formal_v2/runs/seed3_v4/FE04_RAW_LLM_v4_seed3_real/step_records.csv","dissertation_formal_v2","4","3","RawLLM","34","34","car0","N_S","PROCEED"
"results/formal_experiment/dissertation_formal_v2/runs/seed3_v4/FE04_RAW_LLM_v4_seed3_real/step_records.csv","dissertation_formal_v2","4","3","RawLLM","34","34","car1","S_N","PROCEED"
"results/formal_experiment/dissertation_formal_v2/runs/seed3_v4/FE04_RAW_LLM_v4_seed3_real/step_records.csv","dissertation_formal_v2","4","3","RawLLM","35","35","car0","N_S","PROCEED"
"results/formal_experiment/dissertation_formal_v2/runs/seed3_v4/FE04_RAW_LLM_v4_seed3_real/step_records.csv","dissertation_formal_v2","4","3","RawLLM","35","35","car1","S_N","PROCEED"
"results/formal_experiment/dissertation_formal_v2/runs/seed3_v4/FE04_RAW_LLM_v4_seed3_real/step_records.csv","dissertation_formal_v2","4","3","RawLLM","36","36","car0","N_S","PROCEED"
"results/formal_experiment/dissertation_formal_v2/runs/seed3_v4/FE04_RAW_LLM_v4_seed3_real/step_records.csv","dissertation_formal_v2","4","3","RawLLM","36","36","car1","S_N","PROCEED"
"results/formal_experiment/dissertation_formal_v2/runs/seed3_v4/FE04_RAW_LLM_v4_seed3_real/step_records.csv","dissertation_formal_v2","4","3","RawLLM","37","37","car0","N_S","PROCEED"
"results/formal_experiment/dissertation_formal_v2/runs/seed3_v4/FE04_RAW_LLM_v4_seed3_real/step_records.csv","dissertation_formal_v2","4","3","RawLLM","37","37","car1","S_N","PROCEED"
"results/formal_experiment/dissertation_formal_v2/runs/seed3_v4/FE04_RAW_LLM_v4_seed3_real/step_records.csv","dissertation_formal_v2","4","3","RawLLM","38","38","car0","N_S","PROCEED"
"results/formal_experiment/dissertation_formal_v2/runs/seed3_v4/FE04_RAW_LLM_v4_seed3_real/step_records.csv","dissertation_formal_v2","4","3","RawLLM","38","38","car1","S_N","PROCEED"
"results/formal_experiment/dissertation_formal_v2/runs/seed3_v4/FE04_RAW_LLM_v4_seed3_real/step_records.csv","dissertation_formal_v2","4","3","RawLLM","39","39","car0","N_S","PROCEED"
"results/formal_experiment/dissertation_formal_v2/runs/seed3_v4/FE04_RAW_LLM_v4_seed3_real/step_records.csv","dissertation_formal_v2","4","3","RawLLM","39","39","car1","S_N","PROCEED"
"results/formal_experiment/dissertation_formal_v2/runs/seed3_v4/FE04_RAW_LLM_v4_seed3_real/step_records.csv","dissertation_formal_v2","4","3","RawLLM","40","40","car0","N_S","PROCEED"
"results/formal_experiment/dissertation_formal_v2/runs/seed3_v4/FE04_RAW_LLM_v4_seed3_real/step_records.csv","dissertation_formal_v2","4","3","RawLLM","40","40","car1","S_N","PROCEED"
"results/formal_experiment/dissertation_formal_v2/runs/seed3_v4/FE04_RAW_LLM_v4_seed3_real/step_records.csv","dissertation_formal_v2","4","3","RawLLM","41","41","car0","N_S","PROCEED"
"results/formal_experiment/dissertation_formal_v2/runs/seed3_v4/FE04_RAW_LLM_v4_seed3_real/step_records.csv","dissertation_formal_v2","4","3","RawLLM","41","41","car1","S_N","PROCEED"
"results/formal_experiment/dissertation_formal_v2/runs/seed3_v4/FE04_RAW_LLM_v4_seed3_real/step_records.csv","dissertation_formal_v2","4","3","RawLLM","42","42","car0","N_S","PROCEED"
"results/formal_experiment/dissertation_formal_v2/runs/seed3_v4/FE04_RAW_LLM_v4_seed3_real/step_records.csv","dissertation_formal_v2","4","3","RawLLM","42","42","car1","S_N","PROCEED"
"results/formal_experiment/dissertation_formal_v2/runs/seed3_v4/FE04_RAW_LLM_v4_seed3_real/step_records.csv","dissertation_formal_v2","4","3","RawLLM","43","43","car0","N_S","PROCEED"
"results/formal_experiment/dissertation_formal_v2/runs/seed3_v4/FE04_RAW_LLM_v4_seed3_real/step_records.csv","dissertation_formal_v2","4","3","RawLLM","43","43","car1","S_N","PROCEED"
"results/formal_experiment/dissertation_formal_v2/runs/seed3_v4/FE04_RAW_LLM_v4_seed3_real/step_records.csv","dissertation_formal_v2","4","3","RawLLM","44","44","car0","N_S","PROCEED"
"results/formal_experiment/dissertation_formal_v2/runs/seed3_v4/FE04_RAW_LLM_v4_seed3_real/step_records.csv","dissertation_formal_v2","4","3","RawLLM","44","44","car1","S_N","PROCEED"
"results/formal_experiment/dissertation_formal_v2/runs/seed3_v4/FE04_RAW_LLM_v4_seed3_real/step_records.csv","dissertation_formal_v2","4","3","RawLLM","45","45","car0","N_S","PROCEED"
"results/formal_experiment/dissertation_formal_v2/runs/seed3_v4/FE04_RAW_LLM_v4_seed3_real/step_records.csv","dissertation_formal_v2","4","3","RawLLM","45","45","car1","S_N","PROCEED"
"results/formal_experiment/dissertation_formal_v2/runs/seed3_v4/FE04_RAW_LLM_v4_seed3_real/step_records.csv","dissertation_formal_v2","4","3","RawLLM","46","46","car0","N_S","PROCEED"
"results/formal_experiment/dissertation_formal_v2/runs/seed3_v4/FE04_RAW_LLM_v4_seed3_real/step_records.csv","dissertation_formal_v2","4","3","RawLLM","46","46","car1","S_N","PROCEED"
"results/formal_experiment/dissertation_formal_v2/runs/seed3_v4/FE04_RAW_LLM_v4_seed3_real/step_records.csv","dissertation_formal_v2","4","3","RawLLM","47","47","car0","N_S","PROCEED"
"results/formal_experiment/dissertation_formal_v2/runs/seed3_v4/FE04_RAW_LLM_v4_seed3_real/step_records.csv","dissertation_formal_v2","4","3","RawLLM","47","47","car1","S_N","PROCEED"
"results/formal_experiment/dissertation_formal_v2/runs/seed3_v4/FE04_RAW_LLM_v4_seed3_real/step_records.csv","dissertation_formal_v2","4","3","RawLLM","48","48","car0","N_S","FREE"
"results/formal_experiment/dissertation_formal_v2/runs/seed3_v4/FE04_RAW_LLM_v4_seed3_real/step_records.csv","dissertation_formal_v2","4","3","RawLLM","48","48","car1","S_N","FREE"
"results/formal_experiment/dissertation_formal_v2/runs/seed3_v4/FE04_RAW_LLM_v4_seed3_real/step_records.csv","dissertation_formal_v2","4","3","RawLLM","49","49","car0","N_S","FREE"
"results/formal_experiment/dissertation_formal_v2/runs/seed3_v4/FE04_RAW_LLM_v4_seed3_real/step_records.csv","dissertation_formal_v2","4","3","RawLLM","49","49","car1","S_N","FREE"
"results/formal_experiment/dissertation_formal_v2/runs/seed3_v4/FE04_RAW_LLM_v4_seed3_real/step_records.csv","dissertation_formal_v2","4","3","RawLLM","50","50","car0","N_S","FREE"
"results/formal_experiment/dissertation_formal_v2/runs/seed3_v4/FE04_RAW_LLM_v4_seed3_real/step_records.csv","dissertation_formal_v2","4","3","RawLLM","50","50","car1","S_N","FREE"
"results/formal_experiment/dissertation_formal_v2/runs/seed3_v4/FE04_RAW_LLM_v4_seed3_real/step_records.csv","dissertation_formal_v2","4","3","RawLLM","51","51","car0","N_S","FREE"
"results/formal_experiment/dissertation_formal_v2/runs/seed3_v4/FE04_RAW_LLM_v4_seed3_real/step_records.csv","dissertation_formal_v2","4","3","RawLLM","51","51","car1","S_N","FREE"
"results/formal_experiment/dissertation_formal_v2/runs/seed3_v4/FE04_RAW_LLM_v4_seed3_real/step_records.csv","dissertation_formal_v2","4","3","RawLLM","52","52","car0","N_S","FREE"
"results/formal_experiment/dissertation_formal_v2/runs/seed3_v4/FE04_RAW_LLM_v4_seed3_real/step_records.csv","dissertation_formal_v2","4","3","RawLLM","52","52","car1","S_N","FREE"
"results/formal_experiment/dissertation_formal_v2/runs/seed3_v4/FE05_HYBRID_v4_seed3_real/step_records.csv","dissertation_formal_v2","4","3","HybridLLM","0","0","car0","N_S","FREE"
"results/formal_experiment/dissertation_formal_v2/runs/seed3_v4/FE05_HYBRID_v4_seed3_real/step_records.csv","dissertation_formal_v2","4","3","HybridLLM","1","1","car0","N_S","FREE"
"results/formal_experiment/dissertation_formal_v2/runs/seed3_v4/FE05_HYBRID_v4_seed3_real/step_records.csv","dissertation_formal_v2","4","3","HybridLLM","2","2","car0","N_S","FREE"
"results/formal_experiment/dissertation_formal_v2/runs/seed3_v4/FE05_HYBRID_v4_seed3_real/step_records.csv","dissertation_formal_v2","4","3","HybridLLM","2","2","car1","S_N","FREE"
"results/formal_experiment/dissertation_formal_v2/runs/seed3_v4/FE05_HYBRID_v4_seed3_real/step_records.csv","dissertation_formal_v2","4","3","HybridLLM","3","3","car0","N_S","FREE"
"results/formal_experiment/dissertation_formal_v2/runs/seed3_v4/FE05_HYBRID_v4_seed3_real/step_records.csv","dissertation_formal_v2","4","3","HybridLLM","3","3","car1","S_N","FREE"
"results/formal_experiment/dissertation_formal_v2/runs/seed3_v4/FE05_HYBRID_v4_seed3_real/step_records.csv","dissertation_formal_v2","4","3","HybridLLM","4","4","car0","N_S","FREE"
"results/formal_experiment/dissertation_formal_v2/runs/seed3_v4/FE05_HYBRID_v4_seed3_real/step_records.csv","dissertation_formal_v2","4","3","HybridLLM","4","4","car1","S_N","FREE"
"results/formal_experiment/dissertation_formal_v2/runs/seed3_v4/FE05_HYBRID_v4_seed3_real/step_records.csv","dissertation_formal_v2","4","3","HybridLLM","4","4","car2","E_W","FREE"
"results/formal_experiment/dissertation_formal_v2/runs/seed3_v4/FE05_HYBRID_v4_seed3_real/step_records.csv","dissertation_formal_v2","4","3","HybridLLM","5","5","car0","N_S","PROCEED"
"results/formal_experiment/dissertation_formal_v2/runs/seed3_v4/FE05_HYBRID_v4_seed3_real/step_records.csv","dissertation_formal_v2","4","3","HybridLLM","5","5","car1","S_N","FREE"
"results/formal_experiment/dissertation_formal_v2/runs/seed3_v4/FE05_HYBRID_v4_seed3_real/step_records.csv","dissertation_formal_v2","4","3","HybridLLM","5","5","car2","E_W","FREE"
"results/formal_experiment/dissertation_formal_v2/runs/seed3_v4/FE05_HYBRID_v4_seed3_real/step_records.csv","dissertation_formal_v2","4","3","HybridLLM","6","6","car0","N_S","PROCEED"
"results/formal_experiment/dissertation_formal_v2/runs/seed3_v4/FE05_HYBRID_v4_seed3_real/step_records.csv","dissertation_formal_v2","4","3","HybridLLM","6","6","car1","S_N","FREE"
"results/formal_experiment/dissertation_formal_v2/runs/seed3_v4/FE05_HYBRID_v4_seed3_real/step_records.csv","dissertation_formal_v2","4","3","HybridLLM","6","6","car2","E_W","FREE"
"results/formal_experiment/dissertation_formal_v2/runs/seed3_v4/FE05_HYBRID_v4_seed3_real/step_records.csv","dissertation_formal_v2","4","3","HybridLLM","6","6","car3","W_E","FREE"
"results/formal_experiment/dissertation_formal_v2/runs/seed3_v4/FE05_HYBRID_v4_seed3_real/step_records.csv","dissertation_formal_v2","4","3","HybridLLM","7","7","car0","N_S","PROCEED"
"results/formal_experiment/dissertation_formal_v2/runs/seed3_v4/FE05_HYBRID_v4_seed3_real/step_records.csv","dissertation_formal_v2","4","3","HybridLLM","7","7","car1","S_N","FREE"
"results/formal_experiment/dissertation_formal_v2/runs/seed3_v4/FE05_HYBRID_v4_seed3_real/step_records.csv","dissertation_formal_v2","4","3","HybridLLM","7","7","car2","E_W","FREE"
"results/formal_experiment/dissertation_formal_v2/runs/seed3_v4/FE05_HYBRID_v4_seed3_real/step_records.csv","dissertation_formal_v2","4","3","HybridLLM","7","7","car3","W_E","FREE"
"results/formal_experiment/dissertation_formal_v2/runs/seed3_v4/FE05_HYBRID_v4_seed3_real/step_records.csv","dissertation_formal_v2","4","3","HybridLLM","8","8","car0","N_S","PROCEED"
"results/formal_experiment/dissertation_formal_v2/runs/seed3_v4/FE05_HYBRID_v4_seed3_real/step_records.csv","dissertation_formal_v2","4","3","HybridLLM","8","8","car1","S_N","PROCEED"
"results/formal_experiment/dissertation_formal_v2/runs/seed3_v4/FE05_HYBRID_v4_seed3_real/step_records.csv","dissertation_formal_v2","4","3","HybridLLM","8","8","car2","E_W","FREE"
"results/formal_experiment/dissertation_formal_v2/runs/seed3_v4/FE05_HYBRID_v4_seed3_real/step_records.csv","dissertation_formal_v2","4","3","HybridLLM","8","8","car3","W_E","FREE"
"results/formal_experiment/dissertation_formal_v2/runs/seed3_v4/FE05_HYBRID_v4_seed3_real/step_records.csv","dissertation_formal_v2","4","3","HybridLLM","9","9","car0","N_S","PROCEED"
"results/formal_experiment/dissertation_formal_v2/runs/seed3_v4/FE05_HYBRID_v4_seed3_real/step_records.csv","dissertation_formal_v2","4","3","HybridLLM","9","9","car1","S_N","PROCEED"
"results/formal_experiment/dissertation_formal_v2/runs/seed3_v4/FE05_HYBRID_v4_seed3_real/step_records.csv","dissertation_formal_v2","4","3","HybridLLM","9","9","car2","E_W","FREE"
"results/formal_experiment/dissertation_formal_v2/runs/seed3_v4/FE05_HYBRID_v4_seed3_real/step_records.csv","dissertation_formal_v2","4","3","HybridLLM","9","9","car3","W_E","FREE"
"results/formal_experiment/dissertation_formal_v2/runs/seed3_v4/FE05_HYBRID_v4_seed3_real/step_records.csv","dissertation_formal_v2","4","3","HybridLLM","10","10","car0","N_S","PROCEED"
"results/formal_experiment/dissertation_formal_v2/runs/seed3_v4/FE05_HYBRID_v4_seed3_real/step_records.csv","dissertation_formal_v2","4","3","HybridLLM","10","10","car1","S_N","PROCEED"
"results/formal_experiment/dissertation_formal_v2/runs/seed3_v4/FE05_HYBRID_v4_seed3_real/step_records.csv","dissertation_formal_v2","4","3","HybridLLM","10","10","car2","E_W","FREE"
"results/formal_experiment/dissertation_formal_v2/runs/seed3_v4/FE05_HYBRID_v4_seed3_real/step_records.csv","dissertation_formal_v2","4","3","HybridLLM","10","10","car3","W_E","FREE"
"results/formal_experiment/dissertation_formal_v2/runs/seed3_v4/FE05_HYBRID_v4_seed3_real/step_records.csv","dissertation_formal_v2","4","3","HybridLLM","11","11","car0","N_S","PROCEED"
"results/formal_experiment/dissertation_formal_v2/runs/seed3_v4/FE05_HYBRID_v4_seed3_real/step_records.csv","dissertation_formal_v2","4","3","HybridLLM","11","11","car1","S_N","PROCEED"
"results/formal_experiment/dissertation_formal_v2/runs/seed3_v4/FE05_HYBRID_v4_seed3_real/step_records.csv","dissertation_formal_v2","4","3","HybridLLM","11","11","car2","E_W","FREE"
"results/formal_experiment/dissertation_formal_v2/runs/seed3_v4/FE05_HYBRID_v4_seed3_real/step_records.csv","dissertation_formal_v2","4","3","HybridLLM","11","11","car3","W_E","FREE"
"results/formal_experiment/dissertation_formal_v2/runs/seed3_v4/FE05_HYBRID_v4_seed3_real/step_records.csv","dissertation_formal_v2","4","3","HybridLLM","12","12","car0","N_S","WAIT"
"results/formal_experiment/dissertation_formal_v2/runs/seed3_v4/FE05_HYBRID_v4_seed3_real/step_records.csv","dissertation_formal_v2","4","3","HybridLLM","12","12","car1","S_N","WAIT"
"results/formal_experiment/dissertation_formal_v2/runs/seed3_v4/FE05_HYBRID_v4_seed3_real/step_records.csv","dissertation_formal_v2","4","3","HybridLLM","12","12","car2","E_W","PROCEED"
"results/formal_experiment/dissertation_formal_v2/runs/seed3_v4/FE05_HYBRID_v4_seed3_real/step_records.csv","dissertation_formal_v2","4","3","HybridLLM","12","12","car3","W_E","FREE"
"results/formal_experiment/dissertation_formal_v2/runs/seed3_v4/FE05_HYBRID_v4_seed3_real/step_records.csv","dissertation_formal_v2","4","3","HybridLLM","13","13","car0","N_S","WAIT"
"results/formal_experiment/dissertation_formal_v2/runs/seed3_v4/FE05_HYBRID_v4_seed3_real/step_records.csv","dissertation_formal_v2","4","3","HybridLLM","13","13","car1","S_N","WAIT"
"results/formal_experiment/dissertation_formal_v2/runs/seed3_v4/FE05_HYBRID_v4_seed3_real/step_records.csv","dissertation_formal_v2","4","3","HybridLLM","13","13","car2","E_W","PROCEED"
"results/formal_experiment/dissertation_formal_v2/runs/seed3_v4/FE05_HYBRID_v4_seed3_real/step_records.csv","dissertation_formal_v2","4","3","HybridLLM","13","13","car3","W_E","PROCEED"
"results/formal_experiment/dissertation_formal_v2/runs/seed3_v4/FE05_HYBRID_v4_seed3_real/step_records.csv","dissertation_formal_v2","4","3","HybridLLM","14","14","car0","N_S","WAIT"
"results/formal_experiment/dissertation_formal_v2/runs/seed3_v4/FE05_HYBRID_v4_seed3_real/step_records.csv","dissertation_formal_v2","4","3","HybridLLM","14","14","car1","S_N","WAIT"
"results/formal_experiment/dissertation_formal_v2/runs/seed3_v4/FE05_HYBRID_v4_seed3_real/step_records.csv","dissertation_formal_v2","4","3","HybridLLM","14","14","car2","E_W","PROCEED"
"results/formal_experiment/dissertation_formal_v2/runs/seed3_v4/FE05_HYBRID_v4_seed3_real/step_records.csv","dissertation_formal_v2","4","3","HybridLLM","14","14","car3","W_E","PROCEED"
"results/formal_experiment/dissertation_formal_v2/runs/seed3_v4/FE05_HYBRID_v4_seed3_real/step_records.csv","dissertation_formal_v2","4","3","HybridLLM","15","15","car0","N_S","WAIT"
"results/formal_experiment/dissertation_formal_v2/runs/seed3_v4/FE05_HYBRID_v4_seed3_real/step_records.csv","dissertation_formal_v2","4","3","HybridLLM","15","15","car1","S_N","WAIT"
"results/formal_experiment/dissertation_formal_v2/runs/seed3_v4/FE05_HYBRID_v4_seed3_real/step_records.csv","dissertation_formal_v2","4","3","HybridLLM","15","15","car2","E_W","PROCEED"
"results/formal_experiment/dissertation_formal_v2/runs/seed3_v4/FE05_HYBRID_v4_seed3_real/step_records.csv","dissertation_formal_v2","4","3","HybridLLM","15","15","car3","W_E","PROCEED"
"results/formal_experiment/dissertation_formal_v2/runs/seed3_v4/FE05_HYBRID_v4_seed3_real/step_records.csv","dissertation_formal_v2","4","3","HybridLLM","16","16","car0","N_S","WAIT"
"results/formal_experiment/dissertation_formal_v2/runs/seed3_v4/FE05_HYBRID_v4_seed3_real/step_records.csv","dissertation_formal_v2","4","3","HybridLLM","16","16","car1","S_N","WAIT"
"results/formal_experiment/dissertation_formal_v2/runs/seed3_v4/FE05_HYBRID_v4_seed3_real/step_records.csv","dissertation_formal_v2","4","3","HybridLLM","16","16","car2","E_W","PROCEED"
"results/formal_experiment/dissertation_formal_v2/runs/seed3_v4/FE05_HYBRID_v4_seed3_real/step_records.csv","dissertation_formal_v2","4","3","HybridLLM","16","16","car3","W_E","PROCEED"
"results/formal_experiment/dissertation_formal_v2/runs/seed3_v4/FE05_HYBRID_v4_seed3_real/step_records.csv","dissertation_formal_v2","4","3","HybridLLM","17","17","car0","N_S","WAIT"
"results/formal_experiment/dissertation_formal_v2/runs/seed3_v4/FE05_HYBRID_v4_seed3_real/step_records.csv","dissertation_formal_v2","4","3","HybridLLM","17","17","car1","S_N","WAIT"
"results/formal_experiment/dissertation_formal_v2/runs/seed3_v4/FE05_HYBRID_v4_seed3_real/step_records.csv","dissertation_formal_v2","4","3","HybridLLM","17","17","car2","E_W","PROCEED"
"results/formal_experiment/dissertation_formal_v2/runs/seed3_v4/FE05_HYBRID_v4_seed3_real/step_records.csv","dissertation_formal_v2","4","3","HybridLLM","17","17","car3","W_E","PROCEED"
"results/formal_experiment/dissertation_formal_v2/runs/seed3_v4/FE05_HYBRID_v4_seed3_real/step_records.csv","dissertation_formal_v2","4","3","HybridLLM","18","18","car0","N_S","WAIT"
"results/formal_experiment/dissertation_formal_v2/runs/seed3_v4/FE05_HYBRID_v4_seed3_real/step_records.csv","dissertation_formal_v2","4","3","HybridLLM","18","18","car1","S_N","WAIT"
"results/formal_experiment/dissertation_formal_v2/runs/seed3_v4/FE05_HYBRID_v4_seed3_real/step_records.csv","dissertation_formal_v2","4","3","HybridLLM","18","18","car2","E_W","PROCEED"
"results/formal_experiment/dissertation_formal_v2/runs/seed3_v4/FE05_HYBRID_v4_seed3_real/step_records.csv","dissertation_formal_v2","4","3","HybridLLM","18","18","car3","W_E","PROCEED"
"results/formal_experiment/dissertation_formal_v2/runs/seed3_v4/FE05_HYBRID_v4_seed3_real/step_records.csv","dissertation_formal_v2","4","3","HybridLLM","19","19","car0","N_S","WAIT"
"results/formal_experiment/dissertation_formal_v2/runs/seed3_v4/FE05_HYBRID_v4_seed3_real/step_records.csv","dissertation_formal_v2","4","3","HybridLLM","19","19","car1","S_N","WAIT"
"results/formal_experiment/dissertation_formal_v2/runs/seed3_v4/FE05_HYBRID_v4_seed3_real/step_records.csv","dissertation_formal_v2","4","3","HybridLLM","19","19","car2","E_W","FREE"
"results/formal_experiment/dissertation_formal_v2/runs/seed3_v4/FE05_HYBRID_v4_seed3_real/step_records.csv","dissertation_formal_v2","4","3","HybridLLM","19","19","car3","W_E","PROCEED"
"results/formal_experiment/dissertation_formal_v2/runs/seed3_v4/FE05_HYBRID_v4_seed3_real/step_records.csv","dissertation_formal_v2","4","3","HybridLLM","20","20","car0","N_S","PROCEED"
"results/formal_experiment/dissertation_formal_v2/runs/seed3_v4/FE05_HYBRID_v4_seed3_real/step_records.csv","dissertation_formal_v2","4","3","HybridLLM","20","20","car1","S_N","PROCEED"
"results/formal_experiment/dissertation_formal_v2/runs/seed3_v4/FE05_HYBRID_v4_seed3_real/step_records.csv","dissertation_formal_v2","4","3","HybridLLM","20","20","car2","E_W","FREE"
"results/formal_experiment/dissertation_formal_v2/runs/seed3_v4/FE05_HYBRID_v4_seed3_real/step_records.csv","dissertation_formal_v2","4","3","HybridLLM","20","20","car3","W_E","FREE"
"results/formal_experiment/dissertation_formal_v2/runs/seed3_v4/FE05_HYBRID_v4_seed3_real/step_records.csv","dissertation_formal_v2","4","3","HybridLLM","21","21","car0","N_S","PROCEED"
"results/formal_experiment/dissertation_formal_v2/runs/seed3_v4/FE05_HYBRID_v4_seed3_real/step_records.csv","dissertation_formal_v2","4","3","HybridLLM","21","21","car1","S_N","PROCEED"
"results/formal_experiment/dissertation_formal_v2/runs/seed3_v4/FE05_HYBRID_v4_seed3_real/step_records.csv","dissertation_formal_v2","4","3","HybridLLM","21","21","car2","E_W","FREE"
"results/formal_experiment/dissertation_formal_v2/runs/seed3_v4/FE05_HYBRID_v4_seed3_real/step_records.csv","dissertation_formal_v2","4","3","HybridLLM","21","21","car3","W_E","FREE"
"results/formal_experiment/dissertation_formal_v2/runs/seed3_v4/FE05_HYBRID_v4_seed3_real/step_records.csv","dissertation_formal_v2","4","3","HybridLLM","22","22","car0","N_S","PROCEED"
"results/formal_experiment/dissertation_formal_v2/runs/seed3_v4/FE05_HYBRID_v4_seed3_real/step_records.csv","dissertation_formal_v2","4","3","HybridLLM","22","22","car1","S_N","PROCEED"
"results/formal_experiment/dissertation_formal_v2/runs/seed3_v4/FE05_HYBRID_v4_seed3_real/step_records.csv","dissertation_formal_v2","4","3","HybridLLM","22","22","car2","E_W","FREE"
"results/formal_experiment/dissertation_formal_v2/runs/seed3_v4/FE05_HYBRID_v4_seed3_real/step_records.csv","dissertation_formal_v2","4","3","HybridLLM","22","22","car3","W_E","FREE"
"results/formal_experiment/dissertation_formal_v2/runs/seed3_v4/FE05_HYBRID_v4_seed3_real/step_records.csv","dissertation_formal_v2","4","3","HybridLLM","23","23","car0","N_S","PROCEED"
"results/formal_experiment/dissertation_formal_v2/runs/seed3_v4/FE05_HYBRID_v4_seed3_real/step_records.csv","dissertation_formal_v2","4","3","HybridLLM","23","23","car1","S_N","PROCEED"
"results/formal_experiment/dissertation_formal_v2/runs/seed3_v4/FE05_HYBRID_v4_seed3_real/step_records.csv","dissertation_formal_v2","4","3","HybridLLM","23","23","car2","E_W","FREE"
"results/formal_experiment/dissertation_formal_v2/runs/seed3_v4/FE05_HYBRID_v4_seed3_real/step_records.csv","dissertation_formal_v2","4","3","HybridLLM","23","23","car3","W_E","FREE"
"results/formal_experiment/dissertation_formal_v2/runs/seed3_v4/FE05_HYBRID_v4_seed3_real/step_records.csv","dissertation_formal_v2","4","3","HybridLLM","24","24","car0","N_S","PROCEED"
"results/formal_experiment/dissertation_formal_v2/runs/seed3_v4/FE05_HYBRID_v4_seed3_real/step_records.csv","dissertation_formal_v2","4","3","HybridLLM","24","24","car1","S_N","PROCEED"
"results/formal_experiment/dissertation_formal_v2/runs/seed3_v4/FE05_HYBRID_v4_seed3_real/step_records.csv","dissertation_formal_v2","4","3","HybridLLM","24","24","car2","E_W","FREE"
"results/formal_experiment/dissertation_formal_v2/runs/seed3_v4/FE05_HYBRID_v4_seed3_real/step_records.csv","dissertation_formal_v2","4","3","HybridLLM","24","24","car3","W_E","FREE"
"results/formal_experiment/dissertation_formal_v2/runs/seed3_v4/FE05_HYBRID_v4_seed3_real/step_records.csv","dissertation_formal_v2","4","3","HybridLLM","25","25","car0","N_S","PROCEED"
"results/formal_experiment/dissertation_formal_v2/runs/seed3_v4/FE05_HYBRID_v4_seed3_real/step_records.csv","dissertation_formal_v2","4","3","HybridLLM","25","25","car1","S_N","PROCEED"
"results/formal_experiment/dissertation_formal_v2/runs/seed3_v4/FE05_HYBRID_v4_seed3_real/step_records.csv","dissertation_formal_v2","4","3","HybridLLM","25","25","car2","E_W","FREE"
"results/formal_experiment/dissertation_formal_v2/runs/seed3_v4/FE05_HYBRID_v4_seed3_real/step_records.csv","dissertation_formal_v2","4","3","HybridLLM","25","25","car3","W_E","FREE"
"results/formal_experiment/dissertation_formal_v2/runs/seed3_v4/FE05_HYBRID_v4_seed3_real/step_records.csv","dissertation_formal_v2","4","3","HybridLLM","26","26","car0","N_S","PROCEED"
"results/formal_experiment/dissertation_formal_v2/runs/seed3_v4/FE05_HYBRID_v4_seed3_real/step_records.csv","dissertation_formal_v2","4","3","HybridLLM","26","26","car1","S_N","PROCEED"
"results/formal_experiment/dissertation_formal_v2/runs/seed3_v4/FE05_HYBRID_v4_seed3_real/step_records.csv","dissertation_formal_v2","4","3","HybridLLM","26","26","car3","W_E","FREE"
"results/formal_experiment/dissertation_formal_v2/runs/seed3_v4/FE05_HYBRID_v4_seed3_real/step_records.csv","dissertation_formal_v2","4","3","HybridLLM","27","27","car0","N_S","PROCEED"
"results/formal_experiment/dissertation_formal_v2/runs/seed3_v4/FE05_HYBRID_v4_seed3_real/step_records.csv","dissertation_formal_v2","4","3","HybridLLM","27","27","car1","S_N","PROCEED"
"results/formal_experiment/dissertation_formal_v2/runs/seed3_v4/FE05_HYBRID_v4_seed3_real/step_records.csv","dissertation_formal_v2","4","3","HybridLLM","27","27","car3","W_E","FREE"
"results/formal_experiment/dissertation_formal_v2/runs/seed3_v4/FE05_HYBRID_v4_seed3_real/step_records.csv","dissertation_formal_v2","4","3","HybridLLM","28","28","car0","N_S","PROCEED"
"results/formal_experiment/dissertation_formal_v2/runs/seed3_v4/FE05_HYBRID_v4_seed3_real/step_records.csv","dissertation_formal_v2","4","3","HybridLLM","28","28","car1","S_N","PROCEED"
"results/formal_experiment/dissertation_formal_v2/runs/seed3_v4/FE05_HYBRID_v4_seed3_real/step_records.csv","dissertation_formal_v2","4","3","HybridLLM","29","29","car0","N_S","PROCEED"
"results/formal_experiment/dissertation_formal_v2/runs/seed3_v4/FE05_HYBRID_v4_seed3_real/step_records.csv","dissertation_formal_v2","4","3","HybridLLM","29","29","car1","S_N","PROCEED"
"results/formal_experiment/dissertation_formal_v2/runs/seed3_v4/FE05_HYBRID_v4_seed3_real/step_records.csv","dissertation_formal_v2","4","3","HybridLLM","30","30","car0","N_S","PROCEED"
"results/formal_experiment/dissertation_formal_v2/runs/seed3_v4/FE05_HYBRID_v4_seed3_real/step_records.csv","dissertation_formal_v2","4","3","HybridLLM","30","30","car1","S_N","PROCEED"
"results/formal_experiment/dissertation_formal_v2/runs/seed3_v4/FE05_HYBRID_v4_seed3_real/step_records.csv","dissertation_formal_v2","4","3","HybridLLM","31","31","car0","N_S","PROCEED"
"results/formal_experiment/dissertation_formal_v2/runs/seed3_v4/FE05_HYBRID_v4_seed3_real/step_records.csv","dissertation_formal_v2","4","3","HybridLLM","31","31","car1","S_N","PROCEED"
"results/formal_experiment/dissertation_formal_v2/runs/seed3_v4/FE05_HYBRID_v4_seed3_real/step_records.csv","dissertation_formal_v2","4","3","HybridLLM","32","32","car0","N_S","PROCEED"
"results/formal_experiment/dissertation_formal_v2/runs/seed3_v4/FE05_HYBRID_v4_seed3_real/step_records.csv","dissertation_formal_v2","4","3","HybridLLM","32","32","car1","S_N","PROCEED"
"results/formal_experiment/dissertation_formal_v2/runs/seed3_v4/FE05_HYBRID_v4_seed3_real/step_records.csv","dissertation_formal_v2","4","3","HybridLLM","33","33","car0","N_S","PROCEED"
"results/formal_experiment/dissertation_formal_v2/runs/seed3_v4/FE05_HYBRID_v4_seed3_real/step_records.csv","dissertation_formal_v2","4","3","HybridLLM","33","33","car1","S_N","PROCEED"
"results/formal_experiment/dissertation_formal_v2/runs/seed3_v4/FE05_HYBRID_v4_seed3_real/step_records.csv","dissertation_formal_v2","4","3","HybridLLM","34","34","car0","N_S","PROCEED"
"results/formal_experiment/dissertation_formal_v2/runs/seed3_v4/FE05_HYBRID_v4_seed3_real/step_records.csv","dissertation_formal_v2","4","3","HybridLLM","34","34","car1","S_N","PROCEED"
"results/formal_experiment/dissertation_formal_v2/runs/seed3_v4/FE05_HYBRID_v4_seed3_real/step_records.csv","dissertation_formal_v2","4","3","HybridLLM","35","35","car0","N_S","PROCEED"
"results/formal_experiment/dissertation_formal_v2/runs/seed3_v4/FE05_HYBRID_v4_seed3_real/step_records.csv","dissertation_formal_v2","4","3","HybridLLM","35","35","car1","S_N","PROCEED"
"results/formal_experiment/dissertation_formal_v2/runs/seed3_v4/FE05_HYBRID_v4_seed3_real/step_records.csv","dissertation_formal_v2","4","3","HybridLLM","36","36","car0","N_S","PROCEED"
"results/formal_experiment/dissertation_formal_v2/runs/seed3_v4/FE05_HYBRID_v4_seed3_real/step_records.csv","dissertation_formal_v2","4","3","HybridLLM","36","36","car1","S_N","PROCEED"
"results/formal_experiment/dissertation_formal_v2/runs/seed3_v4/FE05_HYBRID_v4_seed3_real/step_records.csv","dissertation_formal_v2","4","3","HybridLLM","37","37","car0","N_S","PROCEED"
"results/formal_experiment/dissertation_formal_v2/runs/seed3_v4/FE05_HYBRID_v4_seed3_real/step_records.csv","dissertation_formal_v2","4","3","HybridLLM","37","37","car1","S_N","PROCEED"
"results/formal_experiment/dissertation_formal_v2/runs/seed3_v4/FE05_HYBRID_v4_seed3_real/step_records.csv","dissertation_formal_v2","4","3","HybridLLM","38","38","car0","N_S","PROCEED"
"results/formal_experiment/dissertation_formal_v2/runs/seed3_v4/FE05_HYBRID_v4_seed3_real/step_records.csv","dissertation_formal_v2","4","3","HybridLLM","38","38","car1","S_N","PROCEED"
"results/formal_experiment/dissertation_formal_v2/runs/seed3_v4/FE05_HYBRID_v4_seed3_real/step_records.csv","dissertation_formal_v2","4","3","HybridLLM","39","39","car0","N_S","PROCEED"
"results/formal_experiment/dissertation_formal_v2/runs/seed3_v4/FE05_HYBRID_v4_seed3_real/step_records.csv","dissertation_formal_v2","4","3","HybridLLM","39","39","car1","S_N","PROCEED"
"results/formal_experiment/dissertation_formal_v2/runs/seed3_v4/FE05_HYBRID_v4_seed3_real/step_records.csv","dissertation_formal_v2","4","3","HybridLLM","40","40","car0","N_S","PROCEED"
"results/formal_experiment/dissertation_formal_v2/runs/seed3_v4/FE05_HYBRID_v4_seed3_real/step_records.csv","dissertation_formal_v2","4","3","HybridLLM","40","40","car1","S_N","PROCEED"
"results/formal_experiment/dissertation_formal_v2/runs/seed3_v4/FE05_HYBRID_v4_seed3_real/step_records.csv","dissertation_formal_v2","4","3","HybridLLM","41","41","car0","N_S","PROCEED"
"results/formal_experiment/dissertation_formal_v2/runs/seed3_v4/FE05_HYBRID_v4_seed3_real/step_records.csv","dissertation_formal_v2","4","3","HybridLLM","41","41","car1","S_N","PROCEED"
"results/formal_experiment/dissertation_formal_v2/runs/seed3_v4/FE05_HYBRID_v4_seed3_real/step_records.csv","dissertation_formal_v2","4","3","HybridLLM","42","42","car0","N_S","PROCEED"
"results/formal_experiment/dissertation_formal_v2/runs/seed3_v4/FE05_HYBRID_v4_seed3_real/step_records.csv","dissertation_formal_v2","4","3","HybridLLM","42","42","car1","S_N","PROCEED"
"results/formal_experiment/dissertation_formal_v2/runs/seed3_v4/FE05_HYBRID_v4_seed3_real/step_records.csv","dissertation_formal_v2","4","3","HybridLLM","43","43","car0","N_S","PROCEED"
"results/formal_experiment/dissertation_formal_v2/runs/seed3_v4/FE05_HYBRID_v4_seed3_real/step_records.csv","dissertation_formal_v2","4","3","HybridLLM","43","43","car1","S_N","PROCEED"
"results/formal_experiment/dissertation_formal_v2/runs/seed3_v4/FE05_HYBRID_v4_seed3_real/step_records.csv","dissertation_formal_v2","4","3","HybridLLM","44","44","car0","N_S","PROCEED"
"results/formal_experiment/dissertation_formal_v2/runs/seed3_v4/FE05_HYBRID_v4_seed3_real/step_records.csv","dissertation_formal_v2","4","3","HybridLLM","44","44","car1","S_N","PROCEED"
"results/formal_experiment/dissertation_formal_v2/runs/seed3_v4/FE05_HYBRID_v4_seed3_real/step_records.csv","dissertation_formal_v2","4","3","HybridLLM","45","45","car0","N_S","PROCEED"
"results/formal_experiment/dissertation_formal_v2/runs/seed3_v4/FE05_HYBRID_v4_seed3_real/step_records.csv","dissertation_formal_v2","4","3","HybridLLM","45","45","car1","S_N","PROCEED"
"results/formal_experiment/dissertation_formal_v2/runs/seed3_v4/FE05_HYBRID_v4_seed3_real/step_records.csv","dissertation_formal_v2","4","3","HybridLLM","46","46","car0","N_S","PROCEED"
"results/formal_experiment/dissertation_formal_v2/runs/seed3_v4/FE05_HYBRID_v4_seed3_real/step_records.csv","dissertation_formal_v2","4","3","HybridLLM","46","46","car1","S_N","PROCEED"
"results/formal_experiment/dissertation_formal_v2/runs/seed3_v4/FE05_HYBRID_v4_seed3_real/step_records.csv","dissertation_formal_v2","4","3","HybridLLM","47","47","car0","N_S","PROCEED"
"results/formal_experiment/dissertation_formal_v2/runs/seed3_v4/FE05_HYBRID_v4_seed3_real/step_records.csv","dissertation_formal_v2","4","3","HybridLLM","47","47","car1","S_N","PROCEED"
"results/formal_experiment/dissertation_formal_v2/runs/seed3_v4/FE05_HYBRID_v4_seed3_real/step_records.csv","dissertation_formal_v2","4","3","HybridLLM","48","48","car0","N_S","FREE"
"results/formal_experiment/dissertation_formal_v2/runs/seed3_v4/FE05_HYBRID_v4_seed3_real/step_records.csv","dissertation_formal_v2","4","3","HybridLLM","48","48","car1","S_N","FREE"
"results/formal_experiment/dissertation_formal_v2/runs/seed3_v4/FE05_HYBRID_v4_seed3_real/step_records.csv","dissertation_formal_v2","4","3","HybridLLM","49","49","car0","N_S","FREE"
"results/formal_experiment/dissertation_formal_v2/runs/seed3_v4/FE05_HYBRID_v4_seed3_real/step_records.csv","dissertation_formal_v2","4","3","HybridLLM","49","49","car1","S_N","FREE"
"results/formal_experiment/dissertation_formal_v2/runs/seed3_v4/FE05_HYBRID_v4_seed3_real/step_records.csv","dissertation_formal_v2","4","3","HybridLLM","50","50","car0","N_S","FREE"
"results/formal_experiment/dissertation_formal_v2/runs/seed3_v4/FE05_HYBRID_v4_seed3_real/step_records.csv","dissertation_formal_v2","4","3","HybridLLM","50","50","car1","S_N","FREE"
"results/formal_experiment/dissertation_formal_v2/runs/seed3_v4/FE05_HYBRID_v4_seed3_real/step_records.csv","dissertation_formal_v2","4","3","HybridLLM","51","51","car0","N_S","FREE"
"results/formal_experiment/dissertation_formal_v2/runs/seed3_v4/FE05_HYBRID_v4_seed3_real/step_records.csv","dissertation_formal_v2","4","3","HybridLLM","51","51","car1","S_N","FREE"
"results/formal_experiment/dissertation_formal_v2/runs/seed3_v4/FE05_HYBRID_v4_seed3_real/step_records.csv","dissertation_formal_v2","4","3","HybridLLM","52","52","car0","N_S","FREE"
"results/formal_experiment/dissertation_formal_v2/runs/seed3_v4/FE05_HYBRID_v4_seed3_real/step_records.csv","dissertation_formal_v2","4","3","HybridLLM","52","52","car1","S_N","FREE"
"results/formal_experiment/dissertation_formal_v2/runs/seed3_v4/FE06_HYBRID_SAFETY_v4_seed3_real/step_records.csv","dissertation_formal_v2","4","3","HybridLLMSafety","0","0","car0","N_S","FREE"
"results/formal_experiment/dissertation_formal_v2/runs/seed3_v4/FE06_HYBRID_SAFETY_v4_seed3_real/step_records.csv","dissertation_formal_v2","4","3","HybridLLMSafety","1","1","car0","N_S","FREE"
"results/formal_experiment/dissertation_formal_v2/runs/seed3_v4/FE06_HYBRID_SAFETY_v4_seed3_real/step_records.csv","dissertation_formal_v2","4","3","HybridLLMSafety","2","2","car0","N_S","FREE"
"results/formal_experiment/dissertation_formal_v2/runs/seed3_v4/FE06_HYBRID_SAFETY_v4_seed3_real/step_records.csv","dissertation_formal_v2","4","3","HybridLLMSafety","2","2","car1","S_N","FREE"
"results/formal_experiment/dissertation_formal_v2/runs/seed3_v4/FE06_HYBRID_SAFETY_v4_seed3_real/step_records.csv","dissertation_formal_v2","4","3","HybridLLMSafety","3","3","car0","N_S","FREE"
"results/formal_experiment/dissertation_formal_v2/runs/seed3_v4/FE06_HYBRID_SAFETY_v4_seed3_real/step_records.csv","dissertation_formal_v2","4","3","HybridLLMSafety","3","3","car1","S_N","FREE"
"results/formal_experiment/dissertation_formal_v2/runs/seed3_v4/FE06_HYBRID_SAFETY_v4_seed3_real/step_records.csv","dissertation_formal_v2","4","3","HybridLLMSafety","4","4","car0","N_S","FREE"
"results/formal_experiment/dissertation_formal_v2/runs/seed3_v4/FE06_HYBRID_SAFETY_v4_seed3_real/step_records.csv","dissertation_formal_v2","4","3","HybridLLMSafety","4","4","car1","S_N","FREE"
"results/formal_experiment/dissertation_formal_v2/runs/seed3_v4/FE06_HYBRID_SAFETY_v4_seed3_real/step_records.csv","dissertation_formal_v2","4","3","HybridLLMSafety","4","4","car2","E_W","FREE"
"results/formal_experiment/dissertation_formal_v2/runs/seed3_v4/FE06_HYBRID_SAFETY_v4_seed3_real/step_records.csv","dissertation_formal_v2","4","3","HybridLLMSafety","5","5","car0","N_S","PROCEED"
"results/formal_experiment/dissertation_formal_v2/runs/seed3_v4/FE06_HYBRID_SAFETY_v4_seed3_real/step_records.csv","dissertation_formal_v2","4","3","HybridLLMSafety","5","5","car1","S_N","FREE"
"results/formal_experiment/dissertation_formal_v2/runs/seed3_v4/FE06_HYBRID_SAFETY_v4_seed3_real/step_records.csv","dissertation_formal_v2","4","3","HybridLLMSafety","5","5","car2","E_W","FREE"
"results/formal_experiment/dissertation_formal_v2/runs/seed3_v4/FE06_HYBRID_SAFETY_v4_seed3_real/step_records.csv","dissertation_formal_v2","4","3","HybridLLMSafety","6","6","car0","N_S","PROCEED"
"results/formal_experiment/dissertation_formal_v2/runs/seed3_v4/FE06_HYBRID_SAFETY_v4_seed3_real/step_records.csv","dissertation_formal_v2","4","3","HybridLLMSafety","6","6","car1","S_N","FREE"
"results/formal_experiment/dissertation_formal_v2/runs/seed3_v4/FE06_HYBRID_SAFETY_v4_seed3_real/step_records.csv","dissertation_formal_v2","4","3","HybridLLMSafety","6","6","car2","E_W","FREE"
"results/formal_experiment/dissertation_formal_v2/runs/seed3_v4/FE06_HYBRID_SAFETY_v4_seed3_real/step_records.csv","dissertation_formal_v2","4","3","HybridLLMSafety","6","6","car3","W_E","FREE"
"results/formal_experiment/dissertation_formal_v2/runs/seed3_v4/FE06_HYBRID_SAFETY_v4_seed3_real/step_records.csv","dissertation_formal_v2","4","3","HybridLLMSafety","7","7","car0","N_S","PROCEED"
"results/formal_experiment/dissertation_formal_v2/runs/seed3_v4/FE06_HYBRID_SAFETY_v4_seed3_real/step_records.csv","dissertation_formal_v2","4","3","HybridLLMSafety","7","7","car1","S_N","FREE"
"results/formal_experiment/dissertation_formal_v2/runs/seed3_v4/FE06_HYBRID_SAFETY_v4_seed3_real/step_records.csv","dissertation_formal_v2","4","3","HybridLLMSafety","7","7","car2","E_W","FREE"
"results/formal_experiment/dissertation_formal_v2/runs/seed3_v4/FE06_HYBRID_SAFETY_v4_seed3_real/step_records.csv","dissertation_formal_v2","4","3","HybridLLMSafety","7","7","car3","W_E","FREE"
"results/formal_experiment/dissertation_formal_v2/runs/seed3_v4/FE06_HYBRID_SAFETY_v4_seed3_real/step_records.csv","dissertation_formal_v2","4","3","HybridLLMSafety","8","8","car0","N_S","PROCEED"
"results/formal_experiment/dissertation_formal_v2/runs/seed3_v4/FE06_HYBRID_SAFETY_v4_seed3_real/step_records.csv","dissertation_formal_v2","4","3","HybridLLMSafety","8","8","car1","S_N","PROCEED"
"results/formal_experiment/dissertation_formal_v2/runs/seed3_v4/FE06_HYBRID_SAFETY_v4_seed3_real/step_records.csv","dissertation_formal_v2","4","3","HybridLLMSafety","8","8","car2","E_W","FREE"
"results/formal_experiment/dissertation_formal_v2/runs/seed3_v4/FE06_HYBRID_SAFETY_v4_seed3_real/step_records.csv","dissertation_formal_v2","4","3","HybridLLMSafety","8","8","car3","W_E","FREE"
"results/formal_experiment/dissertation_formal_v2/runs/seed3_v4/FE06_HYBRID_SAFETY_v4_seed3_real/step_records.csv","dissertation_formal_v2","4","3","HybridLLMSafety","9","9","car0","N_S","PROCEED"
"results/formal_experiment/dissertation_formal_v2/runs/seed3_v4/FE06_HYBRID_SAFETY_v4_seed3_real/step_records.csv","dissertation_formal_v2","4","3","HybridLLMSafety","9","9","car1","S_N","PROCEED"
"results/formal_experiment/dissertation_formal_v2/runs/seed3_v4/FE06_HYBRID_SAFETY_v4_seed3_real/step_records.csv","dissertation_formal_v2","4","3","HybridLLMSafety","9","9","car2","E_W","FREE"
"results/formal_experiment/dissertation_formal_v2/runs/seed3_v4/FE06_HYBRID_SAFETY_v4_seed3_real/step_records.csv","dissertation_formal_v2","4","3","HybridLLMSafety","9","9","car3","W_E","FREE"
"results/formal_experiment/dissertation_formal_v2/runs/seed3_v4/FE06_HYBRID_SAFETY_v4_seed3_real/step_records.csv","dissertation_formal_v2","4","3","HybridLLMSafety","10","10","car0","N_S","PROCEED"
"results/formal_experiment/dissertation_formal_v2/runs/seed3_v4/FE06_HYBRID_SAFETY_v4_seed3_real/step_records.csv","dissertation_formal_v2","4","3","HybridLLMSafety","10","10","car1","S_N","PROCEED"
"results/formal_experiment/dissertation_formal_v2/runs/seed3_v4/FE06_HYBRID_SAFETY_v4_seed3_real/step_records.csv","dissertation_formal_v2","4","3","HybridLLMSafety","10","10","car2","E_W","FREE"
"results/formal_experiment/dissertation_formal_v2/runs/seed3_v4/FE06_HYBRID_SAFETY_v4_seed3_real/step_records.csv","dissertation_formal_v2","4","3","HybridLLMSafety","10","10","car3","W_E","FREE"
"results/formal_experiment/dissertation_formal_v2/runs/seed3_v4/FE06_HYBRID_SAFETY_v4_seed3_real/step_records.csv","dissertation_formal_v2","4","3","HybridLLMSafety","11","11","car0","N_S","PROCEED"
"results/formal_experiment/dissertation_formal_v2/runs/seed3_v4/FE06_HYBRID_SAFETY_v4_seed3_real/step_records.csv","dissertation_formal_v2","4","3","HybridLLMSafety","11","11","car1","S_N","PROCEED"
"results/formal_experiment/dissertation_formal_v2/runs/seed3_v4/FE06_HYBRID_SAFETY_v4_seed3_real/step_records.csv","dissertation_formal_v2","4","3","HybridLLMSafety","11","11","car2","E_W","FREE"
"results/formal_experiment/dissertation_formal_v2/runs/seed3_v4/FE06_HYBRID_SAFETY_v4_seed3_real/step_records.csv","dissertation_formal_v2","4","3","HybridLLMSafety","11","11","car3","W_E","FREE"
"results/formal_experiment/dissertation_formal_v2/runs/seed3_v4/FE06_HYBRID_SAFETY_v4_seed3_real/step_records.csv","dissertation_formal_v2","4","3","HybridLLMSafety","12","12","car0","N_S","WAIT"
"results/formal_experiment/dissertation_formal_v2/runs/seed3_v4/FE06_HYBRID_SAFETY_v4_seed3_real/step_records.csv","dissertation_formal_v2","4","3","HybridLLMSafety","12","12","car1","S_N","WAIT"
"results/formal_experiment/dissertation_formal_v2/runs/seed3_v4/FE06_HYBRID_SAFETY_v4_seed3_real/step_records.csv","dissertation_formal_v2","4","3","HybridLLMSafety","12","12","car2","E_W","PROCEED"
"results/formal_experiment/dissertation_formal_v2/runs/seed3_v4/FE06_HYBRID_SAFETY_v4_seed3_real/step_records.csv","dissertation_formal_v2","4","3","HybridLLMSafety","12","12","car3","W_E","FREE"
"results/formal_experiment/dissertation_formal_v2/runs/seed3_v4/FE06_HYBRID_SAFETY_v4_seed3_real/step_records.csv","dissertation_formal_v2","4","3","HybridLLMSafety","13","13","car0","N_S","WAIT"
"results/formal_experiment/dissertation_formal_v2/runs/seed3_v4/FE06_HYBRID_SAFETY_v4_seed3_real/step_records.csv","dissertation_formal_v2","4","3","HybridLLMSafety","13","13","car1","S_N","WAIT"
"results/formal_experiment/dissertation_formal_v2/runs/seed3_v4/FE06_HYBRID_SAFETY_v4_seed3_real/step_records.csv","dissertation_formal_v2","4","3","HybridLLMSafety","13","13","car2","E_W","PROCEED"
"results/formal_experiment/dissertation_formal_v2/runs/seed3_v4/FE06_HYBRID_SAFETY_v4_seed3_real/step_records.csv","dissertation_formal_v2","4","3","HybridLLMSafety","13","13","car3","W_E","PROCEED"
"results/formal_experiment/dissertation_formal_v2/runs/seed3_v4/FE06_HYBRID_SAFETY_v4_seed3_real/step_records.csv","dissertation_formal_v2","4","3","HybridLLMSafety","14","14","car0","N_S","WAIT"
"results/formal_experiment/dissertation_formal_v2/runs/seed3_v4/FE06_HYBRID_SAFETY_v4_seed3_real/step_records.csv","dissertation_formal_v2","4","3","HybridLLMSafety","14","14","car1","S_N","WAIT"
"results/formal_experiment/dissertation_formal_v2/runs/seed3_v4/FE06_HYBRID_SAFETY_v4_seed3_real/step_records.csv","dissertation_formal_v2","4","3","HybridLLMSafety","14","14","car2","E_W","PROCEED"
"results/formal_experiment/dissertation_formal_v2/runs/seed3_v4/FE06_HYBRID_SAFETY_v4_seed3_real/step_records.csv","dissertation_formal_v2","4","3","HybridLLMSafety","14","14","car3","W_E","PROCEED"
"results/formal_experiment/dissertation_formal_v2/runs/seed3_v4/FE06_HYBRID_SAFETY_v4_seed3_real/step_records.csv","dissertation_formal_v2","4","3","HybridLLMSafety","15","15","car0","N_S","WAIT"
"results/formal_experiment/dissertation_formal_v2/runs/seed3_v4/FE06_HYBRID_SAFETY_v4_seed3_real/step_records.csv","dissertation_formal_v2","4","3","HybridLLMSafety","15","15","car1","S_N","WAIT"
"results/formal_experiment/dissertation_formal_v2/runs/seed3_v4/FE06_HYBRID_SAFETY_v4_seed3_real/step_records.csv","dissertation_formal_v2","4","3","HybridLLMSafety","15","15","car2","E_W","PROCEED"
"results/formal_experiment/dissertation_formal_v2/runs/seed3_v4/FE06_HYBRID_SAFETY_v4_seed3_real/step_records.csv","dissertation_formal_v2","4","3","HybridLLMSafety","15","15","car3","W_E","PROCEED"
"results/formal_experiment/dissertation_formal_v2/runs/seed3_v4/FE06_HYBRID_SAFETY_v4_seed3_real/step_records.csv","dissertation_formal_v2","4","3","HybridLLMSafety","16","16","car0","N_S","WAIT"
"results/formal_experiment/dissertation_formal_v2/runs/seed3_v4/FE06_HYBRID_SAFETY_v4_seed3_real/step_records.csv","dissertation_formal_v2","4","3","HybridLLMSafety","16","16","car1","S_N","WAIT"
"results/formal_experiment/dissertation_formal_v2/runs/seed3_v4/FE06_HYBRID_SAFETY_v4_seed3_real/step_records.csv","dissertation_formal_v2","4","3","HybridLLMSafety","16","16","car2","E_W","PROCEED"
"results/formal_experiment/dissertation_formal_v2/runs/seed3_v4/FE06_HYBRID_SAFETY_v4_seed3_real/step_records.csv","dissertation_formal_v2","4","3","HybridLLMSafety","16","16","car3","W_E","PROCEED"
"results/formal_experiment/dissertation_formal_v2/runs/seed3_v4/FE06_HYBRID_SAFETY_v4_seed3_real/step_records.csv","dissertation_formal_v2","4","3","HybridLLMSafety","17","17","car0","N_S","WAIT"
"results/formal_experiment/dissertation_formal_v2/runs/seed3_v4/FE06_HYBRID_SAFETY_v4_seed3_real/step_records.csv","dissertation_formal_v2","4","3","HybridLLMSafety","17","17","car1","S_N","WAIT"
"results/formal_experiment/dissertation_formal_v2/runs/seed3_v4/FE06_HYBRID_SAFETY_v4_seed3_real/step_records.csv","dissertation_formal_v2","4","3","HybridLLMSafety","17","17","car2","E_W","PROCEED"
"results/formal_experiment/dissertation_formal_v2/runs/seed3_v4/FE06_HYBRID_SAFETY_v4_seed3_real/step_records.csv","dissertation_formal_v2","4","3","HybridLLMSafety","17","17","car3","W_E","PROCEED"
"results/formal_experiment/dissertation_formal_v2/runs/seed3_v4/FE06_HYBRID_SAFETY_v4_seed3_real/step_records.csv","dissertation_formal_v2","4","3","HybridLLMSafety","18","18","car0","N_S","WAIT"
"results/formal_experiment/dissertation_formal_v2/runs/seed3_v4/FE06_HYBRID_SAFETY_v4_seed3_real/step_records.csv","dissertation_formal_v2","4","3","HybridLLMSafety","18","18","car1","S_N","WAIT"
"results/formal_experiment/dissertation_formal_v2/runs/seed3_v4/FE06_HYBRID_SAFETY_v4_seed3_real/step_records.csv","dissertation_formal_v2","4","3","HybridLLMSafety","18","18","car2","E_W","PROCEED"
"results/formal_experiment/dissertation_formal_v2/runs/seed3_v4/FE06_HYBRID_SAFETY_v4_seed3_real/step_records.csv","dissertation_formal_v2","4","3","HybridLLMSafety","18","18","car3","W_E","PROCEED"
"results/formal_experiment/dissertation_formal_v2/runs/seed3_v4/FE06_HYBRID_SAFETY_v4_seed3_real/step_records.csv","dissertation_formal_v2","4","3","HybridLLMSafety","19","19","car0","N_S","WAIT"
"results/formal_experiment/dissertation_formal_v2/runs/seed3_v4/FE06_HYBRID_SAFETY_v4_seed3_real/step_records.csv","dissertation_formal_v2","4","3","HybridLLMSafety","19","19","car1","S_N","WAIT"
"results/formal_experiment/dissertation_formal_v2/runs/seed3_v4/FE06_HYBRID_SAFETY_v4_seed3_real/step_records.csv","dissertation_formal_v2","4","3","HybridLLMSafety","19","19","car2","E_W","FREE"
"results/formal_experiment/dissertation_formal_v2/runs/seed3_v4/FE06_HYBRID_SAFETY_v4_seed3_real/step_records.csv","dissertation_formal_v2","4","3","HybridLLMSafety","19","19","car3","W_E","PROCEED"
"results/formal_experiment/dissertation_formal_v2/runs/seed3_v4/FE06_HYBRID_SAFETY_v4_seed3_real/step_records.csv","dissertation_formal_v2","4","3","HybridLLMSafety","20","20","car0","N_S","PROCEED"
"results/formal_experiment/dissertation_formal_v2/runs/seed3_v4/FE06_HYBRID_SAFETY_v4_seed3_real/step_records.csv","dissertation_formal_v2","4","3","HybridLLMSafety","20","20","car1","S_N","PROCEED"
"results/formal_experiment/dissertation_formal_v2/runs/seed3_v4/FE06_HYBRID_SAFETY_v4_seed3_real/step_records.csv","dissertation_formal_v2","4","3","HybridLLMSafety","20","20","car2","E_W","FREE"
"results/formal_experiment/dissertation_formal_v2/runs/seed3_v4/FE06_HYBRID_SAFETY_v4_seed3_real/step_records.csv","dissertation_formal_v2","4","3","HybridLLMSafety","20","20","car3","W_E","FREE"
"results/formal_experiment/dissertation_formal_v2/runs/seed3_v4/FE06_HYBRID_SAFETY_v4_seed3_real/step_records.csv","dissertation_formal_v2","4","3","HybridLLMSafety","21","21","car0","N_S","PROCEED"
"results/formal_experiment/dissertation_formal_v2/runs/seed3_v4/FE06_HYBRID_SAFETY_v4_seed3_real/step_records.csv","dissertation_formal_v2","4","3","HybridLLMSafety","21","21","car1","S_N","PROCEED"
"results/formal_experiment/dissertation_formal_v2/runs/seed3_v4/FE06_HYBRID_SAFETY_v4_seed3_real/step_records.csv","dissertation_formal_v2","4","3","HybridLLMSafety","21","21","car2","E_W","FREE"
"results/formal_experiment/dissertation_formal_v2/runs/seed3_v4/FE06_HYBRID_SAFETY_v4_seed3_real/step_records.csv","dissertation_formal_v2","4","3","HybridLLMSafety","21","21","car3","W_E","FREE"
"results/formal_experiment/dissertation_formal_v2/runs/seed3_v4/FE06_HYBRID_SAFETY_v4_seed3_real/step_records.csv","dissertation_formal_v2","4","3","HybridLLMSafety","22","22","car0","N_S","PROCEED"
"results/formal_experiment/dissertation_formal_v2/runs/seed3_v4/FE06_HYBRID_SAFETY_v4_seed3_real/step_records.csv","dissertation_formal_v2","4","3","HybridLLMSafety","22","22","car1","S_N","PROCEED"
"results/formal_experiment/dissertation_formal_v2/runs/seed3_v4/FE06_HYBRID_SAFETY_v4_seed3_real/step_records.csv","dissertation_formal_v2","4","3","HybridLLMSafety","22","22","car2","E_W","FREE"
"results/formal_experiment/dissertation_formal_v2/runs/seed3_v4/FE06_HYBRID_SAFETY_v4_seed3_real/step_records.csv","dissertation_formal_v2","4","3","HybridLLMSafety","22","22","car3","W_E","FREE"
"results/formal_experiment/dissertation_formal_v2/runs/seed3_v4/FE06_HYBRID_SAFETY_v4_seed3_real/step_records.csv","dissertation_formal_v2","4","3","HybridLLMSafety","23","23","car0","N_S","PROCEED"
"results/formal_experiment/dissertation_formal_v2/runs/seed3_v4/FE06_HYBRID_SAFETY_v4_seed3_real/step_records.csv","dissertation_formal_v2","4","3","HybridLLMSafety","23","23","car1","S_N","PROCEED"
"results/formal_experiment/dissertation_formal_v2/runs/seed3_v4/FE06_HYBRID_SAFETY_v4_seed3_real/step_records.csv","dissertation_formal_v2","4","3","HybridLLMSafety","23","23","car2","E_W","FREE"
"results/formal_experiment/dissertation_formal_v2/runs/seed3_v4/FE06_HYBRID_SAFETY_v4_seed3_real/step_records.csv","dissertation_formal_v2","4","3","HybridLLMSafety","23","23","car3","W_E","FREE"
"results/formal_experiment/dissertation_formal_v2/runs/seed3_v4/FE06_HYBRID_SAFETY_v4_seed3_real/step_records.csv","dissertation_formal_v2","4","3","HybridLLMSafety","24","24","car0","N_S","PROCEED"
"results/formal_experiment/dissertation_formal_v2/runs/seed3_v4/FE06_HYBRID_SAFETY_v4_seed3_real/step_records.csv","dissertation_formal_v2","4","3","HybridLLMSafety","24","24","car1","S_N","PROCEED"
"results/formal_experiment/dissertation_formal_v2/runs/seed3_v4/FE06_HYBRID_SAFETY_v4_seed3_real/step_records.csv","dissertation_formal_v2","4","3","HybridLLMSafety","24","24","car2","E_W","FREE"
"results/formal_experiment/dissertation_formal_v2/runs/seed3_v4/FE06_HYBRID_SAFETY_v4_seed3_real/step_records.csv","dissertation_formal_v2","4","3","HybridLLMSafety","24","24","car3","W_E","FREE"
"results/formal_experiment/dissertation_formal_v2/runs/seed3_v4/FE06_HYBRID_SAFETY_v4_seed3_real/step_records.csv","dissertation_formal_v2","4","3","HybridLLMSafety","25","25","car0","N_S","PROCEED"
"results/formal_experiment/dissertation_formal_v2/runs/seed3_v4/FE06_HYBRID_SAFETY_v4_seed3_real/step_records.csv","dissertation_formal_v2","4","3","HybridLLMSafety","25","25","car1","S_N","PROCEED"
"results/formal_experiment/dissertation_formal_v2/runs/seed3_v4/FE06_HYBRID_SAFETY_v4_seed3_real/step_records.csv","dissertation_formal_v2","4","3","HybridLLMSafety","25","25","car2","E_W","FREE"
"results/formal_experiment/dissertation_formal_v2/runs/seed3_v4/FE06_HYBRID_SAFETY_v4_seed3_real/step_records.csv","dissertation_formal_v2","4","3","HybridLLMSafety","25","25","car3","W_E","FREE"
"results/formal_experiment/dissertation_formal_v2/runs/seed3_v4/FE06_HYBRID_SAFETY_v4_seed3_real/step_records.csv","dissertation_formal_v2","4","3","HybridLLMSafety","26","26","car0","N_S","PROCEED"
"results/formal_experiment/dissertation_formal_v2/runs/seed3_v4/FE06_HYBRID_SAFETY_v4_seed3_real/step_records.csv","dissertation_formal_v2","4","3","HybridLLMSafety","26","26","car1","S_N","PROCEED"
"results/formal_experiment/dissertation_formal_v2/runs/seed3_v4/FE06_HYBRID_SAFETY_v4_seed3_real/step_records.csv","dissertation_formal_v2","4","3","HybridLLMSafety","26","26","car3","W_E","FREE"
"results/formal_experiment/dissertation_formal_v2/runs/seed3_v4/FE06_HYBRID_SAFETY_v4_seed3_real/step_records.csv","dissertation_formal_v2","4","3","HybridLLMSafety","27","27","car0","N_S","PROCEED"
"results/formal_experiment/dissertation_formal_v2/runs/seed3_v4/FE06_HYBRID_SAFETY_v4_seed3_real/step_records.csv","dissertation_formal_v2","4","3","HybridLLMSafety","27","27","car1","S_N","PROCEED"
"results/formal_experiment/dissertation_formal_v2/runs/seed3_v4/FE06_HYBRID_SAFETY_v4_seed3_real/step_records.csv","dissertation_formal_v2","4","3","HybridLLMSafety","27","27","car3","W_E","FREE"
"results/formal_experiment/dissertation_formal_v2/runs/seed3_v4/FE06_HYBRID_SAFETY_v4_seed3_real/step_records.csv","dissertation_formal_v2","4","3","HybridLLMSafety","28","28","car0","N_S","PROCEED"
"results/formal_experiment/dissertation_formal_v2/runs/seed3_v4/FE06_HYBRID_SAFETY_v4_seed3_real/step_records.csv","dissertation_formal_v2","4","3","HybridLLMSafety","28","28","car1","S_N","PROCEED"
"results/formal_experiment/dissertation_formal_v2/runs/seed3_v4/FE06_HYBRID_SAFETY_v4_seed3_real/step_records.csv","dissertation_formal_v2","4","3","HybridLLMSafety","29","29","car0","N_S","PROCEED"
"results/formal_experiment/dissertation_formal_v2/runs/seed3_v4/FE06_HYBRID_SAFETY_v4_seed3_real/step_records.csv","dissertation_formal_v2","4","3","HybridLLMSafety","29","29","car1","S_N","PROCEED"
"results/formal_experiment/dissertation_formal_v2/runs/seed3_v4/FE06_HYBRID_SAFETY_v4_seed3_real/step_records.csv","dissertation_formal_v2","4","3","HybridLLMSafety","30","30","car0","N_S","PROCEED"
"results/formal_experiment/dissertation_formal_v2/runs/seed3_v4/FE06_HYBRID_SAFETY_v4_seed3_real/step_records.csv","dissertation_formal_v2","4","3","HybridLLMSafety","30","30","car1","S_N","PROCEED"
"results/formal_experiment/dissertation_formal_v2/runs/seed3_v4/FE06_HYBRID_SAFETY_v4_seed3_real/step_records.csv","dissertation_formal_v2","4","3","HybridLLMSafety","31","31","car0","N_S","PROCEED"
"results/formal_experiment/dissertation_formal_v2/runs/seed3_v4/FE06_HYBRID_SAFETY_v4_seed3_real/step_records.csv","dissertation_formal_v2","4","3","HybridLLMSafety","31","31","car1","S_N","PROCEED"
"results/formal_experiment/dissertation_formal_v2/runs/seed3_v4/FE06_HYBRID_SAFETY_v4_seed3_real/step_records.csv","dissertation_formal_v2","4","3","HybridLLMSafety","32","32","car0","N_S","PROCEED"
"results/formal_experiment/dissertation_formal_v2/runs/seed3_v4/FE06_HYBRID_SAFETY_v4_seed3_real/step_records.csv","dissertation_formal_v2","4","3","HybridLLMSafety","32","32","car1","S_N","PROCEED"
"results/formal_experiment/dissertation_formal_v2/runs/seed3_v4/FE06_HYBRID_SAFETY_v4_seed3_real/step_records.csv","dissertation_formal_v2","4","3","HybridLLMSafety","33","33","car0","N_S","PROCEED"
"results/formal_experiment/dissertation_formal_v2/runs/seed3_v4/FE06_HYBRID_SAFETY_v4_seed3_real/step_records.csv","dissertation_formal_v2","4","3","HybridLLMSafety","33","33","car1","S_N","PROCEED"
"results/formal_experiment/dissertation_formal_v2/runs/seed3_v4/FE06_HYBRID_SAFETY_v4_seed3_real/step_records.csv","dissertation_formal_v2","4","3","HybridLLMSafety","34","34","car0","N_S","PROCEED"
"results/formal_experiment/dissertation_formal_v2/runs/seed3_v4/FE06_HYBRID_SAFETY_v4_seed3_real/step_records.csv","dissertation_formal_v2","4","3","HybridLLMSafety","34","34","car1","S_N","PROCEED"
"results/formal_experiment/dissertation_formal_v2/runs/seed3_v4/FE06_HYBRID_SAFETY_v4_seed3_real/step_records.csv","dissertation_formal_v2","4","3","HybridLLMSafety","35","35","car0","N_S","PROCEED"
"results/formal_experiment/dissertation_formal_v2/runs/seed3_v4/FE06_HYBRID_SAFETY_v4_seed3_real/step_records.csv","dissertation_formal_v2","4","3","HybridLLMSafety","35","35","car1","S_N","PROCEED"
"results/formal_experiment/dissertation_formal_v2/runs/seed3_v4/FE06_HYBRID_SAFETY_v4_seed3_real/step_records.csv","dissertation_formal_v2","4","3","HybridLLMSafety","36","36","car0","N_S","PROCEED"
"results/formal_experiment/dissertation_formal_v2/runs/seed3_v4/FE06_HYBRID_SAFETY_v4_seed3_real/step_records.csv","dissertation_formal_v2","4","3","HybridLLMSafety","36","36","car1","S_N","PROCEED"
"results/formal_experiment/dissertation_formal_v2/runs/seed3_v4/FE06_HYBRID_SAFETY_v4_seed3_real/step_records.csv","dissertation_formal_v2","4","3","HybridLLMSafety","37","37","car0","N_S","PROCEED"
"results/formal_experiment/dissertation_formal_v2/runs/seed3_v4/FE06_HYBRID_SAFETY_v4_seed3_real/step_records.csv","dissertation_formal_v2","4","3","HybridLLMSafety","37","37","car1","S_N","PROCEED"
"results/formal_experiment/dissertation_formal_v2/runs/seed3_v4/FE06_HYBRID_SAFETY_v4_seed3_real/step_records.csv","dissertation_formal_v2","4","3","HybridLLMSafety","38","38","car0","N_S","PROCEED"
"results/formal_experiment/dissertation_formal_v2/runs/seed3_v4/FE06_HYBRID_SAFETY_v4_seed3_real/step_records.csv","dissertation_formal_v2","4","3","HybridLLMSafety","38","38","car1","S_N","PROCEED"
"results/formal_experiment/dissertation_formal_v2/runs/seed3_v4/FE06_HYBRID_SAFETY_v4_seed3_real/step_records.csv","dissertation_formal_v2","4","3","HybridLLMSafety","39","39","car0","N_S","PROCEED"
"results/formal_experiment/dissertation_formal_v2/runs/seed3_v4/FE06_HYBRID_SAFETY_v4_seed3_real/step_records.csv","dissertation_formal_v2","4","3","HybridLLMSafety","39","39","car1","S_N","PROCEED"
"results/formal_experiment/dissertation_formal_v2/runs/seed3_v4/FE06_HYBRID_SAFETY_v4_seed3_real/step_records.csv","dissertation_formal_v2","4","3","HybridLLMSafety","40","40","car0","N_S","PROCEED"
"results/formal_experiment/dissertation_formal_v2/runs/seed3_v4/FE06_HYBRID_SAFETY_v4_seed3_real/step_records.csv","dissertation_formal_v2","4","3","HybridLLMSafety","40","40","car1","S_N","PROCEED"
"results/formal_experiment/dissertation_formal_v2/runs/seed3_v4/FE06_HYBRID_SAFETY_v4_seed3_real/step_records.csv","dissertation_formal_v2","4","3","HybridLLMSafety","41","41","car0","N_S","PROCEED"
"results/formal_experiment/dissertation_formal_v2/runs/seed3_v4/FE06_HYBRID_SAFETY_v4_seed3_real/step_records.csv","dissertation_formal_v2","4","3","HybridLLMSafety","41","41","car1","S_N","PROCEED"
"results/formal_experiment/dissertation_formal_v2/runs/seed3_v4/FE06_HYBRID_SAFETY_v4_seed3_real/step_records.csv","dissertation_formal_v2","4","3","HybridLLMSafety","42","42","car0","N_S","PROCEED"
"results/formal_experiment/dissertation_formal_v2/runs/seed3_v4/FE06_HYBRID_SAFETY_v4_seed3_real/step_records.csv","dissertation_formal_v2","4","3","HybridLLMSafety","42","42","car1","S_N","PROCEED"
"results/formal_experiment/dissertation_formal_v2/runs/seed3_v4/FE06_HYBRID_SAFETY_v4_seed3_real/step_records.csv","dissertation_formal_v2","4","3","HybridLLMSafety","43","43","car0","N_S","PROCEED"
"results/formal_experiment/dissertation_formal_v2/runs/seed3_v4/FE06_HYBRID_SAFETY_v4_seed3_real/step_records.csv","dissertation_formal_v2","4","3","HybridLLMSafety","43","43","car1","S_N","PROCEED"
"results/formal_experiment/dissertation_formal_v2/runs/seed3_v4/FE06_HYBRID_SAFETY_v4_seed3_real/step_records.csv","dissertation_formal_v2","4","3","HybridLLMSafety","44","44","car0","N_S","PROCEED"
"results/formal_experiment/dissertation_formal_v2/runs/seed3_v4/FE06_HYBRID_SAFETY_v4_seed3_real/step_records.csv","dissertation_formal_v2","4","3","HybridLLMSafety","44","44","car1","S_N","PROCEED"
"results/formal_experiment/dissertation_formal_v2/runs/seed3_v4/FE06_HYBRID_SAFETY_v4_seed3_real/step_records.csv","dissertation_formal_v2","4","3","HybridLLMSafety","45","45","car0","N_S","PROCEED"
"results/formal_experiment/dissertation_formal_v2/runs/seed3_v4/FE06_HYBRID_SAFETY_v4_seed3_real/step_records.csv","dissertation_formal_v2","4","3","HybridLLMSafety","45","45","car1","S_N","PROCEED"
"results/formal_experiment/dissertation_formal_v2/runs/seed3_v4/FE06_HYBRID_SAFETY_v4_seed3_real/step_records.csv","dissertation_formal_v2","4","3","HybridLLMSafety","46","46","car0","N_S","PROCEED"
"results/formal_experiment/dissertation_formal_v2/runs/seed3_v4/FE06_HYBRID_SAFETY_v4_seed3_real/step_records.csv","dissertation_formal_v2","4","3","HybridLLMSafety","46","46","car1","S_N","PROCEED"
"results/formal_experiment/dissertation_formal_v2/runs/seed3_v4/FE06_HYBRID_SAFETY_v4_seed3_real/step_records.csv","dissertation_formal_v2","4","3","HybridLLMSafety","47","47","car0","N_S","PROCEED"
"results/formal_experiment/dissertation_formal_v2/runs/seed3_v4/FE06_HYBRID_SAFETY_v4_seed3_real/step_records.csv","dissertation_formal_v2","4","3","HybridLLMSafety","47","47","car1","S_N","PROCEED"
"results/formal_experiment/dissertation_formal_v2/runs/seed3_v4/FE06_HYBRID_SAFETY_v4_seed3_real/step_records.csv","dissertation_formal_v2","4","3","HybridLLMSafety","48","48","car0","N_S","FREE"
"results/formal_experiment/dissertation_formal_v2/runs/seed3_v4/FE06_HYBRID_SAFETY_v4_seed3_real/step_records.csv","dissertation_formal_v2","4","3","HybridLLMSafety","48","48","car1","S_N","FREE"
"results/formal_experiment/dissertation_formal_v2/runs/seed3_v4/FE06_HYBRID_SAFETY_v4_seed3_real/step_records.csv","dissertation_formal_v2","4","3","HybridLLMSafety","49","49","car0","N_S","FREE"
"results/formal_experiment/dissertation_formal_v2/runs/seed3_v4/FE06_HYBRID_SAFETY_v4_seed3_real/step_records.csv","dissertation_formal_v2","4","3","HybridLLMSafety","49","49","car1","S_N","FREE"
"results/formal_experiment/dissertation_formal_v2/runs/seed3_v4/FE06_HYBRID_SAFETY_v4_seed3_real/step_records.csv","dissertation_formal_v2","4","3","HybridLLMSafety","50","50","car0","N_S","FREE"
"results/formal_experiment/dissertation_formal_v2/runs/seed3_v4/FE06_HYBRID_SAFETY_v4_seed3_real/step_records.csv","dissertation_formal_v2","4","3","HybridLLMSafety","50","50","car1","S_N","FREE"
"results/formal_experiment/dissertation_formal_v2/runs/seed3_v4/FE06_HYBRID_SAFETY_v4_seed3_real/step_records.csv","dissertation_formal_v2","4","3","HybridLLMSafety","51","51","car0","N_S","FREE"
"results/formal_experiment/dissertation_formal_v2/runs/seed3_v4/FE06_HYBRID_SAFETY_v4_seed3_real/step_records.csv","dissertation_formal_v2","4","3","HybridLLMSafety","51","51","car1","S_N","FREE"
"results/formal_experiment/dissertation_formal_v2/runs/seed3_v4/FE06_HYBRID_SAFETY_v4_seed3_real/step_records.csv","dissertation_formal_v2","4","3","HybridLLMSafety","52","52","car0","N_S","FREE"
"results/formal_experiment/dissertation_formal_v2/runs/seed3_v4/FE06_HYBRID_SAFETY_v4_seed3_real/step_records.csv","dissertation_formal_v2","4","3","HybridLLMSafety","52","52","car1","S_N","FREE"
"results/formal_experiment/dissertation_formal_v4/runs/seed1_v8/FE04_RAW_LLM_v8_seed1_v4_real/step_records.csv","dissertation_formal_v4","8","1","RawLLM","0","0","formal_low_v8_seed1_1_0","N_S","FREE"
"results/formal_experiment/dissertation_formal_v4/runs/seed1_v8/FE04_RAW_LLM_v8_seed1_v4_real/step_records.csv","dissertation_formal_v4","8","1","RawLLM","1","1","formal_low_v8_seed1_1_0","N_S","FREE"
"results/formal_experiment/dissertation_formal_v4/runs/seed1_v8/FE04_RAW_LLM_v8_seed1_v4_real/step_records.csv","dissertation_formal_v4","8","1","RawLLM","2","2","formal_low_v8_seed1_1_0","N_S","FREE"
"results/formal_experiment/dissertation_formal_v4/runs/seed1_v8/FE04_RAW_LLM_v8_seed1_v4_real/step_records.csv","dissertation_formal_v4","8","1","RawLLM","3","3","formal_low_v8_seed1_1_0","N_S","FREE"
"results/formal_experiment/dissertation_formal_v4/runs/seed1_v8/FE04_RAW_LLM_v8_seed1_v4_real/step_records.csv","dissertation_formal_v4","8","1","RawLLM","4","4","formal_low_v8_seed1_1_0","N_S","FREE"
"results/formal_experiment/dissertation_formal_v4/runs/seed1_v8/FE04_RAW_LLM_v8_seed1_v4_real/step_records.csv","dissertation_formal_v4","8","1","RawLLM","5","5","formal_low_v8_seed1_1_0","N_S","PROCEED"
"results/formal_experiment/dissertation_formal_v4/runs/seed1_v8/FE04_RAW_LLM_v8_seed1_v4_real/step_records.csv","dissertation_formal_v4","8","1","RawLLM","6","6","formal_low_v8_seed1_1_0","N_S","PROCEED"
"results/formal_experiment/dissertation_formal_v4/runs/seed1_v8/FE04_RAW_LLM_v8_seed1_v4_real/step_records.csv","dissertation_formal_v4","8","1","RawLLM","6","6","formal_low_v8_seed1_1_1","W_E","FREE"
"results/formal_experiment/dissertation_formal_v4/runs/seed1_v8/FE04_RAW_LLM_v8_seed1_v4_real/step_records.csv","dissertation_formal_v4","8","1","RawLLM","7","7","formal_low_v8_seed1_1_0","N_S","PROCEED"
"results/formal_experiment/dissertation_formal_v4/runs/seed1_v8/FE04_RAW_LLM_v8_seed1_v4_real/step_records.csv","dissertation_formal_v4","8","1","RawLLM","7","7","formal_low_v8_seed1_1_1","W_E","FREE"
"results/formal_experiment/dissertation_formal_v4/runs/seed1_v8/FE04_RAW_LLM_v8_seed1_v4_real/step_records.csv","dissertation_formal_v4","8","1","RawLLM","8","8","formal_low_v8_seed1_1_0","N_S","PROCEED"
"results/formal_experiment/dissertation_formal_v4/runs/seed1_v8/FE04_RAW_LLM_v8_seed1_v4_real/step_records.csv","dissertation_formal_v4","8","1","RawLLM","8","8","formal_low_v8_seed1_1_1","W_E","FREE"
"results/formal_experiment/dissertation_formal_v4/runs/seed1_v8/FE04_RAW_LLM_v8_seed1_v4_real/step_records.csv","dissertation_formal_v4","8","1","RawLLM","9","9","formal_low_v8_seed1_1_0","N_S","PROCEED"
"results/formal_experiment/dissertation_formal_v4/runs/seed1_v8/FE04_RAW_LLM_v8_seed1_v4_real/step_records.csv","dissertation_formal_v4","8","1","RawLLM","9","9","formal_low_v8_seed1_1_1","W_E","FREE"
"results/formal_experiment/dissertation_formal_v4/runs/seed1_v8/FE04_RAW_LLM_v8_seed1_v4_real/step_records.csv","dissertation_formal_v4","8","1","RawLLM","10","10","formal_low_v8_seed1_1_0","N_S","PROCEED"
"results/formal_experiment/dissertation_formal_v4/runs/seed1_v8/FE04_RAW_LLM_v8_seed1_v4_real/step_records.csv","dissertation_formal_v4","8","1","RawLLM","10","10","formal_low_v8_seed1_1_1","W_E","FREE"
"results/formal_experiment/dissertation_formal_v4/runs/seed1_v8/FE04_RAW_LLM_v8_seed1_v4_real/step_records.csv","dissertation_formal_v4","8","1","RawLLM","11","11","formal_low_v8_seed1_1_0","N_S","PROCEED"
"results/formal_experiment/dissertation_formal_v4/runs/seed1_v8/FE04_RAW_LLM_v8_seed1_v4_real/step_records.csv","dissertation_formal_v4","8","1","RawLLM","11","11","formal_low_v8_seed1_1_1","W_E","FREE"
"results/formal_experiment/dissertation_formal_v4/runs/seed1_v8/FE04_RAW_LLM_v8_seed1_v4_real/step_records.csv","dissertation_formal_v4","8","1","RawLLM","11","11","formal_low_v8_seed1_1_2","W_E","FREE"
"results/formal_experiment/dissertation_formal_v4/runs/seed1_v8/FE04_RAW_LLM_v8_seed1_v4_real/step_records.csv","dissertation_formal_v4","8","1","RawLLM","12","12","formal_low_v8_seed1_1_0","N_S","PROCEED"
"results/formal_experiment/dissertation_formal_v4/runs/seed1_v8/FE04_RAW_LLM_v8_seed1_v4_real/step_records.csv","dissertation_formal_v4","8","1","RawLLM","12","12","formal_low_v8_seed1_1_1","W_E","FREE"
"results/formal_experiment/dissertation_formal_v4/runs/seed1_v8/FE04_RAW_LLM_v8_seed1_v4_real/step_records.csv","dissertation_formal_v4","8","1","RawLLM","12","12","formal_low_v8_seed1_1_2","W_E","FREE"
"results/formal_experiment/dissertation_formal_v4/runs/seed1_v8/FE04_RAW_LLM_v8_seed1_v4_real/step_records.csv","dissertation_formal_v4","8","1","RawLLM","13","13","formal_low_v8_seed1_1_0","N_S","PROCEED"
"results/formal_experiment/dissertation_formal_v4/runs/seed1_v8/FE04_RAW_LLM_v8_seed1_v4_real/step_records.csv","dissertation_formal_v4","8","1","RawLLM","13","13","formal_low_v8_seed1_1_1","W_E","FREE"
"results/formal_experiment/dissertation_formal_v4/runs/seed1_v8/FE04_RAW_LLM_v8_seed1_v4_real/step_records.csv","dissertation_formal_v4","8","1","RawLLM","13","13","formal_low_v8_seed1_1_2","W_E","FREE"
"results/formal_experiment/dissertation_formal_v4/runs/seed1_v8/FE04_RAW_LLM_v8_seed1_v4_real/step_records.csv","dissertation_formal_v4","8","1","RawLLM","14","14","formal_low_v8_seed1_1_0","N_S","WAIT"
"results/formal_experiment/dissertation_formal_v4/runs/seed1_v8/FE04_RAW_LLM_v8_seed1_v4_real/step_records.csv","dissertation_formal_v4","8","1","RawLLM","14","14","formal_low_v8_seed1_1_1","W_E","PROCEED"
"results/formal_experiment/dissertation_formal_v4/runs/seed1_v8/FE04_RAW_LLM_v8_seed1_v4_real/step_records.csv","dissertation_formal_v4","8","1","RawLLM","14","14","formal_low_v8_seed1_1_2","W_E","FREE"
"results/formal_experiment/dissertation_formal_v4/runs/seed1_v8/FE04_RAW_LLM_v8_seed1_v4_real/step_records.csv","dissertation_formal_v4","8","1","RawLLM","15","15","formal_low_v8_seed1_1_0","N_S","WAIT"
"results/formal_experiment/dissertation_formal_v4/runs/seed1_v8/FE04_RAW_LLM_v8_seed1_v4_real/step_records.csv","dissertation_formal_v4","8","1","RawLLM","15","15","formal_low_v8_seed1_1_1","W_E","PROCEED"
"results/formal_experiment/dissertation_formal_v4/runs/seed1_v8/FE04_RAW_LLM_v8_seed1_v4_real/step_records.csv","dissertation_formal_v4","8","1","RawLLM","15","15","formal_low_v8_seed1_1_2","W_E","FREE"
"results/formal_experiment/dissertation_formal_v4/runs/seed1_v8/FE04_RAW_LLM_v8_seed1_v4_real/step_records.csv","dissertation_formal_v4","8","1","RawLLM","16","16","formal_low_v8_seed1_1_0","N_S","WAIT"
"results/formal_experiment/dissertation_formal_v4/runs/seed1_v8/FE04_RAW_LLM_v8_seed1_v4_real/step_records.csv","dissertation_formal_v4","8","1","RawLLM","16","16","formal_low_v8_seed1_1_1","W_E","PROCEED"
"results/formal_experiment/dissertation_formal_v4/runs/seed1_v8/FE04_RAW_LLM_v8_seed1_v4_real/step_records.csv","dissertation_formal_v4","8","1","RawLLM","16","16","formal_low_v8_seed1_1_2","W_E","FREE"
"results/formal_experiment/dissertation_formal_v4/runs/seed1_v8/FE04_RAW_LLM_v8_seed1_v4_real/step_records.csv","dissertation_formal_v4","8","1","RawLLM","17","17","formal_low_v8_seed1_1_0","N_S","WAIT"
"results/formal_experiment/dissertation_formal_v4/runs/seed1_v8/FE04_RAW_LLM_v8_seed1_v4_real/step_records.csv","dissertation_formal_v4","8","1","RawLLM","17","17","formal_low_v8_seed1_1_1","W_E","PROCEED"
"results/formal_experiment/dissertation_formal_v4/runs/seed1_v8/FE04_RAW_LLM_v8_seed1_v4_real/step_records.csv","dissertation_formal_v4","8","1","RawLLM","17","17","formal_low_v8_seed1_1_2","W_E","FREE"
"results/formal_experiment/dissertation_formal_v4/runs/seed1_v8/FE04_RAW_LLM_v8_seed1_v4_real/step_records.csv","dissertation_formal_v4","8","1","RawLLM","18","18","formal_low_v8_seed1_1_0","N_S","WAIT"
"results/formal_experiment/dissertation_formal_v4/runs/seed1_v8/FE04_RAW_LLM_v8_seed1_v4_real/step_records.csv","dissertation_formal_v4","8","1","RawLLM","18","18","formal_low_v8_seed1_1_1","W_E","PROCEED"
"results/formal_experiment/dissertation_formal_v4/runs/seed1_v8/FE04_RAW_LLM_v8_seed1_v4_real/step_records.csv","dissertation_formal_v4","8","1","RawLLM","18","18","formal_low_v8_seed1_1_2","W_E","PROCEED"
"results/formal_experiment/dissertation_formal_v4/runs/seed1_v8/FE04_RAW_LLM_v8_seed1_v4_real/step_records.csv","dissertation_formal_v4","8","1","RawLLM","19","19","formal_low_v8_seed1_1_0","N_S","WAIT"
"results/formal_experiment/dissertation_formal_v4/runs/seed1_v8/FE04_RAW_LLM_v8_seed1_v4_real/step_records.csv","dissertation_formal_v4","8","1","RawLLM","19","19","formal_low_v8_seed1_1_1","W_E","PROCEED"
"results/formal_experiment/dissertation_formal_v4/runs/seed1_v8/FE04_RAW_LLM_v8_seed1_v4_real/step_records.csv","dissertation_formal_v4","8","1","RawLLM","19","19","formal_low_v8_seed1_1_2","W_E","PROCEED"
"results/formal_experiment/dissertation_formal_v4/runs/seed1_v8/FE04_RAW_LLM_v8_seed1_v4_real/step_records.csv","dissertation_formal_v4","8","1","RawLLM","19","19","formal_low_v8_seed1_1_3","S_N","FREE"
"results/formal_experiment/dissertation_formal_v4/runs/seed1_v8/FE04_RAW_LLM_v8_seed1_v4_real/step_records.csv","dissertation_formal_v4","8","1","RawLLM","20","20","formal_low_v8_seed1_1_0","N_S","WAIT"
"results/formal_experiment/dissertation_formal_v4/runs/seed1_v8/FE04_RAW_LLM_v8_seed1_v4_real/step_records.csv","dissertation_formal_v4","8","1","RawLLM","20","20","formal_low_v8_seed1_1_1","W_E","PROCEED"
"results/formal_experiment/dissertation_formal_v4/runs/seed1_v8/FE04_RAW_LLM_v8_seed1_v4_real/step_records.csv","dissertation_formal_v4","8","1","RawLLM","20","20","formal_low_v8_seed1_1_2","W_E","PROCEED"
"results/formal_experiment/dissertation_formal_v4/runs/seed1_v8/FE04_RAW_LLM_v8_seed1_v4_real/step_records.csv","dissertation_formal_v4","8","1","RawLLM","20","20","formal_low_v8_seed1_1_3","S_N","FREE"
"results/formal_experiment/dissertation_formal_v4/runs/seed1_v8/FE04_RAW_LLM_v8_seed1_v4_real/step_records.csv","dissertation_formal_v4","8","1","RawLLM","21","21","formal_low_v8_seed1_1_0","N_S","WAIT"
"results/formal_experiment/dissertation_formal_v4/runs/seed1_v8/FE04_RAW_LLM_v8_seed1_v4_real/step_records.csv","dissertation_formal_v4","8","1","RawLLM","21","21","formal_low_v8_seed1_1_1","W_E","FREE"
"results/formal_experiment/dissertation_formal_v4/runs/seed1_v8/FE04_RAW_LLM_v8_seed1_v4_real/step_records.csv","dissertation_formal_v4","8","1","RawLLM","21","21","formal_low_v8_seed1_1_2","W_E","PROCEED"
"results/formal_experiment/dissertation_formal_v4/runs/seed1_v8/FE04_RAW_LLM_v8_seed1_v4_real/step_records.csv","dissertation_formal_v4","8","1","RawLLM","21","21","formal_low_v8_seed1_1_3","S_N","FREE"
"results/formal_experiment/dissertation_formal_v4/runs/seed1_v8/FE04_RAW_LLM_v8_seed1_v4_real/step_records.csv","dissertation_formal_v4","8","1","RawLLM","22","22","formal_low_v8_seed1_1_0","N_S","WAIT"
"results/formal_experiment/dissertation_formal_v4/runs/seed1_v8/FE04_RAW_LLM_v8_seed1_v4_real/step_records.csv","dissertation_formal_v4","8","1","RawLLM","22","22","formal_low_v8_seed1_1_1","W_E","FREE"
"results/formal_experiment/dissertation_formal_v4/runs/seed1_v8/FE04_RAW_LLM_v8_seed1_v4_real/step_records.csv","dissertation_formal_v4","8","1","RawLLM","22","22","formal_low_v8_seed1_1_2","W_E","PROCEED"
"results/formal_experiment/dissertation_formal_v4/runs/seed1_v8/FE04_RAW_LLM_v8_seed1_v4_real/step_records.csv","dissertation_formal_v4","8","1","RawLLM","22","22","formal_low_v8_seed1_1_3","S_N","FREE"
"results/formal_experiment/dissertation_formal_v4/runs/seed1_v8/FE04_RAW_LLM_v8_seed1_v4_real/step_records.csv","dissertation_formal_v4","8","1","RawLLM","23","23","formal_low_v8_seed1_1_0","N_S","WAIT"
"results/formal_experiment/dissertation_formal_v4/runs/seed1_v8/FE04_RAW_LLM_v8_seed1_v4_real/step_records.csv","dissertation_formal_v4","8","1","RawLLM","23","23","formal_low_v8_seed1_1_1","W_E","FREE"
"results/formal_experiment/dissertation_formal_v4/runs/seed1_v8/FE04_RAW_LLM_v8_seed1_v4_real/step_records.csv","dissertation_formal_v4","8","1","RawLLM","23","23","formal_low_v8_seed1_1_2","W_E","PROCEED"
"results/formal_experiment/dissertation_formal_v4/runs/seed1_v8/FE04_RAW_LLM_v8_seed1_v4_real/step_records.csv","dissertation_formal_v4","8","1","RawLLM","23","23","formal_low_v8_seed1_1_3","S_N","FREE"
"results/formal_experiment/dissertation_formal_v4/runs/seed1_v8/FE04_RAW_LLM_v8_seed1_v4_real/step_records.csv","dissertation_formal_v4","8","1","RawLLM","24","24","formal_low_v8_seed1_1_0","N_S","WAIT"
"results/formal_experiment/dissertation_formal_v4/runs/seed1_v8/FE04_RAW_LLM_v8_seed1_v4_real/step_records.csv","dissertation_formal_v4","8","1","RawLLM","24","24","formal_low_v8_seed1_1_1","W_E","FREE"
"results/formal_experiment/dissertation_formal_v4/runs/seed1_v8/FE04_RAW_LLM_v8_seed1_v4_real/step_records.csv","dissertation_formal_v4","8","1","RawLLM","24","24","formal_low_v8_seed1_1_2","W_E","PROCEED"
"results/formal_experiment/dissertation_formal_v4/runs/seed1_v8/FE04_RAW_LLM_v8_seed1_v4_real/step_records.csv","dissertation_formal_v4","8","1","RawLLM","24","24","formal_low_v8_seed1_1_3","S_N","WAIT"
"results/formal_experiment/dissertation_formal_v4/runs/seed1_v8/FE04_RAW_LLM_v8_seed1_v4_real/step_records.csv","dissertation_formal_v4","8","1","RawLLM","24","24","formal_low_v8_seed1_1_4","S_N","FREE"
"results/formal_experiment/dissertation_formal_v4/runs/seed1_v8/FE04_RAW_LLM_v8_seed1_v4_real/step_records.csv","dissertation_formal_v4","8","1","RawLLM","25","25","formal_low_v8_seed1_1_0","N_S","PROCEED"
"results/formal_experiment/dissertation_formal_v4/runs/seed1_v8/FE04_RAW_LLM_v8_seed1_v4_real/step_records.csv","dissertation_formal_v4","8","1","RawLLM","25","25","formal_low_v8_seed1_1_1","W_E","FREE"
"results/formal_experiment/dissertation_formal_v4/runs/seed1_v8/FE04_RAW_LLM_v8_seed1_v4_real/step_records.csv","dissertation_formal_v4","8","1","RawLLM","25","25","formal_low_v8_seed1_1_2","W_E","FREE"
"results/formal_experiment/dissertation_formal_v4/runs/seed1_v8/FE04_RAW_LLM_v8_seed1_v4_real/step_records.csv","dissertation_formal_v4","8","1","RawLLM","25","25","formal_low_v8_seed1_1_3","S_N","PROCEED"
"results/formal_experiment/dissertation_formal_v4/runs/seed1_v8/FE04_RAW_LLM_v8_seed1_v4_real/step_records.csv","dissertation_formal_v4","8","1","RawLLM","25","25","formal_low_v8_seed1_1_4","S_N","FREE"
"results/formal_experiment/dissertation_formal_v4/runs/seed1_v8/FE04_RAW_LLM_v8_seed1_v4_real/step_records.csv","dissertation_formal_v4","8","1","RawLLM","26","26","formal_low_v8_seed1_1_0","N_S","PROCEED"
"results/formal_experiment/dissertation_formal_v4/runs/seed1_v8/FE04_RAW_LLM_v8_seed1_v4_real/step_records.csv","dissertation_formal_v4","8","1","RawLLM","26","26","formal_low_v8_seed1_1_1","W_E","FREE"
"results/formal_experiment/dissertation_formal_v4/runs/seed1_v8/FE04_RAW_LLM_v8_seed1_v4_real/step_records.csv","dissertation_formal_v4","8","1","RawLLM","26","26","formal_low_v8_seed1_1_2","W_E","FREE"
"results/formal_experiment/dissertation_formal_v4/runs/seed1_v8/FE04_RAW_LLM_v8_seed1_v4_real/step_records.csv","dissertation_formal_v4","8","1","RawLLM","26","26","formal_low_v8_seed1_1_3","S_N","PROCEED"
"results/formal_experiment/dissertation_formal_v4/runs/seed1_v8/FE04_RAW_LLM_v8_seed1_v4_real/step_records.csv","dissertation_formal_v4","8","1","RawLLM","26","26","formal_low_v8_seed1_1_4","S_N","FREE"
"results/formal_experiment/dissertation_formal_v4/runs/seed1_v8/FE04_RAW_LLM_v8_seed1_v4_real/step_records.csv","dissertation_formal_v4","8","1","RawLLM","27","27","formal_low_v8_seed1_1_0","N_S","PROCEED"
"results/formal_experiment/dissertation_formal_v4/runs/seed1_v8/FE04_RAW_LLM_v8_seed1_v4_real/step_records.csv","dissertation_formal_v4","8","1","RawLLM","27","27","formal_low_v8_seed1_1_1","W_E","FREE"
"results/formal_experiment/dissertation_formal_v4/runs/seed1_v8/FE04_RAW_LLM_v8_seed1_v4_real/step_records.csv","dissertation_formal_v4","8","1","RawLLM","27","27","formal_low_v8_seed1_1_2","W_E","FREE"
"results/formal_experiment/dissertation_formal_v4/runs/seed1_v8/FE04_RAW_LLM_v8_seed1_v4_real/step_records.csv","dissertation_formal_v4","8","1","RawLLM","27","27","formal_low_v8_seed1_1_3","S_N","PROCEED"
"results/formal_experiment/dissertation_formal_v4/runs/seed1_v8/FE04_RAW_LLM_v8_seed1_v4_real/step_records.csv","dissertation_formal_v4","8","1","RawLLM","27","27","formal_low_v8_seed1_1_4","S_N","FREE"
"results/formal_experiment/dissertation_formal_v4/runs/seed1_v8/FE04_RAW_LLM_v8_seed1_v4_real/step_records.csv","dissertation_formal_v4","8","1","RawLLM","28","28","formal_low_v8_seed1_1_0","N_S","PROCEED"
"results/formal_experiment/dissertation_formal_v4/runs/seed1_v8/FE04_RAW_LLM_v8_seed1_v4_real/step_records.csv","dissertation_formal_v4","8","1","RawLLM","28","28","formal_low_v8_seed1_1_1","W_E","FREE"
"results/formal_experiment/dissertation_formal_v4/runs/seed1_v8/FE04_RAW_LLM_v8_seed1_v4_real/step_records.csv","dissertation_formal_v4","8","1","RawLLM","28","28","formal_low_v8_seed1_1_2","W_E","FREE"
"results/formal_experiment/dissertation_formal_v4/runs/seed1_v8/FE04_RAW_LLM_v8_seed1_v4_real/step_records.csv","dissertation_formal_v4","8","1","RawLLM","28","28","formal_low_v8_seed1_1_3","S_N","PROCEED"
"results/formal_experiment/dissertation_formal_v4/runs/seed1_v8/FE04_RAW_LLM_v8_seed1_v4_real/step_records.csv","dissertation_formal_v4","8","1","RawLLM","28","28","formal_low_v8_seed1_1_4","S_N","FREE"
"results/formal_experiment/dissertation_formal_v4/runs/seed1_v8/FE04_RAW_LLM_v8_seed1_v4_real/step_records.csv","dissertation_formal_v4","8","1","RawLLM","29","29","formal_low_v8_seed1_1_0","N_S","PROCEED"
"results/formal_experiment/dissertation_formal_v4/runs/seed1_v8/FE04_RAW_LLM_v8_seed1_v4_real/step_records.csv","dissertation_formal_v4","8","1","RawLLM","29","29","formal_low_v8_seed1_1_2","W_E","FREE"
"results/formal_experiment/dissertation_formal_v4/runs/seed1_v8/FE04_RAW_LLM_v8_seed1_v4_real/step_records.csv","dissertation_formal_v4","8","1","RawLLM","29","29","formal_low_v8_seed1_1_3","S_N","PROCEED"
"results/formal_experiment/dissertation_formal_v4/runs/seed1_v8/FE04_RAW_LLM_v8_seed1_v4_real/step_records.csv","dissertation_formal_v4","8","1","RawLLM","29","29","formal_low_v8_seed1_1_4","S_N","PROCEED"
"results/formal_experiment/dissertation_formal_v4/runs/seed1_v8/FE04_RAW_LLM_v8_seed1_v4_real/step_records.csv","dissertation_formal_v4","8","1","RawLLM","30","30","formal_low_v8_seed1_1_0","N_S","PROCEED"
"results/formal_experiment/dissertation_formal_v4/runs/seed1_v8/FE04_RAW_LLM_v8_seed1_v4_real/step_records.csv","dissertation_formal_v4","8","1","RawLLM","30","30","formal_low_v8_seed1_1_2","W_E","FREE"
"results/formal_experiment/dissertation_formal_v4/runs/seed1_v8/FE04_RAW_LLM_v8_seed1_v4_real/step_records.csv","dissertation_formal_v4","8","1","RawLLM","30","30","formal_low_v8_seed1_1_3","S_N","PROCEED"
"results/formal_experiment/dissertation_formal_v4/runs/seed1_v8/FE04_RAW_LLM_v8_seed1_v4_real/step_records.csv","dissertation_formal_v4","8","1","RawLLM","30","30","formal_low_v8_seed1_1_4","S_N","PROCEED"
"results/formal_experiment/dissertation_formal_v4/runs/seed1_v8/FE04_RAW_LLM_v8_seed1_v4_real/step_records.csv","dissertation_formal_v4","8","1","RawLLM","31","31","formal_low_v8_seed1_1_0","N_S","PROCEED"
"results/formal_experiment/dissertation_formal_v4/runs/seed1_v8/FE04_RAW_LLM_v8_seed1_v4_real/step_records.csv","dissertation_formal_v4","8","1","RawLLM","31","31","formal_low_v8_seed1_1_2","W_E","FREE"
"results/formal_experiment/dissertation_formal_v4/runs/seed1_v8/FE04_RAW_LLM_v8_seed1_v4_real/step_records.csv","dissertation_formal_v4","8","1","RawLLM","31","31","formal_low_v8_seed1_1_3","S_N","PROCEED"
"results/formal_experiment/dissertation_formal_v4/runs/seed1_v8/FE04_RAW_LLM_v8_seed1_v4_real/step_records.csv","dissertation_formal_v4","8","1","RawLLM","31","31","formal_low_v8_seed1_1_4","S_N","PROCEED"
"results/formal_experiment/dissertation_formal_v4/runs/seed1_v8/FE04_RAW_LLM_v8_seed1_v4_real/step_records.csv","dissertation_formal_v4","8","1","RawLLM","32","32","formal_low_v8_seed1_1_0","N_S","PROCEED"
"results/formal_experiment/dissertation_formal_v4/runs/seed1_v8/FE04_RAW_LLM_v8_seed1_v4_real/step_records.csv","dissertation_formal_v4","8","1","RawLLM","32","32","formal_low_v8_seed1_1_2","W_E","FREE"
"results/formal_experiment/dissertation_formal_v4/runs/seed1_v8/FE04_RAW_LLM_v8_seed1_v4_real/step_records.csv","dissertation_formal_v4","8","1","RawLLM","32","32","formal_low_v8_seed1_1_3","S_N","PROCEED"
"results/formal_experiment/dissertation_formal_v4/runs/seed1_v8/FE04_RAW_LLM_v8_seed1_v4_real/step_records.csv","dissertation_formal_v4","8","1","RawLLM","32","32","formal_low_v8_seed1_1_4","S_N","PROCEED"
"results/formal_experiment/dissertation_formal_v4/runs/seed1_v8/FE04_RAW_LLM_v8_seed1_v4_real/step_records.csv","dissertation_formal_v4","8","1","RawLLM","33","33","formal_low_v8_seed1_1_0","N_S","PROCEED"
"results/formal_experiment/dissertation_formal_v4/runs/seed1_v8/FE04_RAW_LLM_v8_seed1_v4_real/step_records.csv","dissertation_formal_v4","8","1","RawLLM","33","33","formal_low_v8_seed1_1_3","S_N","PROCEED"
"results/formal_experiment/dissertation_formal_v4/runs/seed1_v8/FE04_RAW_LLM_v8_seed1_v4_real/step_records.csv","dissertation_formal_v4","8","1","RawLLM","33","33","formal_low_v8_seed1_1_4","S_N","PROCEED"
"results/formal_experiment/dissertation_formal_v4/runs/seed1_v8/FE04_RAW_LLM_v8_seed1_v4_real/step_records.csv","dissertation_formal_v4","8","1","RawLLM","34","34","formal_low_v8_seed1_1_0","N_S","PROCEED"
"results/formal_experiment/dissertation_formal_v4/runs/seed1_v8/FE04_RAW_LLM_v8_seed1_v4_real/step_records.csv","dissertation_formal_v4","8","1","RawLLM","34","34","formal_low_v8_seed1_1_3","S_N","PROCEED"
"results/formal_experiment/dissertation_formal_v4/runs/seed1_v8/FE04_RAW_LLM_v8_seed1_v4_real/step_records.csv","dissertation_formal_v4","8","1","RawLLM","34","34","formal_low_v8_seed1_1_4","S_N","PROCEED"
"results/formal_experiment/dissertation_formal_v4/runs/seed1_v8/FE04_RAW_LLM_v8_seed1_v4_real/step_records.csv","dissertation_formal_v4","8","1","RawLLM","35","35","formal_low_v8_seed1_1_0","N_S","PROCEED"
"results/formal_experiment/dissertation_formal_v4/runs/seed1_v8/FE04_RAW_LLM_v8_seed1_v4_real/step_records.csv","dissertation_formal_v4","8","1","RawLLM","35","35","formal_low_v8_seed1_1_3","S_N","PROCEED"
"results/formal_experiment/dissertation_formal_v4/runs/seed1_v8/FE04_RAW_LLM_v8_seed1_v4_real/step_records.csv","dissertation_formal_v4","8","1","RawLLM","35","35","formal_low_v8_seed1_1_4","S_N","PROCEED"
"results/formal_experiment/dissertation_formal_v4/runs/seed1_v8/FE04_RAW_LLM_v8_seed1_v4_real/step_records.csv","dissertation_formal_v4","8","1","RawLLM","35","35","formal_low_v8_seed1_1_5","S_N","FREE"
"results/formal_experiment/dissertation_formal_v4/runs/seed1_v8/FE04_RAW_LLM_v8_seed1_v4_real/step_records.csv","dissertation_formal_v4","8","1","RawLLM","36","36","formal_low_v8_seed1_1_0","N_S","PROCEED"
"results/formal_experiment/dissertation_formal_v4/runs/seed1_v8/FE04_RAW_LLM_v8_seed1_v4_real/step_records.csv","dissertation_formal_v4","8","1","RawLLM","36","36","formal_low_v8_seed1_1_3","S_N","PROCEED"
"results/formal_experiment/dissertation_formal_v4/runs/seed1_v8/FE04_RAW_LLM_v8_seed1_v4_real/step_records.csv","dissertation_formal_v4","8","1","RawLLM","36","36","formal_low_v8_seed1_1_4","S_N","PROCEED"
"results/formal_experiment/dissertation_formal_v4/runs/seed1_v8/FE04_RAW_LLM_v8_seed1_v4_real/step_records.csv","dissertation_formal_v4","8","1","RawLLM","36","36","formal_low_v8_seed1_1_5","S_N","FREE"
"results/formal_experiment/dissertation_formal_v4/runs/seed1_v8/FE04_RAW_LLM_v8_seed1_v4_real/step_records.csv","dissertation_formal_v4","8","1","RawLLM","37","37","formal_low_v8_seed1_1_0","N_S","PROCEED"
"results/formal_experiment/dissertation_formal_v4/runs/seed1_v8/FE04_RAW_LLM_v8_seed1_v4_real/step_records.csv","dissertation_formal_v4","8","1","RawLLM","37","37","formal_low_v8_seed1_1_3","S_N","PROCEED"
"results/formal_experiment/dissertation_formal_v4/runs/seed1_v8/FE04_RAW_LLM_v8_seed1_v4_real/step_records.csv","dissertation_formal_v4","8","1","RawLLM","37","37","formal_low_v8_seed1_1_4","S_N","PROCEED"
"results/formal_experiment/dissertation_formal_v4/runs/seed1_v8/FE04_RAW_LLM_v8_seed1_v4_real/step_records.csv","dissertation_formal_v4","8","1","RawLLM","37","37","formal_low_v8_seed1_1_5","S_N","FREE"
"results/formal_experiment/dissertation_formal_v4/runs/seed1_v8/FE04_RAW_LLM_v8_seed1_v4_real/step_records.csv","dissertation_formal_v4","8","1","RawLLM","38","38","formal_low_v8_seed1_1_0","N_S","PROCEED"
"results/formal_experiment/dissertation_formal_v4/runs/seed1_v8/FE04_RAW_LLM_v8_seed1_v4_real/step_records.csv","dissertation_formal_v4","8","1","RawLLM","38","38","formal_low_v8_seed1_1_3","S_N","PROCEED"
"results/formal_experiment/dissertation_formal_v4/runs/seed1_v8/FE04_RAW_LLM_v8_seed1_v4_real/step_records.csv","dissertation_formal_v4","8","1","RawLLM","38","38","formal_low_v8_seed1_1_4","S_N","PROCEED"
"results/formal_experiment/dissertation_formal_v4/runs/seed1_v8/FE04_RAW_LLM_v8_seed1_v4_real/step_records.csv","dissertation_formal_v4","8","1","RawLLM","38","38","formal_low_v8_seed1_1_5","S_N","FREE"
"results/formal_experiment/dissertation_formal_v4/runs/seed1_v8/FE04_RAW_LLM_v8_seed1_v4_real/step_records.csv","dissertation_formal_v4","8","1","RawLLM","39","39","formal_low_v8_seed1_1_0","N_S","PROCEED"
"results/formal_experiment/dissertation_formal_v4/runs/seed1_v8/FE04_RAW_LLM_v8_seed1_v4_real/step_records.csv","dissertation_formal_v4","8","1","RawLLM","39","39","formal_low_v8_seed1_1_3","S_N","PROCEED"
"results/formal_experiment/dissertation_formal_v4/runs/seed1_v8/FE04_RAW_LLM_v8_seed1_v4_real/step_records.csv","dissertation_formal_v4","8","1","RawLLM","39","39","formal_low_v8_seed1_1_4","S_N","PROCEED"
"results/formal_experiment/dissertation_formal_v4/runs/seed1_v8/FE04_RAW_LLM_v8_seed1_v4_real/step_records.csv","dissertation_formal_v4","8","1","RawLLM","39","39","formal_low_v8_seed1_1_5","S_N","FREE"
"results/formal_experiment/dissertation_formal_v4/runs/seed1_v8/FE04_RAW_LLM_v8_seed1_v4_real/step_records.csv","dissertation_formal_v4","8","1","RawLLM","40","40","formal_low_v8_seed1_1_0","N_S","PROCEED"
"results/formal_experiment/dissertation_formal_v4/runs/seed1_v8/FE04_RAW_LLM_v8_seed1_v4_real/step_records.csv","dissertation_formal_v4","8","1","RawLLM","40","40","formal_low_v8_seed1_1_3","S_N","PROCEED"
"results/formal_experiment/dissertation_formal_v4/runs/seed1_v8/FE04_RAW_LLM_v8_seed1_v4_real/step_records.csv","dissertation_formal_v4","8","1","RawLLM","40","40","formal_low_v8_seed1_1_4","S_N","PROCEED"
"results/formal_experiment/dissertation_formal_v4/runs/seed1_v8/FE04_RAW_LLM_v8_seed1_v4_real/step_records.csv","dissertation_formal_v4","8","1","RawLLM","40","40","formal_low_v8_seed1_1_5","S_N","FREE"
"results/formal_experiment/dissertation_formal_v4/runs/seed1_v8/FE04_RAW_LLM_v8_seed1_v4_real/step_records.csv","dissertation_formal_v4","8","1","RawLLM","41","41","formal_low_v8_seed1_1_0","N_S","PROCEED"
"results/formal_experiment/dissertation_formal_v4/runs/seed1_v8/FE04_RAW_LLM_v8_seed1_v4_real/step_records.csv","dissertation_formal_v4","8","1","RawLLM","41","41","formal_low_v8_seed1_1_3","S_N","PROCEED"
"results/formal_experiment/dissertation_formal_v4/runs/seed1_v8/FE04_RAW_LLM_v8_seed1_v4_real/step_records.csv","dissertation_formal_v4","8","1","RawLLM","41","41","formal_low_v8_seed1_1_4","S_N","PROCEED"
"results/formal_experiment/dissertation_formal_v4/runs/seed1_v8/FE04_RAW_LLM_v8_seed1_v4_real/step_records.csv","dissertation_formal_v4","8","1","RawLLM","41","41","formal_low_v8_seed1_1_5","S_N","FREE"
"results/formal_experiment/dissertation_formal_v4/runs/seed1_v8/FE04_RAW_LLM_v8_seed1_v4_real/step_records.csv","dissertation_formal_v4","8","1","RawLLM","42","42","formal_low_v8_seed1_1_0","N_S","PROCEED"
"results/formal_experiment/dissertation_formal_v4/runs/seed1_v8/FE04_RAW_LLM_v8_seed1_v4_real/step_records.csv","dissertation_formal_v4","8","1","RawLLM","42","42","formal_low_v8_seed1_1_3","S_N","PROCEED"
"results/formal_experiment/dissertation_formal_v4/runs/seed1_v8/FE04_RAW_LLM_v8_seed1_v4_real/step_records.csv","dissertation_formal_v4","8","1","RawLLM","42","42","formal_low_v8_seed1_1_4","S_N","PROCEED"
"results/formal_experiment/dissertation_formal_v4/runs/seed1_v8/FE04_RAW_LLM_v8_seed1_v4_real/step_records.csv","dissertation_formal_v4","8","1","RawLLM","42","42","formal_low_v8_seed1_1_5","S_N","FREE"
"results/formal_experiment/dissertation_formal_v4/runs/seed1_v8/FE04_RAW_LLM_v8_seed1_v4_real/step_records.csv","dissertation_formal_v4","8","1","RawLLM","43","43","formal_low_v8_seed1_1_0","N_S","PROCEED"
"results/formal_experiment/dissertation_formal_v4/runs/seed1_v8/FE04_RAW_LLM_v8_seed1_v4_real/step_records.csv","dissertation_formal_v4","8","1","RawLLM","43","43","formal_low_v8_seed1_1_3","S_N","PROCEED"
"results/formal_experiment/dissertation_formal_v4/runs/seed1_v8/FE04_RAW_LLM_v8_seed1_v4_real/step_records.csv","dissertation_formal_v4","8","1","RawLLM","43","43","formal_low_v8_seed1_1_4","S_N","PROCEED"
"results/formal_experiment/dissertation_formal_v4/runs/seed1_v8/FE04_RAW_LLM_v8_seed1_v4_real/step_records.csv","dissertation_formal_v4","8","1","RawLLM","43","43","formal_low_v8_seed1_1_5","S_N","FREE"
"results/formal_experiment/dissertation_formal_v4/runs/seed1_v8/FE04_RAW_LLM_v8_seed1_v4_real/step_records.csv","dissertation_formal_v4","8","1","RawLLM","44","44","formal_low_v8_seed1_1_0","N_S","PROCEED"
"results/formal_experiment/dissertation_formal_v4/runs/seed1_v8/FE04_RAW_LLM_v8_seed1_v4_real/step_records.csv","dissertation_formal_v4","8","1","RawLLM","44","44","formal_low_v8_seed1_1_3","S_N","PROCEED"
"results/formal_experiment/dissertation_formal_v4/runs/seed1_v8/FE04_RAW_LLM_v8_seed1_v4_real/step_records.csv","dissertation_formal_v4","8","1","RawLLM","44","44","formal_low_v8_seed1_1_4","S_N","PROCEED"
"results/formal_experiment/dissertation_formal_v4/runs/seed1_v8/FE04_RAW_LLM_v8_seed1_v4_real/step_records.csv","dissertation_formal_v4","8","1","RawLLM","44","44","formal_low_v8_seed1_1_5","S_N","PROCEED"
"results/formal_experiment/dissertation_formal_v4/runs/seed1_v8/FE04_RAW_LLM_v8_seed1_v4_real/step_records.csv","dissertation_formal_v4","8","1","RawLLM","45","45","formal_low_v8_seed1_1_0","N_S","PROCEED"
"results/formal_experiment/dissertation_formal_v4/runs/seed1_v8/FE04_RAW_LLM_v8_seed1_v4_real/step_records.csv","dissertation_formal_v4","8","1","RawLLM","45","45","formal_low_v8_seed1_1_3","S_N","PROCEED"
"results/formal_experiment/dissertation_formal_v4/runs/seed1_v8/FE04_RAW_LLM_v8_seed1_v4_real/step_records.csv","dissertation_formal_v4","8","1","RawLLM","45","45","formal_low_v8_seed1_1_4","S_N","PROCEED"
"results/formal_experiment/dissertation_formal_v4/runs/seed1_v8/FE04_RAW_LLM_v8_seed1_v4_real/step_records.csv","dissertation_formal_v4","8","1","RawLLM","45","45","formal_low_v8_seed1_1_5","S_N","PROCEED"
"results/formal_experiment/dissertation_formal_v4/runs/seed1_v8/FE04_RAW_LLM_v8_seed1_v4_real/step_records.csv","dissertation_formal_v4","8","1","RawLLM","46","46","formal_low_v8_seed1_1_0","N_S","PROCEED"
"results/formal_experiment/dissertation_formal_v4/runs/seed1_v8/FE04_RAW_LLM_v8_seed1_v4_real/step_records.csv","dissertation_formal_v4","8","1","RawLLM","46","46","formal_low_v8_seed1_1_3","S_N","PROCEED"
"results/formal_experiment/dissertation_formal_v4/runs/seed1_v8/FE04_RAW_LLM_v8_seed1_v4_real/step_records.csv","dissertation_formal_v4","8","1","RawLLM","46","46","formal_low_v8_seed1_1_4","S_N","PROCEED"
"results/formal_experiment/dissertation_formal_v4/runs/seed1_v8/FE04_RAW_LLM_v8_seed1_v4_real/step_records.csv","dissertation_formal_v4","8","1","RawLLM","46","46","formal_low_v8_seed1_1_5","S_N","PROCEED"
"results/formal_experiment/dissertation_formal_v4/runs/seed1_v8/FE04_RAW_LLM_v8_seed1_v4_real/step_records.csv","dissertation_formal_v4","8","1","RawLLM","46","46","formal_low_v8_seed1_1_6","E_W","FREE"
"results/formal_experiment/dissertation_formal_v4/runs/seed1_v8/FE04_RAW_LLM_v8_seed1_v4_real/step_records.csv","dissertation_formal_v4","8","1","RawLLM","47","47","formal_low_v8_seed1_1_0","N_S","PROCEED"
"results/formal_experiment/dissertation_formal_v4/runs/seed1_v8/FE04_RAW_LLM_v8_seed1_v4_real/step_records.csv","dissertation_formal_v4","8","1","RawLLM","47","47","formal_low_v8_seed1_1_3","S_N","PROCEED"
"results/formal_experiment/dissertation_formal_v4/runs/seed1_v8/FE04_RAW_LLM_v8_seed1_v4_real/step_records.csv","dissertation_formal_v4","8","1","RawLLM","47","47","formal_low_v8_seed1_1_4","S_N","PROCEED"
"results/formal_experiment/dissertation_formal_v4/runs/seed1_v8/FE04_RAW_LLM_v8_seed1_v4_real/step_records.csv","dissertation_formal_v4","8","1","RawLLM","47","47","formal_low_v8_seed1_1_5","S_N","PROCEED"
"results/formal_experiment/dissertation_formal_v4/runs/seed1_v8/FE04_RAW_LLM_v8_seed1_v4_real/step_records.csv","dissertation_formal_v4","8","1","RawLLM","47","47","formal_low_v8_seed1_1_6","E_W","FREE"
"results/formal_experiment/dissertation_formal_v4/runs/seed1_v8/FE04_RAW_LLM_v8_seed1_v4_real/step_records.csv","dissertation_formal_v4","8","1","RawLLM","48","48","formal_low_v8_seed1_1_0","N_S","FREE"
"results/formal_experiment/dissertation_formal_v4/runs/seed1_v8/FE04_RAW_LLM_v8_seed1_v4_real/step_records.csv","dissertation_formal_v4","8","1","RawLLM","48","48","formal_low_v8_seed1_1_3","S_N","PROCEED"
"results/formal_experiment/dissertation_formal_v4/runs/seed1_v8/FE04_RAW_LLM_v8_seed1_v4_real/step_records.csv","dissertation_formal_v4","8","1","RawLLM","48","48","formal_low_v8_seed1_1_4","S_N","FREE"
"results/formal_experiment/dissertation_formal_v4/runs/seed1_v8/FE04_RAW_LLM_v8_seed1_v4_real/step_records.csv","dissertation_formal_v4","8","1","RawLLM","48","48","formal_low_v8_seed1_1_5","S_N","PROCEED"
"results/formal_experiment/dissertation_formal_v4/runs/seed1_v8/FE04_RAW_LLM_v8_seed1_v4_real/step_records.csv","dissertation_formal_v4","8","1","RawLLM","48","48","formal_low_v8_seed1_1_6","E_W","FREE"
"results/formal_experiment/dissertation_formal_v4/runs/seed1_v8/FE04_RAW_LLM_v8_seed1_v4_real/step_records.csv","dissertation_formal_v4","8","1","RawLLM","49","49","formal_low_v8_seed1_1_0","N_S","FREE"
"results/formal_experiment/dissertation_formal_v4/runs/seed1_v8/FE04_RAW_LLM_v8_seed1_v4_real/step_records.csv","dissertation_formal_v4","8","1","RawLLM","49","49","formal_low_v8_seed1_1_3","S_N","FREE"
"results/formal_experiment/dissertation_formal_v4/runs/seed1_v8/FE04_RAW_LLM_v8_seed1_v4_real/step_records.csv","dissertation_formal_v4","8","1","RawLLM","49","49","formal_low_v8_seed1_1_4","S_N","FREE"
"results/formal_experiment/dissertation_formal_v4/runs/seed1_v8/FE04_RAW_LLM_v8_seed1_v4_real/step_records.csv","dissertation_formal_v4","8","1","RawLLM","49","49","formal_low_v8_seed1_1_5","S_N","PROCEED"
"results/formal_experiment/dissertation_formal_v4/runs/seed1_v8/FE04_RAW_LLM_v8_seed1_v4_real/step_records.csv","dissertation_formal_v4","8","1","RawLLM","49","49","formal_low_v8_seed1_1_6","E_W","FREE"
"results/formal_experiment/dissertation_formal_v4/runs/seed1_v8/FE04_RAW_LLM_v8_seed1_v4_real/step_records.csv","dissertation_formal_v4","8","1","RawLLM","50","50","formal_low_v8_seed1_1_0","N_S","FREE"
"results/formal_experiment/dissertation_formal_v4/runs/seed1_v8/FE04_RAW_LLM_v8_seed1_v4_real/step_records.csv","dissertation_formal_v4","8","1","RawLLM","50","50","formal_low_v8_seed1_1_3","S_N","FREE"
"results/formal_experiment/dissertation_formal_v4/runs/seed1_v8/FE04_RAW_LLM_v8_seed1_v4_real/step_records.csv","dissertation_formal_v4","8","1","RawLLM","50","50","formal_low_v8_seed1_1_4","S_N","FREE"
"results/formal_experiment/dissertation_formal_v4/runs/seed1_v8/FE04_RAW_LLM_v8_seed1_v4_real/step_records.csv","dissertation_formal_v4","8","1","RawLLM","50","50","formal_low_v8_seed1_1_5","S_N","PROCEED"
"results/formal_experiment/dissertation_formal_v4/runs/seed1_v8/FE04_RAW_LLM_v8_seed1_v4_real/step_records.csv","dissertation_formal_v4","8","1","RawLLM","50","50","formal_low_v8_seed1_1_6","E_W","FREE"
"results/formal_experiment/dissertation_formal_v4/runs/seed1_v8/FE04_RAW_LLM_v8_seed1_v4_real/step_records.csv","dissertation_formal_v4","8","1","RawLLM","51","51","formal_low_v8_seed1_1_0","N_S","FREE"
"results/formal_experiment/dissertation_formal_v4/runs/seed1_v8/FE04_RAW_LLM_v8_seed1_v4_real/step_records.csv","dissertation_formal_v4","8","1","RawLLM","51","51","formal_low_v8_seed1_1_3","S_N","FREE"
"results/formal_experiment/dissertation_formal_v4/runs/seed1_v8/FE04_RAW_LLM_v8_seed1_v4_real/step_records.csv","dissertation_formal_v4","8","1","RawLLM","51","51","formal_low_v8_seed1_1_4","S_N","FREE"
"results/formal_experiment/dissertation_formal_v4/runs/seed1_v8/FE04_RAW_LLM_v8_seed1_v4_real/step_records.csv","dissertation_formal_v4","8","1","RawLLM","51","51","formal_low_v8_seed1_1_5","S_N","PROCEED"
"results/formal_experiment/dissertation_formal_v4/runs/seed1_v8/FE04_RAW_LLM_v8_seed1_v4_real/step_records.csv","dissertation_formal_v4","8","1","RawLLM","51","51","formal_low_v8_seed1_1_6","E_W","FREE"
"results/formal_experiment/dissertation_formal_v4/runs/seed1_v8/FE04_RAW_LLM_v8_seed1_v4_real/step_records.csv","dissertation_formal_v4","8","1","RawLLM","52","52","formal_low_v8_seed1_1_0","N_S","FREE"
"results/formal_experiment/dissertation_formal_v4/runs/seed1_v8/FE04_RAW_LLM_v8_seed1_v4_real/step_records.csv","dissertation_formal_v4","8","1","RawLLM","52","52","formal_low_v8_seed1_1_3","S_N","FREE"
"results/formal_experiment/dissertation_formal_v4/runs/seed1_v8/FE04_RAW_LLM_v8_seed1_v4_real/step_records.csv","dissertation_formal_v4","8","1","RawLLM","52","52","formal_low_v8_seed1_1_4","S_N","FREE"
"results/formal_experiment/dissertation_formal_v4/runs/seed1_v8/FE04_RAW_LLM_v8_seed1_v4_real/step_records.csv","dissertation_formal_v4","8","1","RawLLM","52","52","formal_low_v8_seed1_1_5","S_N","FREE"
"results/formal_experiment/dissertation_formal_v4/runs/seed1_v8/FE04_RAW_LLM_v8_seed1_v4_real/step_records.csv","dissertation_formal_v4","8","1","RawLLM","52","52","formal_low_v8_seed1_1_6","E_W","FREE"
"results/formal_experiment/dissertation_formal_v4/runs/seed1_v8/FE04_RAW_LLM_v8_seed1_v4_real/step_records.csv","dissertation_formal_v4","8","1","RawLLM","53","53","formal_low_v8_seed1_1_5","S_N","FREE"
"results/formal_experiment/dissertation_formal_v4/runs/seed1_v8/FE04_RAW_LLM_v8_seed1_v4_real/step_records.csv","dissertation_formal_v4","8","1","RawLLM","53","53","formal_low_v8_seed1_1_6","E_W","FREE"
"results/formal_experiment/dissertation_formal_v4/runs/seed1_v8/FE04_RAW_LLM_v8_seed1_v4_real/step_records.csv","dissertation_formal_v4","8","1","RawLLM","54","54","formal_low_v8_seed1_1_5","S_N","FREE"
"results/formal_experiment/dissertation_formal_v4/runs/seed1_v8/FE04_RAW_LLM_v8_seed1_v4_real/step_records.csv","dissertation_formal_v4","8","1","RawLLM","54","54","formal_low_v8_seed1_1_6","E_W","PROCEED"
"results/formal_experiment/dissertation_formal_v4/runs/seed1_v8/FE04_RAW_LLM_v8_seed1_v4_real/step_records.csv","dissertation_formal_v4","8","1","RawLLM","55","55","formal_low_v8_seed1_1_5","S_N","FREE"
"results/formal_experiment/dissertation_formal_v4/runs/seed1_v8/FE04_RAW_LLM_v8_seed1_v4_real/step_records.csv","dissertation_formal_v4","8","1","RawLLM","55","55","formal_low_v8_seed1_1_6","E_W","PROCEED"
"results/formal_experiment/dissertation_formal_v4/runs/seed1_v8/FE04_RAW_LLM_v8_seed1_v4_real/step_records.csv","dissertation_formal_v4","8","1","RawLLM","56","56","formal_low_v8_seed1_1_5","S_N","FREE"
"results/formal_experiment/dissertation_formal_v4/runs/seed1_v8/FE04_RAW_LLM_v8_seed1_v4_real/step_records.csv","dissertation_formal_v4","8","1","RawLLM","56","56","formal_low_v8_seed1_1_6","E_W","PROCEED"
"results/formal_experiment/dissertation_formal_v4/runs/seed1_v8/FE04_RAW_LLM_v8_seed1_v4_real/step_records.csv","dissertation_formal_v4","8","1","RawLLM","57","57","formal_low_v8_seed1_1_6","E_W","PROCEED"
"results/formal_experiment/dissertation_formal_v4/runs/seed1_v8/FE04_RAW_LLM_v8_seed1_v4_real/step_records.csv","dissertation_formal_v4","8","1","RawLLM","57","57","formal_low_v8_seed1_1_7","W_E","FREE"
"results/formal_experiment/dissertation_formal_v4/runs/seed1_v8/FE04_RAW_LLM_v8_seed1_v4_real/step_records.csv","dissertation_formal_v4","8","1","RawLLM","58","58","formal_low_v8_seed1_1_6","E_W","PROCEED"
"results/formal_experiment/dissertation_formal_v4/runs/seed1_v8/FE04_RAW_LLM_v8_seed1_v4_real/step_records.csv","dissertation_formal_v4","8","1","RawLLM","58","58","formal_low_v8_seed1_1_7","W_E","FREE"
"results/formal_experiment/dissertation_formal_v4/runs/seed1_v8/FE04_RAW_LLM_v8_seed1_v4_real/step_records.csv","dissertation_formal_v4","8","1","RawLLM","59","59","formal_low_v8_seed1_1_6","E_W","PROCEED"
"results/formal_experiment/dissertation_formal_v4/runs/seed1_v8/FE04_RAW_LLM_v8_seed1_v4_real/step_records.csv","dissertation_formal_v4","8","1","RawLLM","59","59","formal_low_v8_seed1_1_7","W_E","FREE"
"results/formal_experiment/dissertation_formal_v4/runs/seed1_v8/FE04_RAW_LLM_v8_seed1_v4_real/step_records.csv","dissertation_formal_v4","8","1","RawLLM","60","60","formal_low_v8_seed1_1_6","E_W","PROCEED"
"results/formal_experiment/dissertation_formal_v4/runs/seed1_v8/FE04_RAW_LLM_v8_seed1_v4_real/step_records.csv","dissertation_formal_v4","8","1","RawLLM","60","60","formal_low_v8_seed1_1_7","W_E","FREE"
"results/formal_experiment/dissertation_formal_v4/runs/seed1_v8/FE04_RAW_LLM_v8_seed1_v4_real/step_records.csv","dissertation_formal_v4","8","1","RawLLM","61","61","formal_low_v8_seed1_1_6","E_W","PROCEED"
"results/formal_experiment/dissertation_formal_v4/runs/seed1_v8/FE04_RAW_LLM_v8_seed1_v4_real/step_records.csv","dissertation_formal_v4","8","1","RawLLM","61","61","formal_low_v8_seed1_1_7","W_E","FREE"
"results/formal_experiment/dissertation_formal_v4/runs/seed1_v8/FE04_RAW_LLM_v8_seed1_v4_real/step_records.csv","dissertation_formal_v4","8","1","RawLLM","62","62","formal_low_v8_seed1_1_6","E_W","PROCEED"
"results/formal_experiment/dissertation_formal_v4/runs/seed1_v8/FE04_RAW_LLM_v8_seed1_v4_real/step_records.csv","dissertation_formal_v4","8","1","RawLLM","62","62","formal_low_v8_seed1_1_7","W_E","FREE"
"results/formal_experiment/dissertation_formal_v4/runs/seed1_v8/FE04_RAW_LLM_v8_seed1_v4_real/step_records.csv","dissertation_formal_v4","8","1","RawLLM","63","63","formal_low_v8_seed1_1_6","E_W","PROCEED"
"results/formal_experiment/dissertation_formal_v4/runs/seed1_v8/FE04_RAW_LLM_v8_seed1_v4_real/step_records.csv","dissertation_formal_v4","8","1","RawLLM","63","63","formal_low_v8_seed1_1_7","W_E","FREE"
"results/formal_experiment/dissertation_formal_v4/runs/seed1_v8/FE04_RAW_LLM_v8_seed1_v4_real/step_records.csv","dissertation_formal_v4","8","1","RawLLM","64","64","formal_low_v8_seed1_1_6","E_W","PROCEED"
"results/formal_experiment/dissertation_formal_v4/runs/seed1_v8/FE04_RAW_LLM_v8_seed1_v4_real/step_records.csv","dissertation_formal_v4","8","1","RawLLM","64","64","formal_low_v8_seed1_1_7","W_E","FREE"
"results/formal_experiment/dissertation_formal_v4/runs/seed1_v8/FE04_RAW_LLM_v8_seed1_v4_real/step_records.csv","dissertation_formal_v4","8","1","RawLLM","65","65","formal_low_v8_seed1_1_6","E_W","PROCEED"
"results/formal_experiment/dissertation_formal_v4/runs/seed1_v8/FE04_RAW_LLM_v8_seed1_v4_real/step_records.csv","dissertation_formal_v4","8","1","RawLLM","65","65","formal_low_v8_seed1_1_7","W_E","PROCEED"
"results/formal_experiment/dissertation_formal_v4/runs/seed1_v8/FE04_RAW_LLM_v8_seed1_v4_real/step_records.csv","dissertation_formal_v4","8","1","RawLLM","66","66","formal_low_v8_seed1_1_6","E_W","PROCEED"
"results/formal_experiment/dissertation_formal_v4/runs/seed1_v8/FE04_RAW_LLM_v8_seed1_v4_real/step_records.csv","dissertation_formal_v4","8","1","RawLLM","66","66","formal_low_v8_seed1_1_7","W_E","PROCEED"
"results/formal_experiment/dissertation_formal_v4/runs/seed1_v8/FE04_RAW_LLM_v8_seed1_v4_real/step_records.csv","dissertation_formal_v4","8","1","RawLLM","67","67","formal_low_v8_seed1_1_6","E_W","PROCEED"
"results/formal_experiment/dissertation_formal_v4/runs/seed1_v8/FE04_RAW_LLM_v8_seed1_v4_real/step_records.csv","dissertation_formal_v4","8","1","RawLLM","67","67","formal_low_v8_seed1_1_7","W_E","PROCEED"
"results/formal_experiment/dissertation_formal_v4/runs/seed1_v8/FE04_RAW_LLM_v8_seed1_v4_real/step_records.csv","dissertation_formal_v4","8","1","RawLLM","68","68","formal_low_v8_seed1_1_6","E_W","PROCEED"
"results/formal_experiment/dissertation_formal_v4/runs/seed1_v8/FE04_RAW_LLM_v8_seed1_v4_real/step_records.csv","dissertation_formal_v4","8","1","RawLLM","68","68","formal_low_v8_seed1_1_7","W_E","PROCEED"
"results/formal_experiment/dissertation_formal_v4/runs/seed1_v8/FE04_RAW_LLM_v8_seed1_v4_real/step_records.csv","dissertation_formal_v4","8","1","RawLLM","69","69","formal_low_v8_seed1_1_6","E_W","PROCEED"
"results/formal_experiment/dissertation_formal_v4/runs/seed1_v8/FE04_RAW_LLM_v8_seed1_v4_real/step_records.csv","dissertation_formal_v4","8","1","RawLLM","69","69","formal_low_v8_seed1_1_7","W_E","PROCEED"
"results/formal_experiment/dissertation_formal_v4/runs/seed1_v8/FE04_RAW_LLM_v8_seed1_v4_real/step_records.csv","dissertation_formal_v4","8","1","RawLLM","70","70","formal_low_v8_seed1_1_6","E_W","PROCEED"
"results/formal_experiment/dissertation_formal_v4/runs/seed1_v8/FE04_RAW_LLM_v8_seed1_v4_real/step_records.csv","dissertation_formal_v4","8","1","RawLLM","70","70","formal_low_v8_seed1_1_7","W_E","PROCEED"
"results/formal_experiment/dissertation_formal_v4/runs/seed1_v8/FE04_RAW_LLM_v8_seed1_v4_real/step_records.csv","dissertation_formal_v4","8","1","RawLLM","71","71","formal_low_v8_seed1_1_6","E_W","PROCEED"
"results/formal_experiment/dissertation_formal_v4/runs/seed1_v8/FE04_RAW_LLM_v8_seed1_v4_real/step_records.csv","dissertation_formal_v4","8","1","RawLLM","71","71","formal_low_v8_seed1_1_7","W_E","PROCEED"
"results/formal_experiment/dissertation_formal_v4/runs/seed1_v8/FE04_RAW_LLM_v8_seed1_v4_real/step_records.csv","dissertation_formal_v4","8","1","RawLLM","72","72","formal_low_v8_seed1_1_6","E_W","PROCEED"
"results/formal_experiment/dissertation_formal_v4/runs/seed1_v8/FE04_RAW_LLM_v8_seed1_v4_real/step_records.csv","dissertation_formal_v4","8","1","RawLLM","72","72","formal_low_v8_seed1_1_7","W_E","PROCEED"
"results/formal_experiment/dissertation_formal_v4/runs/seed1_v8/FE04_RAW_LLM_v8_seed1_v4_real/step_records.csv","dissertation_formal_v4","8","1","RawLLM","73","73","formal_low_v8_seed1_1_6","E_W","PROCEED"
"results/formal_experiment/dissertation_formal_v4/runs/seed1_v8/FE04_RAW_LLM_v8_seed1_v4_real/step_records.csv","dissertation_formal_v4","8","1","RawLLM","73","73","formal_low_v8_seed1_1_7","W_E","PROCEED"
"results/formal_experiment/dissertation_formal_v4/runs/seed1_v8/FE04_RAW_LLM_v8_seed1_v4_real/step_records.csv","dissertation_formal_v4","8","1","RawLLM","74","74","formal_low_v8_seed1_1_6","E_W","PROCEED"
"results/formal_experiment/dissertation_formal_v4/runs/seed1_v8/FE04_RAW_LLM_v8_seed1_v4_real/step_records.csv","dissertation_formal_v4","8","1","RawLLM","74","74","formal_low_v8_seed1_1_7","W_E","PROCEED"
"results/formal_experiment/dissertation_formal_v4/runs/seed1_v8/FE04_RAW_LLM_v8_seed1_v4_real/step_records.csv","dissertation_formal_v4","8","1","RawLLM","75","75","formal_low_v8_seed1_1_6","E_W","PROCEED"
"results/formal_experiment/dissertation_formal_v4/runs/seed1_v8/FE04_RAW_LLM_v8_seed1_v4_real/step_records.csv","dissertation_formal_v4","8","1","RawLLM","75","75","formal_low_v8_seed1_1_7","W_E","PROCEED"
"results/formal_experiment/dissertation_formal_v4/runs/seed1_v8/FE04_RAW_LLM_v8_seed1_v4_real/step_records.csv","dissertation_formal_v4","8","1","RawLLM","76","76","formal_low_v8_seed1_1_6","E_W","PROCEED"
"results/formal_experiment/dissertation_formal_v4/runs/seed1_v8/FE04_RAW_LLM_v8_seed1_v4_real/step_records.csv","dissertation_formal_v4","8","1","RawLLM","76","76","formal_low_v8_seed1_1_7","W_E","PROCEED"
"results/formal_experiment/dissertation_formal_v4/runs/seed1_v8/FE04_RAW_LLM_v8_seed1_v4_real/step_records.csv","dissertation_formal_v4","8","1","RawLLM","77","77","formal_low_v8_seed1_1_6","E_W","PROCEED"
"results/formal_experiment/dissertation_formal_v4/runs/seed1_v8/FE04_RAW_LLM_v8_seed1_v4_real/step_records.csv","dissertation_formal_v4","8","1","RawLLM","77","77","formal_low_v8_seed1_1_7","W_E","PROCEED"
"results/formal_experiment/dissertation_formal_v4/runs/seed1_v8/FE04_RAW_LLM_v8_seed1_v4_real/step_records.csv","dissertation_formal_v4","8","1","RawLLM","78","78","formal_low_v8_seed1_1_6","E_W","PROCEED"
"results/formal_experiment/dissertation_formal_v4/runs/seed1_v8/FE04_RAW_LLM_v8_seed1_v4_real/step_records.csv","dissertation_formal_v4","8","1","RawLLM","78","78","formal_low_v8_seed1_1_7","W_E","PROCEED"
"results/formal_experiment/dissertation_formal_v4/runs/seed1_v8/FE04_RAW_LLM_v8_seed1_v4_real/step_records.csv","dissertation_formal_v4","8","1","RawLLM","79","79","formal_low_v8_seed1_1_6","E_W","PROCEED"
"results/formal_experiment/dissertation_formal_v4/runs/seed1_v8/FE04_RAW_LLM_v8_seed1_v4_real/step_records.csv","dissertation_formal_v4","8","1","RawLLM","79","79","formal_low_v8_seed1_1_7","W_E","PROCEED"
"results/formal_experiment/dissertation_formal_v4/runs/seed1_v8/FE04_RAW_LLM_v8_seed1_v4_real/step_records.csv","dissertation_formal_v4","8","1","RawLLM","80","80","formal_low_v8_seed1_1_6","E_W","PROCEED"
"results/formal_experiment/dissertation_formal_v4/runs/seed1_v8/FE04_RAW_LLM_v8_seed1_v4_real/step_records.csv","dissertation_formal_v4","8","1","RawLLM","80","80","formal_low_v8_seed1_1_7","W_E","PROCEED"
"results/formal_experiment/dissertation_formal_v4/runs/seed1_v8/FE04_RAW_LLM_v8_seed1_v4_real/step_records.csv","dissertation_formal_v4","8","1","RawLLM","81","81","formal_low_v8_seed1_1_6","E_W","PROCEED"
"results/formal_experiment/dissertation_formal_v4/runs/seed1_v8/FE04_RAW_LLM_v8_seed1_v4_real/step_records.csv","dissertation_formal_v4","8","1","RawLLM","81","81","formal_low_v8_seed1_1_7","W_E","PROCEED"
"results/formal_experiment/dissertation_formal_v4/runs/seed1_v8/FE04_RAW_LLM_v8_seed1_v4_real/step_records.csv","dissertation_formal_v4","8","1","RawLLM","82","82","formal_low_v8_seed1_1_6","E_W","PROCEED"
"results/formal_experiment/dissertation_formal_v4/runs/seed1_v8/FE04_RAW_LLM_v8_seed1_v4_real/step_records.csv","dissertation_formal_v4","8","1","RawLLM","82","82","formal_low_v8_seed1_1_7","W_E","PROCEED"
"results/formal_experiment/dissertation_formal_v4/runs/seed1_v8/FE04_RAW_LLM_v8_seed1_v4_real/step_records.csv","dissertation_formal_v4","8","1","RawLLM","83","83","formal_low_v8_seed1_1_6","E_W","PROCEED"
"results/formal_experiment/dissertation_formal_v4/runs/seed1_v8/FE04_RAW_LLM_v8_seed1_v4_real/step_records.csv","dissertation_formal_v4","8","1","RawLLM","83","83","formal_low_v8_seed1_1_7","W_E","PROCEED"
"results/formal_experiment/dissertation_formal_v4/runs/seed1_v8/FE04_RAW_LLM_v8_seed1_v4_real/step_records.csv","dissertation_formal_v4","8","1","RawLLM","84","84","formal_low_v8_seed1_1_6","E_W","PROCEED"
"results/formal_experiment/dissertation_formal_v4/runs/seed1_v8/FE04_RAW_LLM_v8_seed1_v4_real/step_records.csv","dissertation_formal_v4","8","1","RawLLM","84","84","formal_low_v8_seed1_1_7","W_E","PROCEED"
"results/formal_experiment/dissertation_formal_v4/runs/seed1_v8/FE04_RAW_LLM_v8_seed1_v4_real/step_records.csv","dissertation_formal_v4","8","1","RawLLM","85","85","formal_low_v8_seed1_1_6","E_W","PROCEED"
"results/formal_experiment/dissertation_formal_v4/runs/seed1_v8/FE04_RAW_LLM_v8_seed1_v4_real/step_records.csv","dissertation_formal_v4","8","1","RawLLM","85","85","formal_low_v8_seed1_1_7","W_E","PROCEED"
"results/formal_experiment/dissertation_formal_v4/runs/seed1_v8/FE04_RAW_LLM_v8_seed1_v4_real/step_records.csv","dissertation_formal_v4","8","1","RawLLM","86","86","formal_low_v8_seed1_1_6","E_W","PROCEED"
"results/formal_experiment/dissertation_formal_v4/runs/seed1_v8/FE04_RAW_LLM_v8_seed1_v4_real/step_records.csv","dissertation_formal_v4","8","1","RawLLM","86","86","formal_low_v8_seed1_1_7","W_E","PROCEED"
"results/formal_experiment/dissertation_formal_v4/runs/seed1_v8/FE04_RAW_LLM_v8_seed1_v4_real/step_records.csv","dissertation_formal_v4","8","1","RawLLM","87","87","formal_low_v8_seed1_1_6","E_W","PROCEED"
"results/formal_experiment/dissertation_formal_v4/runs/seed1_v8/FE04_RAW_LLM_v8_seed1_v4_real/step_records.csv","dissertation_formal_v4","8","1","RawLLM","87","87","formal_low_v8_seed1_1_7","W_E","PROCEED"
"results/formal_experiment/dissertation_formal_v4/runs/seed1_v8/FE04_RAW_LLM_v8_seed1_v4_real/step_records.csv","dissertation_formal_v4","8","1","RawLLM","88","88","formal_low_v8_seed1_1_6","E_W","PROCEED"
"results/formal_experiment/dissertation_formal_v4/runs/seed1_v8/FE04_RAW_LLM_v8_seed1_v4_real/step_records.csv","dissertation_formal_v4","8","1","RawLLM","88","88","formal_low_v8_seed1_1_7","W_E","PROCEED"
"results/formal_experiment/dissertation_formal_v4/runs/seed1_v8/FE04_RAW_LLM_v8_seed1_v4_real/step_records.csv","dissertation_formal_v4","8","1","RawLLM","89","89","formal_low_v8_seed1_1_6","E_W","PROCEED"
"results/formal_experiment/dissertation_formal_v4/runs/seed1_v8/FE04_RAW_LLM_v8_seed1_v4_real/step_records.csv","dissertation_formal_v4","8","1","RawLLM","89","89","formal_low_v8_seed1_1_7","W_E","PROCEED"
"results/formal_experiment/dissertation_formal_v4/runs/seed1_v8/FE04_RAW_LLM_v8_seed1_v4_real/step_records.csv","dissertation_formal_v4","8","1","RawLLM","90","90","formal_low_v8_seed1_1_6","E_W","PROCEED"
"results/formal_experiment/dissertation_formal_v4/runs/seed1_v8/FE04_RAW_LLM_v8_seed1_v4_real/step_records.csv","dissertation_formal_v4","8","1","RawLLM","90","90","formal_low_v8_seed1_1_7","W_E","PROCEED"
"results/formal_experiment/dissertation_formal_v4/runs/seed1_v8/FE04_RAW_LLM_v8_seed1_v4_real/step_records.csv","dissertation_formal_v4","8","1","RawLLM","91","91","formal_low_v8_seed1_1_6","E_W","PROCEED"
"results/formal_experiment/dissertation_formal_v4/runs/seed1_v8/FE04_RAW_LLM_v8_seed1_v4_real/step_records.csv","dissertation_formal_v4","8","1","RawLLM","91","91","formal_low_v8_seed1_1_7","W_E","PROCEED"
"results/formal_experiment/dissertation_formal_v4/runs/seed1_v8/FE04_RAW_LLM_v8_seed1_v4_real/step_records.csv","dissertation_formal_v4","8","1","RawLLM","92","92","formal_low_v8_seed1_1_6","E_W","PROCEED"
"results/formal_experiment/dissertation_formal_v4/runs/seed1_v8/FE04_RAW_LLM_v8_seed1_v4_real/step_records.csv","dissertation_formal_v4","8","1","RawLLM","92","92","formal_low_v8_seed1_1_7","W_E","PROCEED"
"results/formal_experiment/dissertation_formal_v4/runs/seed1_v8/FE04_RAW_LLM_v8_seed1_v4_real/step_records.csv","dissertation_formal_v4","8","1","RawLLM","93","93","formal_low_v8_seed1_1_6","E_W","PROCEED"
"results/formal_experiment/dissertation_formal_v4/runs/seed1_v8/FE04_RAW_LLM_v8_seed1_v4_real/step_records.csv","dissertation_formal_v4","8","1","RawLLM","93","93","formal_low_v8_seed1_1_7","W_E","PROCEED"
"results/formal_experiment/dissertation_formal_v4/runs/seed1_v8/FE04_RAW_LLM_v8_seed1_v4_real/step_records.csv","dissertation_formal_v4","8","1","RawLLM","94","94","formal_low_v8_seed1_1_6","E_W","PROCEED"
"results/formal_experiment/dissertation_formal_v4/runs/seed1_v8/FE04_RAW_LLM_v8_seed1_v4_real/step_records.csv","dissertation_formal_v4","8","1","RawLLM","94","94","formal_low_v8_seed1_1_7","W_E","PROCEED"
"results/formal_experiment/dissertation_formal_v4/runs/seed1_v8/FE04_RAW_LLM_v8_seed1_v4_real/step_records.csv","dissertation_formal_v4","8","1","RawLLM","95","95","formal_low_v8_seed1_1_6","E_W","PROCEED"
"results/formal_experiment/dissertation_formal_v4/runs/seed1_v8/FE04_RAW_LLM_v8_seed1_v4_real/step_records.csv","dissertation_formal_v4","8","1","RawLLM","95","95","formal_low_v8_seed1_1_7","W_E","PROCEED"
"results/formal_experiment/dissertation_formal_v4/runs/seed1_v8/FE04_RAW_LLM_v8_seed1_v4_real/step_records.csv","dissertation_formal_v4","8","1","RawLLM","96","96","formal_low_v8_seed1_1_6","E_W","PROCEED"
"results/formal_experiment/dissertation_formal_v4/runs/seed1_v8/FE04_RAW_LLM_v8_seed1_v4_real/step_records.csv","dissertation_formal_v4","8","1","RawLLM","96","96","formal_low_v8_seed1_1_7","W_E","PROCEED"
"results/formal_experiment/dissertation_formal_v4/runs/seed1_v8/FE04_RAW_LLM_v8_seed1_v4_real/step_records.csv","dissertation_formal_v4","8","1","RawLLM","97","97","formal_low_v8_seed1_1_6","E_W","FREE"
"results/formal_experiment/dissertation_formal_v4/runs/seed1_v8/FE04_RAW_LLM_v8_seed1_v4_real/step_records.csv","dissertation_formal_v4","8","1","RawLLM","97","97","formal_low_v8_seed1_1_7","W_E","FREE"
"results/formal_experiment/dissertation_formal_v4/runs/seed1_v8/FE04_RAW_LLM_v8_seed1_v4_real/step_records.csv","dissertation_formal_v4","8","1","RawLLM","98","98","formal_low_v8_seed1_1_6","E_W","FREE"
"results/formal_experiment/dissertation_formal_v4/runs/seed1_v8/FE04_RAW_LLM_v8_seed1_v4_real/step_records.csv","dissertation_formal_v4","8","1","RawLLM","98","98","formal_low_v8_seed1_1_7","W_E","FREE"
"results/formal_experiment/dissertation_formal_v4/runs/seed1_v8/FE04_RAW_LLM_v8_seed1_v4_real/step_records.csv","dissertation_formal_v4","8","1","RawLLM","99","99","formal_low_v8_seed1_1_6","E_W","FREE"
"results/formal_experiment/dissertation_formal_v4/runs/seed1_v8/FE04_RAW_LLM_v8_seed1_v4_real/step_records.csv","dissertation_formal_v4","8","1","RawLLM","99","99","formal_low_v8_seed1_1_7","W_E","FREE"
"results/formal_experiment/dissertation_formal_v4/runs/seed1_v8/FE04_RAW_LLM_v8_seed1_v4_real/step_records.csv","dissertation_formal_v4","8","1","RawLLM","100","100","formal_low_v8_seed1_1_6","E_W","FREE"
"results/formal_experiment/dissertation_formal_v4/runs/seed1_v8/FE04_RAW_LLM_v8_seed1_v4_real/step_records.csv","dissertation_formal_v4","8","1","RawLLM","100","100","formal_low_v8_seed1_1_7","W_E","FREE"
"results/formal_experiment/dissertation_formal_v4/runs/seed1_v8/FE04_RAW_LLM_v8_seed1_v4_real/step_records.csv","dissertation_formal_v4","8","1","RawLLM","101","101","formal_low_v8_seed1_1_6","E_W","FREE"
"results/formal_experiment/dissertation_formal_v4/runs/seed1_v8/FE04_RAW_LLM_v8_seed1_v4_real/step_records.csv","dissertation_formal_v4","8","1","RawLLM","101","101","formal_low_v8_seed1_1_7","W_E","FREE"
"results/formal_experiment/dissertation_formal_v4/runs/seed1_v8/FE04_RAW_LLM_v8_seed1_v4_real/step_records.csv","dissertation_formal_v4","8","1","RawLLM","102","102","formal_low_v8_seed1_1_6","E_W","FREE"
"results/formal_experiment/dissertation_formal_v4/runs/seed1_v8/FE04_RAW_LLM_v8_seed1_v4_real/step_records.csv","dissertation_formal_v4","8","1","RawLLM","102","102","formal_low_v8_seed1_1_7","W_E","FREE"
"results/formal_experiment/dissertation_formal_v4/runs/seed1_v8/FE04_RAW_LLM_v8_seed1_v4_real/step_records.csv","dissertation_formal_v4","8","1","RawLLM","103","103","formal_low_v8_seed1_1_6","E_W","FREE"
"results/formal_experiment/dissertation_formal_v4/runs/seed1_v8/FE04_RAW_LLM_v8_seed1_v4_real/step_records.csv","dissertation_formal_v4","8","1","RawLLM","103","103","formal_low_v8_seed1_1_7","W_E","FREE"
"results/formal_experiment/dissertation_formal_v4/runs/seed1_v8/FE04_RAW_LLM_v8_seed1_v4_real/step_records.csv","dissertation_formal_v4","8","1","RawLLM","104","104","formal_low_v8_seed1_1_7","W_E","FREE"
"results/formal_experiment/dissertation_formal_v4/runs/seed1_v8/FE04_RAW_LLM_v8_seed1_v4_real/step_records.csv","dissertation_formal_v4","8","1","RawLLM","105","105","formal_low_v8_seed1_1_7","W_E","FREE"
"results/formal_experiment/dissertation_formal_v4/runs/seed1_v8/FE05_HYBRID_v8_seed1_v4_real/step_records.csv","dissertation_formal_v4","8","1","HybridLLM","0","0","formal_low_v8_seed1_1_0","N_S","FREE"
"results/formal_experiment/dissertation_formal_v4/runs/seed1_v8/FE05_HYBRID_v8_seed1_v4_real/step_records.csv","dissertation_formal_v4","8","1","HybridLLM","1","1","formal_low_v8_seed1_1_0","N_S","FREE"
"results/formal_experiment/dissertation_formal_v4/runs/seed1_v8/FE05_HYBRID_v8_seed1_v4_real/step_records.csv","dissertation_formal_v4","8","1","HybridLLM","2","2","formal_low_v8_seed1_1_0","N_S","FREE"
"results/formal_experiment/dissertation_formal_v4/runs/seed1_v8/FE05_HYBRID_v8_seed1_v4_real/step_records.csv","dissertation_formal_v4","8","1","HybridLLM","3","3","formal_low_v8_seed1_1_0","N_S","FREE"
"results/formal_experiment/dissertation_formal_v4/runs/seed1_v8/FE05_HYBRID_v8_seed1_v4_real/step_records.csv","dissertation_formal_v4","8","1","HybridLLM","4","4","formal_low_v8_seed1_1_0","N_S","FREE"
"results/formal_experiment/dissertation_formal_v4/runs/seed1_v8/FE05_HYBRID_v8_seed1_v4_real/step_records.csv","dissertation_formal_v4","8","1","HybridLLM","5","5","formal_low_v8_seed1_1_0","N_S","PROCEED"
"results/formal_experiment/dissertation_formal_v4/runs/seed1_v8/FE05_HYBRID_v8_seed1_v4_real/step_records.csv","dissertation_formal_v4","8","1","HybridLLM","6","6","formal_low_v8_seed1_1_0","N_S","PROCEED"
"results/formal_experiment/dissertation_formal_v4/runs/seed1_v8/FE05_HYBRID_v8_seed1_v4_real/step_records.csv","dissertation_formal_v4","8","1","HybridLLM","6","6","formal_low_v8_seed1_1_1","W_E","FREE"
"results/formal_experiment/dissertation_formal_v4/runs/seed1_v8/FE05_HYBRID_v8_seed1_v4_real/step_records.csv","dissertation_formal_v4","8","1","HybridLLM","7","7","formal_low_v8_seed1_1_0","N_S","PROCEED"
"results/formal_experiment/dissertation_formal_v4/runs/seed1_v8/FE05_HYBRID_v8_seed1_v4_real/step_records.csv","dissertation_formal_v4","8","1","HybridLLM","7","7","formal_low_v8_seed1_1_1","W_E","FREE"
"results/formal_experiment/dissertation_formal_v4/runs/seed1_v8/FE05_HYBRID_v8_seed1_v4_real/step_records.csv","dissertation_formal_v4","8","1","HybridLLM","8","8","formal_low_v8_seed1_1_0","N_S","PROCEED"
"results/formal_experiment/dissertation_formal_v4/runs/seed1_v8/FE05_HYBRID_v8_seed1_v4_real/step_records.csv","dissertation_formal_v4","8","1","HybridLLM","8","8","formal_low_v8_seed1_1_1","W_E","FREE"
"results/formal_experiment/dissertation_formal_v4/runs/seed1_v8/FE05_HYBRID_v8_seed1_v4_real/step_records.csv","dissertation_formal_v4","8","1","HybridLLM","9","9","formal_low_v8_seed1_1_0","N_S","PROCEED"
"results/formal_experiment/dissertation_formal_v4/runs/seed1_v8/FE05_HYBRID_v8_seed1_v4_real/step_records.csv","dissertation_formal_v4","8","1","HybridLLM","9","9","formal_low_v8_seed1_1_1","W_E","FREE"
"results/formal_experiment/dissertation_formal_v4/runs/seed1_v8/FE05_HYBRID_v8_seed1_v4_real/step_records.csv","dissertation_formal_v4","8","1","HybridLLM","10","10","formal_low_v8_seed1_1_0","N_S","PROCEED"
"results/formal_experiment/dissertation_formal_v4/runs/seed1_v8/FE05_HYBRID_v8_seed1_v4_real/step_records.csv","dissertation_formal_v4","8","1","HybridLLM","10","10","formal_low_v8_seed1_1_1","W_E","FREE"
"results/formal_experiment/dissertation_formal_v4/runs/seed1_v8/FE05_HYBRID_v8_seed1_v4_real/step_records.csv","dissertation_formal_v4","8","1","HybridLLM","11","11","formal_low_v8_seed1_1_0","N_S","PROCEED"
"results/formal_experiment/dissertation_formal_v4/runs/seed1_v8/FE05_HYBRID_v8_seed1_v4_real/step_records.csv","dissertation_formal_v4","8","1","HybridLLM","11","11","formal_low_v8_seed1_1_1","W_E","FREE"
"results/formal_experiment/dissertation_formal_v4/runs/seed1_v8/FE05_HYBRID_v8_seed1_v4_real/step_records.csv","dissertation_formal_v4","8","1","HybridLLM","11","11","formal_low_v8_seed1_1_2","W_E","FREE"
"results/formal_experiment/dissertation_formal_v4/runs/seed1_v8/FE05_HYBRID_v8_seed1_v4_real/step_records.csv","dissertation_formal_v4","8","1","HybridLLM","12","12","formal_low_v8_seed1_1_0","N_S","PROCEED"
"results/formal_experiment/dissertation_formal_v4/runs/seed1_v8/FE05_HYBRID_v8_seed1_v4_real/step_records.csv","dissertation_formal_v4","8","1","HybridLLM","12","12","formal_low_v8_seed1_1_1","W_E","FREE"
"results/formal_experiment/dissertation_formal_v4/runs/seed1_v8/FE05_HYBRID_v8_seed1_v4_real/step_records.csv","dissertation_formal_v4","8","1","HybridLLM","12","12","formal_low_v8_seed1_1_2","W_E","FREE"
"results/formal_experiment/dissertation_formal_v4/runs/seed1_v8/FE05_HYBRID_v8_seed1_v4_real/step_records.csv","dissertation_formal_v4","8","1","HybridLLM","13","13","formal_low_v8_seed1_1_0","N_S","PROCEED"
"results/formal_experiment/dissertation_formal_v4/runs/seed1_v8/FE05_HYBRID_v8_seed1_v4_real/step_records.csv","dissertation_formal_v4","8","1","HybridLLM","13","13","formal_low_v8_seed1_1_1","W_E","FREE"
"results/formal_experiment/dissertation_formal_v4/runs/seed1_v8/FE05_HYBRID_v8_seed1_v4_real/step_records.csv","dissertation_formal_v4","8","1","HybridLLM","13","13","formal_low_v8_seed1_1_2","W_E","FREE"
"results/formal_experiment/dissertation_formal_v4/runs/seed1_v8/FE05_HYBRID_v8_seed1_v4_real/step_records.csv","dissertation_formal_v4","8","1","HybridLLM","14","14","formal_low_v8_seed1_1_0","N_S","WAIT"
"results/formal_experiment/dissertation_formal_v4/runs/seed1_v8/FE05_HYBRID_v8_seed1_v4_real/step_records.csv","dissertation_formal_v4","8","1","HybridLLM","14","14","formal_low_v8_seed1_1_1","W_E","PROCEED"
"results/formal_experiment/dissertation_formal_v4/runs/seed1_v8/FE05_HYBRID_v8_seed1_v4_real/step_records.csv","dissertation_formal_v4","8","1","HybridLLM","14","14","formal_low_v8_seed1_1_2","W_E","FREE"
"results/formal_experiment/dissertation_formal_v4/runs/seed1_v8/FE05_HYBRID_v8_seed1_v4_real/step_records.csv","dissertation_formal_v4","8","1","HybridLLM","15","15","formal_low_v8_seed1_1_0","N_S","WAIT"
"results/formal_experiment/dissertation_formal_v4/runs/seed1_v8/FE05_HYBRID_v8_seed1_v4_real/step_records.csv","dissertation_formal_v4","8","1","HybridLLM","15","15","formal_low_v8_seed1_1_1","W_E","PROCEED"
"results/formal_experiment/dissertation_formal_v4/runs/seed1_v8/FE05_HYBRID_v8_seed1_v4_real/step_records.csv","dissertation_formal_v4","8","1","HybridLLM","15","15","formal_low_v8_seed1_1_2","W_E","FREE"
"results/formal_experiment/dissertation_formal_v4/runs/seed1_v8/FE05_HYBRID_v8_seed1_v4_real/step_records.csv","dissertation_formal_v4","8","1","HybridLLM","16","16","formal_low_v8_seed1_1_0","N_S","WAIT"
"results/formal_experiment/dissertation_formal_v4/runs/seed1_v8/FE05_HYBRID_v8_seed1_v4_real/step_records.csv","dissertation_formal_v4","8","1","HybridLLM","16","16","formal_low_v8_seed1_1_1","W_E","PROCEED"
"results/formal_experiment/dissertation_formal_v4/runs/seed1_v8/FE05_HYBRID_v8_seed1_v4_real/step_records.csv","dissertation_formal_v4","8","1","HybridLLM","16","16","formal_low_v8_seed1_1_2","W_E","FREE"
"results/formal_experiment/dissertation_formal_v4/runs/seed1_v8/FE05_HYBRID_v8_seed1_v4_real/step_records.csv","dissertation_formal_v4","8","1","HybridLLM","17","17","formal_low_v8_seed1_1_0","N_S","WAIT"
"results/formal_experiment/dissertation_formal_v4/runs/seed1_v8/FE05_HYBRID_v8_seed1_v4_real/step_records.csv","dissertation_formal_v4","8","1","HybridLLM","17","17","formal_low_v8_seed1_1_1","W_E","PROCEED"
"results/formal_experiment/dissertation_formal_v4/runs/seed1_v8/FE05_HYBRID_v8_seed1_v4_real/step_records.csv","dissertation_formal_v4","8","1","HybridLLM","17","17","formal_low_v8_seed1_1_2","W_E","FREE"
"results/formal_experiment/dissertation_formal_v4/runs/seed1_v8/FE05_HYBRID_v8_seed1_v4_real/step_records.csv","dissertation_formal_v4","8","1","HybridLLM","18","18","formal_low_v8_seed1_1_0","N_S","WAIT"
"results/formal_experiment/dissertation_formal_v4/runs/seed1_v8/FE05_HYBRID_v8_seed1_v4_real/step_records.csv","dissertation_formal_v4","8","1","HybridLLM","18","18","formal_low_v8_seed1_1_1","W_E","PROCEED"
"results/formal_experiment/dissertation_formal_v4/runs/seed1_v8/FE05_HYBRID_v8_seed1_v4_real/step_records.csv","dissertation_formal_v4","8","1","HybridLLM","18","18","formal_low_v8_seed1_1_2","W_E","PROCEED"
"results/formal_experiment/dissertation_formal_v4/runs/seed1_v8/FE05_HYBRID_v8_seed1_v4_real/step_records.csv","dissertation_formal_v4","8","1","HybridLLM","19","19","formal_low_v8_seed1_1_0","N_S","WAIT"
"results/formal_experiment/dissertation_formal_v4/runs/seed1_v8/FE05_HYBRID_v8_seed1_v4_real/step_records.csv","dissertation_formal_v4","8","1","HybridLLM","19","19","formal_low_v8_seed1_1_1","W_E","PROCEED"
"results/formal_experiment/dissertation_formal_v4/runs/seed1_v8/FE05_HYBRID_v8_seed1_v4_real/step_records.csv","dissertation_formal_v4","8","1","HybridLLM","19","19","formal_low_v8_seed1_1_2","W_E","PROCEED"
"results/formal_experiment/dissertation_formal_v4/runs/seed1_v8/FE05_HYBRID_v8_seed1_v4_real/step_records.csv","dissertation_formal_v4","8","1","HybridLLM","19","19","formal_low_v8_seed1_1_3","S_N","FREE"
"results/formal_experiment/dissertation_formal_v4/runs/seed1_v8/FE05_HYBRID_v8_seed1_v4_real/step_records.csv","dissertation_formal_v4","8","1","HybridLLM","20","20","formal_low_v8_seed1_1_0","N_S","WAIT"
"results/formal_experiment/dissertation_formal_v4/runs/seed1_v8/FE05_HYBRID_v8_seed1_v4_real/step_records.csv","dissertation_formal_v4","8","1","HybridLLM","20","20","formal_low_v8_seed1_1_1","W_E","PROCEED"
"results/formal_experiment/dissertation_formal_v4/runs/seed1_v8/FE05_HYBRID_v8_seed1_v4_real/step_records.csv","dissertation_formal_v4","8","1","HybridLLM","20","20","formal_low_v8_seed1_1_2","W_E","PROCEED"
"results/formal_experiment/dissertation_formal_v4/runs/seed1_v8/FE05_HYBRID_v8_seed1_v4_real/step_records.csv","dissertation_formal_v4","8","1","HybridLLM","20","20","formal_low_v8_seed1_1_3","S_N","FREE"
"results/formal_experiment/dissertation_formal_v4/runs/seed1_v8/FE05_HYBRID_v8_seed1_v4_real/step_records.csv","dissertation_formal_v4","8","1","HybridLLM","21","21","formal_low_v8_seed1_1_0","N_S","WAIT"
"results/formal_experiment/dissertation_formal_v4/runs/seed1_v8/FE05_HYBRID_v8_seed1_v4_real/step_records.csv","dissertation_formal_v4","8","1","HybridLLM","21","21","formal_low_v8_seed1_1_1","W_E","FREE"
"results/formal_experiment/dissertation_formal_v4/runs/seed1_v8/FE05_HYBRID_v8_seed1_v4_real/step_records.csv","dissertation_formal_v4","8","1","HybridLLM","21","21","formal_low_v8_seed1_1_2","W_E","PROCEED"
"results/formal_experiment/dissertation_formal_v4/runs/seed1_v8/FE05_HYBRID_v8_seed1_v4_real/step_records.csv","dissertation_formal_v4","8","1","HybridLLM","21","21","formal_low_v8_seed1_1_3","S_N","FREE"
"results/formal_experiment/dissertation_formal_v4/runs/seed1_v8/FE05_HYBRID_v8_seed1_v4_real/step_records.csv","dissertation_formal_v4","8","1","HybridLLM","22","22","formal_low_v8_seed1_1_0","N_S","WAIT"
"results/formal_experiment/dissertation_formal_v4/runs/seed1_v8/FE05_HYBRID_v8_seed1_v4_real/step_records.csv","dissertation_formal_v4","8","1","HybridLLM","22","22","formal_low_v8_seed1_1_1","W_E","FREE"
"results/formal_experiment/dissertation_formal_v4/runs/seed1_v8/FE05_HYBRID_v8_seed1_v4_real/step_records.csv","dissertation_formal_v4","8","1","HybridLLM","22","22","formal_low_v8_seed1_1_2","W_E","PROCEED"
"results/formal_experiment/dissertation_formal_v4/runs/seed1_v8/FE05_HYBRID_v8_seed1_v4_real/step_records.csv","dissertation_formal_v4","8","1","HybridLLM","22","22","formal_low_v8_seed1_1_3","S_N","FREE"
"results/formal_experiment/dissertation_formal_v4/runs/seed1_v8/FE05_HYBRID_v8_seed1_v4_real/step_records.csv","dissertation_formal_v4","8","1","HybridLLM","23","23","formal_low_v8_seed1_1_0","N_S","WAIT"
"results/formal_experiment/dissertation_formal_v4/runs/seed1_v8/FE05_HYBRID_v8_seed1_v4_real/step_records.csv","dissertation_formal_v4","8","1","HybridLLM","23","23","formal_low_v8_seed1_1_1","W_E","FREE"
"results/formal_experiment/dissertation_formal_v4/runs/seed1_v8/FE05_HYBRID_v8_seed1_v4_real/step_records.csv","dissertation_formal_v4","8","1","HybridLLM","23","23","formal_low_v8_seed1_1_2","W_E","PROCEED"
"results/formal_experiment/dissertation_formal_v4/runs/seed1_v8/FE05_HYBRID_v8_seed1_v4_real/step_records.csv","dissertation_formal_v4","8","1","HybridLLM","23","23","formal_low_v8_seed1_1_3","S_N","FREE"
"results/formal_experiment/dissertation_formal_v4/runs/seed1_v8/FE05_HYBRID_v8_seed1_v4_real/step_records.csv","dissertation_formal_v4","8","1","HybridLLM","24","24","formal_low_v8_seed1_1_0","N_S","WAIT"
"results/formal_experiment/dissertation_formal_v4/runs/seed1_v8/FE05_HYBRID_v8_seed1_v4_real/step_records.csv","dissertation_formal_v4","8","1","HybridLLM","24","24","formal_low_v8_seed1_1_1","W_E","FREE"
"results/formal_experiment/dissertation_formal_v4/runs/seed1_v8/FE05_HYBRID_v8_seed1_v4_real/step_records.csv","dissertation_formal_v4","8","1","HybridLLM","24","24","formal_low_v8_seed1_1_2","W_E","PROCEED"
"results/formal_experiment/dissertation_formal_v4/runs/seed1_v8/FE05_HYBRID_v8_seed1_v4_real/step_records.csv","dissertation_formal_v4","8","1","HybridLLM","24","24","formal_low_v8_seed1_1_3","S_N","WAIT"
"results/formal_experiment/dissertation_formal_v4/runs/seed1_v8/FE05_HYBRID_v8_seed1_v4_real/step_records.csv","dissertation_formal_v4","8","1","HybridLLM","24","24","formal_low_v8_seed1_1_4","S_N","FREE"
"results/formal_experiment/dissertation_formal_v4/runs/seed1_v8/FE05_HYBRID_v8_seed1_v4_real/step_records.csv","dissertation_formal_v4","8","1","HybridLLM","25","25","formal_low_v8_seed1_1_0","N_S","PROCEED"
"results/formal_experiment/dissertation_formal_v4/runs/seed1_v8/FE05_HYBRID_v8_seed1_v4_real/step_records.csv","dissertation_formal_v4","8","1","HybridLLM","25","25","formal_low_v8_seed1_1_1","W_E","FREE"
"results/formal_experiment/dissertation_formal_v4/runs/seed1_v8/FE05_HYBRID_v8_seed1_v4_real/step_records.csv","dissertation_formal_v4","8","1","HybridLLM","25","25","formal_low_v8_seed1_1_2","W_E","FREE"
"results/formal_experiment/dissertation_formal_v4/runs/seed1_v8/FE05_HYBRID_v8_seed1_v4_real/step_records.csv","dissertation_formal_v4","8","1","HybridLLM","25","25","formal_low_v8_seed1_1_3","S_N","PROCEED"
"results/formal_experiment/dissertation_formal_v4/runs/seed1_v8/FE05_HYBRID_v8_seed1_v4_real/step_records.csv","dissertation_formal_v4","8","1","HybridLLM","25","25","formal_low_v8_seed1_1_4","S_N","FREE"
"results/formal_experiment/dissertation_formal_v4/runs/seed1_v8/FE05_HYBRID_v8_seed1_v4_real/step_records.csv","dissertation_formal_v4","8","1","HybridLLM","26","26","formal_low_v8_seed1_1_0","N_S","PROCEED"
"results/formal_experiment/dissertation_formal_v4/runs/seed1_v8/FE05_HYBRID_v8_seed1_v4_real/step_records.csv","dissertation_formal_v4","8","1","HybridLLM","26","26","formal_low_v8_seed1_1_1","W_E","FREE"
"results/formal_experiment/dissertation_formal_v4/runs/seed1_v8/FE05_HYBRID_v8_seed1_v4_real/step_records.csv","dissertation_formal_v4","8","1","HybridLLM","26","26","formal_low_v8_seed1_1_2","W_E","FREE"
"results/formal_experiment/dissertation_formal_v4/runs/seed1_v8/FE05_HYBRID_v8_seed1_v4_real/step_records.csv","dissertation_formal_v4","8","1","HybridLLM","26","26","formal_low_v8_seed1_1_3","S_N","PROCEED"
"results/formal_experiment/dissertation_formal_v4/runs/seed1_v8/FE05_HYBRID_v8_seed1_v4_real/step_records.csv","dissertation_formal_v4","8","1","HybridLLM","26","26","formal_low_v8_seed1_1_4","S_N","FREE"
"results/formal_experiment/dissertation_formal_v4/runs/seed1_v8/FE05_HYBRID_v8_seed1_v4_real/step_records.csv","dissertation_formal_v4","8","1","HybridLLM","27","27","formal_low_v8_seed1_1_0","N_S","PROCEED"
"results/formal_experiment/dissertation_formal_v4/runs/seed1_v8/FE05_HYBRID_v8_seed1_v4_real/step_records.csv","dissertation_formal_v4","8","1","HybridLLM","27","27","formal_low_v8_seed1_1_1","W_E","FREE"
"results/formal_experiment/dissertation_formal_v4/runs/seed1_v8/FE05_HYBRID_v8_seed1_v4_real/step_records.csv","dissertation_formal_v4","8","1","HybridLLM","27","27","formal_low_v8_seed1_1_2","W_E","FREE"
"results/formal_experiment/dissertation_formal_v4/runs/seed1_v8/FE05_HYBRID_v8_seed1_v4_real/step_records.csv","dissertation_formal_v4","8","1","HybridLLM","27","27","formal_low_v8_seed1_1_3","S_N","PROCEED"
"results/formal_experiment/dissertation_formal_v4/runs/seed1_v8/FE05_HYBRID_v8_seed1_v4_real/step_records.csv","dissertation_formal_v4","8","1","HybridLLM","27","27","formal_low_v8_seed1_1_4","S_N","FREE"
"results/formal_experiment/dissertation_formal_v4/runs/seed1_v8/FE05_HYBRID_v8_seed1_v4_real/step_records.csv","dissertation_formal_v4","8","1","HybridLLM","28","28","formal_low_v8_seed1_1_0","N_S","PROCEED"
"results/formal_experiment/dissertation_formal_v4/runs/seed1_v8/FE05_HYBRID_v8_seed1_v4_real/step_records.csv","dissertation_formal_v4","8","1","HybridLLM","28","28","formal_low_v8_seed1_1_1","W_E","FREE"
"results/formal_experiment/dissertation_formal_v4/runs/seed1_v8/FE05_HYBRID_v8_seed1_v4_real/step_records.csv","dissertation_formal_v4","8","1","HybridLLM","28","28","formal_low_v8_seed1_1_2","W_E","FREE"
"results/formal_experiment/dissertation_formal_v4/runs/seed1_v8/FE05_HYBRID_v8_seed1_v4_real/step_records.csv","dissertation_formal_v4","8","1","HybridLLM","28","28","formal_low_v8_seed1_1_3","S_N","PROCEED"
"results/formal_experiment/dissertation_formal_v4/runs/seed1_v8/FE05_HYBRID_v8_seed1_v4_real/step_records.csv","dissertation_formal_v4","8","1","HybridLLM","28","28","formal_low_v8_seed1_1_4","S_N","FREE"
"results/formal_experiment/dissertation_formal_v4/runs/seed1_v8/FE05_HYBRID_v8_seed1_v4_real/step_records.csv","dissertation_formal_v4","8","1","HybridLLM","29","29","formal_low_v8_seed1_1_0","N_S","PROCEED"
"results/formal_experiment/dissertation_formal_v4/runs/seed1_v8/FE05_HYBRID_v8_seed1_v4_real/step_records.csv","dissertation_formal_v4","8","1","HybridLLM","29","29","formal_low_v8_seed1_1_2","W_E","FREE"
"results/formal_experiment/dissertation_formal_v4/runs/seed1_v8/FE05_HYBRID_v8_seed1_v4_real/step_records.csv","dissertation_formal_v4","8","1","HybridLLM","29","29","formal_low_v8_seed1_1_3","S_N","PROCEED"
"results/formal_experiment/dissertation_formal_v4/runs/seed1_v8/FE05_HYBRID_v8_seed1_v4_real/step_records.csv","dissertation_formal_v4","8","1","HybridLLM","29","29","formal_low_v8_seed1_1_4","S_N","PROCEED"
"results/formal_experiment/dissertation_formal_v4/runs/seed1_v8/FE05_HYBRID_v8_seed1_v4_real/step_records.csv","dissertation_formal_v4","8","1","HybridLLM","30","30","formal_low_v8_seed1_1_0","N_S","PROCEED"
"results/formal_experiment/dissertation_formal_v4/runs/seed1_v8/FE05_HYBRID_v8_seed1_v4_real/step_records.csv","dissertation_formal_v4","8","1","HybridLLM","30","30","formal_low_v8_seed1_1_2","W_E","FREE"
"results/formal_experiment/dissertation_formal_v4/runs/seed1_v8/FE05_HYBRID_v8_seed1_v4_real/step_records.csv","dissertation_formal_v4","8","1","HybridLLM","30","30","formal_low_v8_seed1_1_3","S_N","PROCEED"
"results/formal_experiment/dissertation_formal_v4/runs/seed1_v8/FE05_HYBRID_v8_seed1_v4_real/step_records.csv","dissertation_formal_v4","8","1","HybridLLM","30","30","formal_low_v8_seed1_1_4","S_N","PROCEED"
"results/formal_experiment/dissertation_formal_v4/runs/seed1_v8/FE05_HYBRID_v8_seed1_v4_real/step_records.csv","dissertation_formal_v4","8","1","HybridLLM","31","31","formal_low_v8_seed1_1_0","N_S","PROCEED"
"results/formal_experiment/dissertation_formal_v4/runs/seed1_v8/FE05_HYBRID_v8_seed1_v4_real/step_records.csv","dissertation_formal_v4","8","1","HybridLLM","31","31","formal_low_v8_seed1_1_2","W_E","FREE"
"results/formal_experiment/dissertation_formal_v4/runs/seed1_v8/FE05_HYBRID_v8_seed1_v4_real/step_records.csv","dissertation_formal_v4","8","1","HybridLLM","31","31","formal_low_v8_seed1_1_3","S_N","PROCEED"
"results/formal_experiment/dissertation_formal_v4/runs/seed1_v8/FE05_HYBRID_v8_seed1_v4_real/step_records.csv","dissertation_formal_v4","8","1","HybridLLM","31","31","formal_low_v8_seed1_1_4","S_N","PROCEED"
"results/formal_experiment/dissertation_formal_v4/runs/seed1_v8/FE05_HYBRID_v8_seed1_v4_real/step_records.csv","dissertation_formal_v4","8","1","HybridLLM","32","32","formal_low_v8_seed1_1_0","N_S","PROCEED"
"results/formal_experiment/dissertation_formal_v4/runs/seed1_v8/FE05_HYBRID_v8_seed1_v4_real/step_records.csv","dissertation_formal_v4","8","1","HybridLLM","32","32","formal_low_v8_seed1_1_2","W_E","FREE"
"results/formal_experiment/dissertation_formal_v4/runs/seed1_v8/FE05_HYBRID_v8_seed1_v4_real/step_records.csv","dissertation_formal_v4","8","1","HybridLLM","32","32","formal_low_v8_seed1_1_3","S_N","PROCEED"
"results/formal_experiment/dissertation_formal_v4/runs/seed1_v8/FE05_HYBRID_v8_seed1_v4_real/step_records.csv","dissertation_formal_v4","8","1","HybridLLM","32","32","formal_low_v8_seed1_1_4","S_N","PROCEED"
"results/formal_experiment/dissertation_formal_v4/runs/seed1_v8/FE05_HYBRID_v8_seed1_v4_real/step_records.csv","dissertation_formal_v4","8","1","HybridLLM","33","33","formal_low_v8_seed1_1_0","N_S","PROCEED"
"results/formal_experiment/dissertation_formal_v4/runs/seed1_v8/FE05_HYBRID_v8_seed1_v4_real/step_records.csv","dissertation_formal_v4","8","1","HybridLLM","33","33","formal_low_v8_seed1_1_3","S_N","PROCEED"
"results/formal_experiment/dissertation_formal_v4/runs/seed1_v8/FE05_HYBRID_v8_seed1_v4_real/step_records.csv","dissertation_formal_v4","8","1","HybridLLM","33","33","formal_low_v8_seed1_1_4","S_N","PROCEED"
"results/formal_experiment/dissertation_formal_v4/runs/seed1_v8/FE05_HYBRID_v8_seed1_v4_real/step_records.csv","dissertation_formal_v4","8","1","HybridLLM","34","34","formal_low_v8_seed1_1_0","N_S","PROCEED"
"results/formal_experiment/dissertation_formal_v4/runs/seed1_v8/FE05_HYBRID_v8_seed1_v4_real/step_records.csv","dissertation_formal_v4","8","1","HybridLLM","34","34","formal_low_v8_seed1_1_3","S_N","PROCEED"
"results/formal_experiment/dissertation_formal_v4/runs/seed1_v8/FE05_HYBRID_v8_seed1_v4_real/step_records.csv","dissertation_formal_v4","8","1","HybridLLM","34","34","formal_low_v8_seed1_1_4","S_N","PROCEED"
"results/formal_experiment/dissertation_formal_v4/runs/seed1_v8/FE05_HYBRID_v8_seed1_v4_real/step_records.csv","dissertation_formal_v4","8","1","HybridLLM","35","35","formal_low_v8_seed1_1_0","N_S","PROCEED"
"results/formal_experiment/dissertation_formal_v4/runs/seed1_v8/FE05_HYBRID_v8_seed1_v4_real/step_records.csv","dissertation_formal_v4","8","1","HybridLLM","35","35","formal_low_v8_seed1_1_3","S_N","PROCEED"
"results/formal_experiment/dissertation_formal_v4/runs/seed1_v8/FE05_HYBRID_v8_seed1_v4_real/step_records.csv","dissertation_formal_v4","8","1","HybridLLM","35","35","formal_low_v8_seed1_1_4","S_N","PROCEED"
"results/formal_experiment/dissertation_formal_v4/runs/seed1_v8/FE05_HYBRID_v8_seed1_v4_real/step_records.csv","dissertation_formal_v4","8","1","HybridLLM","35","35","formal_low_v8_seed1_1_5","S_N","FREE"
"results/formal_experiment/dissertation_formal_v4/runs/seed1_v8/FE05_HYBRID_v8_seed1_v4_real/step_records.csv","dissertation_formal_v4","8","1","HybridLLM","36","36","formal_low_v8_seed1_1_0","N_S","PROCEED"
"results/formal_experiment/dissertation_formal_v4/runs/seed1_v8/FE05_HYBRID_v8_seed1_v4_real/step_records.csv","dissertation_formal_v4","8","1","HybridLLM","36","36","formal_low_v8_seed1_1_3","S_N","PROCEED"
"results/formal_experiment/dissertation_formal_v4/runs/seed1_v8/FE05_HYBRID_v8_seed1_v4_real/step_records.csv","dissertation_formal_v4","8","1","HybridLLM","36","36","formal_low_v8_seed1_1_4","S_N","PROCEED"
"results/formal_experiment/dissertation_formal_v4/runs/seed1_v8/FE05_HYBRID_v8_seed1_v4_real/step_records.csv","dissertation_formal_v4","8","1","HybridLLM","36","36","formal_low_v8_seed1_1_5","S_N","FREE"
"results/formal_experiment/dissertation_formal_v4/runs/seed1_v8/FE05_HYBRID_v8_seed1_v4_real/step_records.csv","dissertation_formal_v4","8","1","HybridLLM","37","37","formal_low_v8_seed1_1_0","N_S","PROCEED"
"results/formal_experiment/dissertation_formal_v4/runs/seed1_v8/FE05_HYBRID_v8_seed1_v4_real/step_records.csv","dissertation_formal_v4","8","1","HybridLLM","37","37","formal_low_v8_seed1_1_3","S_N","PROCEED"
"results/formal_experiment/dissertation_formal_v4/runs/seed1_v8/FE05_HYBRID_v8_seed1_v4_real/step_records.csv","dissertation_formal_v4","8","1","HybridLLM","37","37","formal_low_v8_seed1_1_4","S_N","PROCEED"
"results/formal_experiment/dissertation_formal_v4/runs/seed1_v8/FE05_HYBRID_v8_seed1_v4_real/step_records.csv","dissertation_formal_v4","8","1","HybridLLM","37","37","formal_low_v8_seed1_1_5","S_N","FREE"
"results/formal_experiment/dissertation_formal_v4/runs/seed1_v8/FE05_HYBRID_v8_seed1_v4_real/step_records.csv","dissertation_formal_v4","8","1","HybridLLM","38","38","formal_low_v8_seed1_1_0","N_S","PROCEED"
"results/formal_experiment/dissertation_formal_v4/runs/seed1_v8/FE05_HYBRID_v8_seed1_v4_real/step_records.csv","dissertation_formal_v4","8","1","HybridLLM","38","38","formal_low_v8_seed1_1_3","S_N","PROCEED"
"results/formal_experiment/dissertation_formal_v4/runs/seed1_v8/FE05_HYBRID_v8_seed1_v4_real/step_records.csv","dissertation_formal_v4","8","1","HybridLLM","38","38","formal_low_v8_seed1_1_4","S_N","PROCEED"
"results/formal_experiment/dissertation_formal_v4/runs/seed1_v8/FE05_HYBRID_v8_seed1_v4_real/step_records.csv","dissertation_formal_v4","8","1","HybridLLM","38","38","formal_low_v8_seed1_1_5","S_N","FREE"
"results/formal_experiment/dissertation_formal_v4/runs/seed1_v8/FE05_HYBRID_v8_seed1_v4_real/step_records.csv","dissertation_formal_v4","8","1","HybridLLM","39","39","formal_low_v8_seed1_1_0","N_S","PROCEED"
"results/formal_experiment/dissertation_formal_v4/runs/seed1_v8/FE05_HYBRID_v8_seed1_v4_real/step_records.csv","dissertation_formal_v4","8","1","HybridLLM","39","39","formal_low_v8_seed1_1_3","S_N","PROCEED"
"results/formal_experiment/dissertation_formal_v4/runs/seed1_v8/FE05_HYBRID_v8_seed1_v4_real/step_records.csv","dissertation_formal_v4","8","1","HybridLLM","39","39","formal_low_v8_seed1_1_4","S_N","PROCEED"
"results/formal_experiment/dissertation_formal_v4/runs/seed1_v8/FE05_HYBRID_v8_seed1_v4_real/step_records.csv","dissertation_formal_v4","8","1","HybridLLM","39","39","formal_low_v8_seed1_1_5","S_N","FREE"
"results/formal_experiment/dissertation_formal_v4/runs/seed1_v8/FE05_HYBRID_v8_seed1_v4_real/step_records.csv","dissertation_formal_v4","8","1","HybridLLM","40","40","formal_low_v8_seed1_1_0","N_S","PROCEED"
"results/formal_experiment/dissertation_formal_v4/runs/seed1_v8/FE05_HYBRID_v8_seed1_v4_real/step_records.csv","dissertation_formal_v4","8","1","HybridLLM","40","40","formal_low_v8_seed1_1_3","S_N","PROCEED"
"results/formal_experiment/dissertation_formal_v4/runs/seed1_v8/FE05_HYBRID_v8_seed1_v4_real/step_records.csv","dissertation_formal_v4","8","1","HybridLLM","40","40","formal_low_v8_seed1_1_4","S_N","PROCEED"
"results/formal_experiment/dissertation_formal_v4/runs/seed1_v8/FE05_HYBRID_v8_seed1_v4_real/step_records.csv","dissertation_formal_v4","8","1","HybridLLM","40","40","formal_low_v8_seed1_1_5","S_N","FREE"
"results/formal_experiment/dissertation_formal_v4/runs/seed1_v8/FE05_HYBRID_v8_seed1_v4_real/step_records.csv","dissertation_formal_v4","8","1","HybridLLM","41","41","formal_low_v8_seed1_1_0","N_S","PROCEED"
"results/formal_experiment/dissertation_formal_v4/runs/seed1_v8/FE05_HYBRID_v8_seed1_v4_real/step_records.csv","dissertation_formal_v4","8","1","HybridLLM","41","41","formal_low_v8_seed1_1_3","S_N","PROCEED"
"results/formal_experiment/dissertation_formal_v4/runs/seed1_v8/FE05_HYBRID_v8_seed1_v4_real/step_records.csv","dissertation_formal_v4","8","1","HybridLLM","41","41","formal_low_v8_seed1_1_4","S_N","PROCEED"
"results/formal_experiment/dissertation_formal_v4/runs/seed1_v8/FE05_HYBRID_v8_seed1_v4_real/step_records.csv","dissertation_formal_v4","8","1","HybridLLM","41","41","formal_low_v8_seed1_1_5","S_N","FREE"
"results/formal_experiment/dissertation_formal_v4/runs/seed1_v8/FE05_HYBRID_v8_seed1_v4_real/step_records.csv","dissertation_formal_v4","8","1","HybridLLM","42","42","formal_low_v8_seed1_1_0","N_S","PROCEED"
"results/formal_experiment/dissertation_formal_v4/runs/seed1_v8/FE05_HYBRID_v8_seed1_v4_real/step_records.csv","dissertation_formal_v4","8","1","HybridLLM","42","42","formal_low_v8_seed1_1_3","S_N","PROCEED"
"results/formal_experiment/dissertation_formal_v4/runs/seed1_v8/FE05_HYBRID_v8_seed1_v4_real/step_records.csv","dissertation_formal_v4","8","1","HybridLLM","42","42","formal_low_v8_seed1_1_4","S_N","PROCEED"
"results/formal_experiment/dissertation_formal_v4/runs/seed1_v8/FE05_HYBRID_v8_seed1_v4_real/step_records.csv","dissertation_formal_v4","8","1","HybridLLM","42","42","formal_low_v8_seed1_1_5","S_N","FREE"
"results/formal_experiment/dissertation_formal_v4/runs/seed1_v8/FE05_HYBRID_v8_seed1_v4_real/step_records.csv","dissertation_formal_v4","8","1","HybridLLM","43","43","formal_low_v8_seed1_1_0","N_S","PROCEED"
"results/formal_experiment/dissertation_formal_v4/runs/seed1_v8/FE05_HYBRID_v8_seed1_v4_real/step_records.csv","dissertation_formal_v4","8","1","HybridLLM","43","43","formal_low_v8_seed1_1_3","S_N","PROCEED"
"results/formal_experiment/dissertation_formal_v4/runs/seed1_v8/FE05_HYBRID_v8_seed1_v4_real/step_records.csv","dissertation_formal_v4","8","1","HybridLLM","43","43","formal_low_v8_seed1_1_4","S_N","PROCEED"
"results/formal_experiment/dissertation_formal_v4/runs/seed1_v8/FE05_HYBRID_v8_seed1_v4_real/step_records.csv","dissertation_formal_v4","8","1","HybridLLM","43","43","formal_low_v8_seed1_1_5","S_N","FREE"
"results/formal_experiment/dissertation_formal_v4/runs/seed1_v8/FE05_HYBRID_v8_seed1_v4_real/step_records.csv","dissertation_formal_v4","8","1","HybridLLM","44","44","formal_low_v8_seed1_1_0","N_S","PROCEED"
"results/formal_experiment/dissertation_formal_v4/runs/seed1_v8/FE05_HYBRID_v8_seed1_v4_real/step_records.csv","dissertation_formal_v4","8","1","HybridLLM","44","44","formal_low_v8_seed1_1_3","S_N","PROCEED"
"results/formal_experiment/dissertation_formal_v4/runs/seed1_v8/FE05_HYBRID_v8_seed1_v4_real/step_records.csv","dissertation_formal_v4","8","1","HybridLLM","44","44","formal_low_v8_seed1_1_4","S_N","PROCEED"
"results/formal_experiment/dissertation_formal_v4/runs/seed1_v8/FE05_HYBRID_v8_seed1_v4_real/step_records.csv","dissertation_formal_v4","8","1","HybridLLM","44","44","formal_low_v8_seed1_1_5","S_N","PROCEED"
"results/formal_experiment/dissertation_formal_v4/runs/seed1_v8/FE05_HYBRID_v8_seed1_v4_real/step_records.csv","dissertation_formal_v4","8","1","HybridLLM","45","45","formal_low_v8_seed1_1_0","N_S","PROCEED"
"results/formal_experiment/dissertation_formal_v4/runs/seed1_v8/FE05_HYBRID_v8_seed1_v4_real/step_records.csv","dissertation_formal_v4","8","1","HybridLLM","45","45","formal_low_v8_seed1_1_3","S_N","PROCEED"
"results/formal_experiment/dissertation_formal_v4/runs/seed1_v8/FE05_HYBRID_v8_seed1_v4_real/step_records.csv","dissertation_formal_v4","8","1","HybridLLM","45","45","formal_low_v8_seed1_1_4","S_N","PROCEED"
"results/formal_experiment/dissertation_formal_v4/runs/seed1_v8/FE05_HYBRID_v8_seed1_v4_real/step_records.csv","dissertation_formal_v4","8","1","HybridLLM","45","45","formal_low_v8_seed1_1_5","S_N","PROCEED"
"results/formal_experiment/dissertation_formal_v4/runs/seed1_v8/FE05_HYBRID_v8_seed1_v4_real/step_records.csv","dissertation_formal_v4","8","1","HybridLLM","46","46","formal_low_v8_seed1_1_0","N_S","PROCEED"
"results/formal_experiment/dissertation_formal_v4/runs/seed1_v8/FE05_HYBRID_v8_seed1_v4_real/step_records.csv","dissertation_formal_v4","8","1","HybridLLM","46","46","formal_low_v8_seed1_1_3","S_N","PROCEED"
"results/formal_experiment/dissertation_formal_v4/runs/seed1_v8/FE05_HYBRID_v8_seed1_v4_real/step_records.csv","dissertation_formal_v4","8","1","HybridLLM","46","46","formal_low_v8_seed1_1_4","S_N","PROCEED"
"results/formal_experiment/dissertation_formal_v4/runs/seed1_v8/FE05_HYBRID_v8_seed1_v4_real/step_records.csv","dissertation_formal_v4","8","1","HybridLLM","46","46","formal_low_v8_seed1_1_5","S_N","PROCEED"
"results/formal_experiment/dissertation_formal_v4/runs/seed1_v8/FE05_HYBRID_v8_seed1_v4_real/step_records.csv","dissertation_formal_v4","8","1","HybridLLM","46","46","formal_low_v8_seed1_1_6","E_W","FREE"
"results/formal_experiment/dissertation_formal_v4/runs/seed1_v8/FE05_HYBRID_v8_seed1_v4_real/step_records.csv","dissertation_formal_v4","8","1","HybridLLM","47","47","formal_low_v8_seed1_1_0","N_S","PROCEED"
"results/formal_experiment/dissertation_formal_v4/runs/seed1_v8/FE05_HYBRID_v8_seed1_v4_real/step_records.csv","dissertation_formal_v4","8","1","HybridLLM","47","47","formal_low_v8_seed1_1_3","S_N","PROCEED"
"results/formal_experiment/dissertation_formal_v4/runs/seed1_v8/FE05_HYBRID_v8_seed1_v4_real/step_records.csv","dissertation_formal_v4","8","1","HybridLLM","47","47","formal_low_v8_seed1_1_4","S_N","PROCEED"
"results/formal_experiment/dissertation_formal_v4/runs/seed1_v8/FE05_HYBRID_v8_seed1_v4_real/step_records.csv","dissertation_formal_v4","8","1","HybridLLM","47","47","formal_low_v8_seed1_1_5","S_N","PROCEED"
"results/formal_experiment/dissertation_formal_v4/runs/seed1_v8/FE05_HYBRID_v8_seed1_v4_real/step_records.csv","dissertation_formal_v4","8","1","HybridLLM","47","47","formal_low_v8_seed1_1_6","E_W","FREE"
"results/formal_experiment/dissertation_formal_v4/runs/seed1_v8/FE05_HYBRID_v8_seed1_v4_real/step_records.csv","dissertation_formal_v4","8","1","HybridLLM","48","48","formal_low_v8_seed1_1_0","N_S","FREE"
"results/formal_experiment/dissertation_formal_v4/runs/seed1_v8/FE05_HYBRID_v8_seed1_v4_real/step_records.csv","dissertation_formal_v4","8","1","HybridLLM","48","48","formal_low_v8_seed1_1_3","S_N","PROCEED"
"results/formal_experiment/dissertation_formal_v4/runs/seed1_v8/FE05_HYBRID_v8_seed1_v4_real/step_records.csv","dissertation_formal_v4","8","1","HybridLLM","48","48","formal_low_v8_seed1_1_4","S_N","FREE"
"results/formal_experiment/dissertation_formal_v4/runs/seed1_v8/FE05_HYBRID_v8_seed1_v4_real/step_records.csv","dissertation_formal_v4","8","1","HybridLLM","48","48","formal_low_v8_seed1_1_5","S_N","PROCEED"
"results/formal_experiment/dissertation_formal_v4/runs/seed1_v8/FE05_HYBRID_v8_seed1_v4_real/step_records.csv","dissertation_formal_v4","8","1","HybridLLM","48","48","formal_low_v8_seed1_1_6","E_W","FREE"
"results/formal_experiment/dissertation_formal_v4/runs/seed1_v8/FE05_HYBRID_v8_seed1_v4_real/step_records.csv","dissertation_formal_v4","8","1","HybridLLM","49","49","formal_low_v8_seed1_1_0","N_S","FREE"
"results/formal_experiment/dissertation_formal_v4/runs/seed1_v8/FE05_HYBRID_v8_seed1_v4_real/step_records.csv","dissertation_formal_v4","8","1","HybridLLM","49","49","formal_low_v8_seed1_1_3","S_N","FREE"
"results/formal_experiment/dissertation_formal_v4/runs/seed1_v8/FE05_HYBRID_v8_seed1_v4_real/step_records.csv","dissertation_formal_v4","8","1","HybridLLM","49","49","formal_low_v8_seed1_1_4","S_N","FREE"
"results/formal_experiment/dissertation_formal_v4/runs/seed1_v8/FE05_HYBRID_v8_seed1_v4_real/step_records.csv","dissertation_formal_v4","8","1","HybridLLM","49","49","formal_low_v8_seed1_1_5","S_N","PROCEED"
"results/formal_experiment/dissertation_formal_v4/runs/seed1_v8/FE05_HYBRID_v8_seed1_v4_real/step_records.csv","dissertation_formal_v4","8","1","HybridLLM","49","49","formal_low_v8_seed1_1_6","E_W","FREE"
"results/formal_experiment/dissertation_formal_v4/runs/seed1_v8/FE05_HYBRID_v8_seed1_v4_real/step_records.csv","dissertation_formal_v4","8","1","HybridLLM","50","50","formal_low_v8_seed1_1_0","N_S","FREE"
"results/formal_experiment/dissertation_formal_v4/runs/seed1_v8/FE05_HYBRID_v8_seed1_v4_real/step_records.csv","dissertation_formal_v4","8","1","HybridLLM","50","50","formal_low_v8_seed1_1_3","S_N","FREE"
"results/formal_experiment/dissertation_formal_v4/runs/seed1_v8/FE05_HYBRID_v8_seed1_v4_real/step_records.csv","dissertation_formal_v4","8","1","HybridLLM","50","50","formal_low_v8_seed1_1_4","S_N","FREE"
"results/formal_experiment/dissertation_formal_v4/runs/seed1_v8/FE05_HYBRID_v8_seed1_v4_real/step_records.csv","dissertation_formal_v4","8","1","HybridLLM","50","50","formal_low_v8_seed1_1_5","S_N","PROCEED"
"results/formal_experiment/dissertation_formal_v4/runs/seed1_v8/FE05_HYBRID_v8_seed1_v4_real/step_records.csv","dissertation_formal_v4","8","1","HybridLLM","50","50","formal_low_v8_seed1_1_6","E_W","FREE"
"results/formal_experiment/dissertation_formal_v4/runs/seed1_v8/FE05_HYBRID_v8_seed1_v4_real/step_records.csv","dissertation_formal_v4","8","1","HybridLLM","51","51","formal_low_v8_seed1_1_0","N_S","FREE"
"results/formal_experiment/dissertation_formal_v4/runs/seed1_v8/FE05_HYBRID_v8_seed1_v4_real/step_records.csv","dissertation_formal_v4","8","1","HybridLLM","51","51","formal_low_v8_seed1_1_3","S_N","FREE"
"results/formal_experiment/dissertation_formal_v4/runs/seed1_v8/FE05_HYBRID_v8_seed1_v4_real/step_records.csv","dissertation_formal_v4","8","1","HybridLLM","51","51","formal_low_v8_seed1_1_4","S_N","FREE"
"results/formal_experiment/dissertation_formal_v4/runs/seed1_v8/FE05_HYBRID_v8_seed1_v4_real/step_records.csv","dissertation_formal_v4","8","1","HybridLLM","51","51","formal_low_v8_seed1_1_5","S_N","PROCEED"
"results/formal_experiment/dissertation_formal_v4/runs/seed1_v8/FE05_HYBRID_v8_seed1_v4_real/step_records.csv","dissertation_formal_v4","8","1","HybridLLM","51","51","formal_low_v8_seed1_1_6","E_W","FREE"
"results/formal_experiment/dissertation_formal_v4/runs/seed1_v8/FE05_HYBRID_v8_seed1_v4_real/step_records.csv","dissertation_formal_v4","8","1","HybridLLM","52","52","formal_low_v8_seed1_1_0","N_S","FREE"
"results/formal_experiment/dissertation_formal_v4/runs/seed1_v8/FE05_HYBRID_v8_seed1_v4_real/step_records.csv","dissertation_formal_v4","8","1","HybridLLM","52","52","formal_low_v8_seed1_1_3","S_N","FREE"
"results/formal_experiment/dissertation_formal_v4/runs/seed1_v8/FE05_HYBRID_v8_seed1_v4_real/step_records.csv","dissertation_formal_v4","8","1","HybridLLM","52","52","formal_low_v8_seed1_1_4","S_N","FREE"
"results/formal_experiment/dissertation_formal_v4/runs/seed1_v8/FE05_HYBRID_v8_seed1_v4_real/step_records.csv","dissertation_formal_v4","8","1","HybridLLM","52","52","formal_low_v8_seed1_1_5","S_N","FREE"
"results/formal_experiment/dissertation_formal_v4/runs/seed1_v8/FE05_HYBRID_v8_seed1_v4_real/step_records.csv","dissertation_formal_v4","8","1","HybridLLM","52","52","formal_low_v8_seed1_1_6","E_W","FREE"
"results/formal_experiment/dissertation_formal_v4/runs/seed1_v8/FE05_HYBRID_v8_seed1_v4_real/step_records.csv","dissertation_formal_v4","8","1","HybridLLM","53","53","formal_low_v8_seed1_1_5","S_N","FREE"
"results/formal_experiment/dissertation_formal_v4/runs/seed1_v8/FE05_HYBRID_v8_seed1_v4_real/step_records.csv","dissertation_formal_v4","8","1","HybridLLM","53","53","formal_low_v8_seed1_1_6","E_W","FREE"
"results/formal_experiment/dissertation_formal_v4/runs/seed1_v8/FE05_HYBRID_v8_seed1_v4_real/step_records.csv","dissertation_formal_v4","8","1","HybridLLM","54","54","formal_low_v8_seed1_1_5","S_N","FREE"
"results/formal_experiment/dissertation_formal_v4/runs/seed1_v8/FE05_HYBRID_v8_seed1_v4_real/step_records.csv","dissertation_formal_v4","8","1","HybridLLM","54","54","formal_low_v8_seed1_1_6","E_W","PROCEED"
"results/formal_experiment/dissertation_formal_v4/runs/seed1_v8/FE05_HYBRID_v8_seed1_v4_real/step_records.csv","dissertation_formal_v4","8","1","HybridLLM","55","55","formal_low_v8_seed1_1_5","S_N","FREE"
"results/formal_experiment/dissertation_formal_v4/runs/seed1_v8/FE05_HYBRID_v8_seed1_v4_real/step_records.csv","dissertation_formal_v4","8","1","HybridLLM","55","55","formal_low_v8_seed1_1_6","E_W","PROCEED"
"results/formal_experiment/dissertation_formal_v4/runs/seed1_v8/FE05_HYBRID_v8_seed1_v4_real/step_records.csv","dissertation_formal_v4","8","1","HybridLLM","56","56","formal_low_v8_seed1_1_5","S_N","FREE"
"results/formal_experiment/dissertation_formal_v4/runs/seed1_v8/FE05_HYBRID_v8_seed1_v4_real/step_records.csv","dissertation_formal_v4","8","1","HybridLLM","56","56","formal_low_v8_seed1_1_6","E_W","PROCEED"
"results/formal_experiment/dissertation_formal_v4/runs/seed1_v8/FE05_HYBRID_v8_seed1_v4_real/step_records.csv","dissertation_formal_v4","8","1","HybridLLM","57","57","formal_low_v8_seed1_1_6","E_W","PROCEED"
"results/formal_experiment/dissertation_formal_v4/runs/seed1_v8/FE05_HYBRID_v8_seed1_v4_real/step_records.csv","dissertation_formal_v4","8","1","HybridLLM","57","57","formal_low_v8_seed1_1_7","W_E","FREE"
"results/formal_experiment/dissertation_formal_v4/runs/seed1_v8/FE05_HYBRID_v8_seed1_v4_real/step_records.csv","dissertation_formal_v4","8","1","HybridLLM","58","58","formal_low_v8_seed1_1_6","E_W","PROCEED"
"results/formal_experiment/dissertation_formal_v4/runs/seed1_v8/FE05_HYBRID_v8_seed1_v4_real/step_records.csv","dissertation_formal_v4","8","1","HybridLLM","58","58","formal_low_v8_seed1_1_7","W_E","FREE"
"results/formal_experiment/dissertation_formal_v4/runs/seed1_v8/FE05_HYBRID_v8_seed1_v4_real/step_records.csv","dissertation_formal_v4","8","1","HybridLLM","59","59","formal_low_v8_seed1_1_6","E_W","PROCEED"
"results/formal_experiment/dissertation_formal_v4/runs/seed1_v8/FE05_HYBRID_v8_seed1_v4_real/step_records.csv","dissertation_formal_v4","8","1","HybridLLM","59","59","formal_low_v8_seed1_1_7","W_E","FREE"
"results/formal_experiment/dissertation_formal_v4/runs/seed1_v8/FE05_HYBRID_v8_seed1_v4_real/step_records.csv","dissertation_formal_v4","8","1","HybridLLM","60","60","formal_low_v8_seed1_1_6","E_W","PROCEED"
"results/formal_experiment/dissertation_formal_v4/runs/seed1_v8/FE05_HYBRID_v8_seed1_v4_real/step_records.csv","dissertation_formal_v4","8","1","HybridLLM","60","60","formal_low_v8_seed1_1_7","W_E","FREE"
"results/formal_experiment/dissertation_formal_v4/runs/seed1_v8/FE05_HYBRID_v8_seed1_v4_real/step_records.csv","dissertation_formal_v4","8","1","HybridLLM","61","61","formal_low_v8_seed1_1_6","E_W","PROCEED"
"results/formal_experiment/dissertation_formal_v4/runs/seed1_v8/FE05_HYBRID_v8_seed1_v4_real/step_records.csv","dissertation_formal_v4","8","1","HybridLLM","61","61","formal_low_v8_seed1_1_7","W_E","FREE"
"results/formal_experiment/dissertation_formal_v4/runs/seed1_v8/FE05_HYBRID_v8_seed1_v4_real/step_records.csv","dissertation_formal_v4","8","1","HybridLLM","62","62","formal_low_v8_seed1_1_6","E_W","PROCEED"
"results/formal_experiment/dissertation_formal_v4/runs/seed1_v8/FE05_HYBRID_v8_seed1_v4_real/step_records.csv","dissertation_formal_v4","8","1","HybridLLM","62","62","formal_low_v8_seed1_1_7","W_E","FREE"
"results/formal_experiment/dissertation_formal_v4/runs/seed1_v8/FE05_HYBRID_v8_seed1_v4_real/step_records.csv","dissertation_formal_v4","8","1","HybridLLM","63","63","formal_low_v8_seed1_1_6","E_W","PROCEED"
"results/formal_experiment/dissertation_formal_v4/runs/seed1_v8/FE05_HYBRID_v8_seed1_v4_real/step_records.csv","dissertation_formal_v4","8","1","HybridLLM","63","63","formal_low_v8_seed1_1_7","W_E","FREE"
"results/formal_experiment/dissertation_formal_v4/runs/seed1_v8/FE05_HYBRID_v8_seed1_v4_real/step_records.csv","dissertation_formal_v4","8","1","HybridLLM","64","64","formal_low_v8_seed1_1_6","E_W","PROCEED"
"results/formal_experiment/dissertation_formal_v4/runs/seed1_v8/FE05_HYBRID_v8_seed1_v4_real/step_records.csv","dissertation_formal_v4","8","1","HybridLLM","64","64","formal_low_v8_seed1_1_7","W_E","FREE"
"results/formal_experiment/dissertation_formal_v4/runs/seed1_v8/FE05_HYBRID_v8_seed1_v4_real/step_records.csv","dissertation_formal_v4","8","1","HybridLLM","65","65","formal_low_v8_seed1_1_6","E_W","PROCEED"
"results/formal_experiment/dissertation_formal_v4/runs/seed1_v8/FE05_HYBRID_v8_seed1_v4_real/step_records.csv","dissertation_formal_v4","8","1","HybridLLM","65","65","formal_low_v8_seed1_1_7","W_E","PROCEED"
"results/formal_experiment/dissertation_formal_v4/runs/seed1_v8/FE05_HYBRID_v8_seed1_v4_real/step_records.csv","dissertation_formal_v4","8","1","HybridLLM","66","66","formal_low_v8_seed1_1_6","E_W","PROCEED"
"results/formal_experiment/dissertation_formal_v4/runs/seed1_v8/FE05_HYBRID_v8_seed1_v4_real/step_records.csv","dissertation_formal_v4","8","1","HybridLLM","66","66","formal_low_v8_seed1_1_7","W_E","PROCEED"
"results/formal_experiment/dissertation_formal_v4/runs/seed1_v8/FE05_HYBRID_v8_seed1_v4_real/step_records.csv","dissertation_formal_v4","8","1","HybridLLM","67","67","formal_low_v8_seed1_1_6","E_W","PROCEED"
"results/formal_experiment/dissertation_formal_v4/runs/seed1_v8/FE05_HYBRID_v8_seed1_v4_real/step_records.csv","dissertation_formal_v4","8","1","HybridLLM","67","67","formal_low_v8_seed1_1_7","W_E","PROCEED"
"results/formal_experiment/dissertation_formal_v4/runs/seed1_v8/FE05_HYBRID_v8_seed1_v4_real/step_records.csv","dissertation_formal_v4","8","1","HybridLLM","68","68","formal_low_v8_seed1_1_6","E_W","PROCEED"
"results/formal_experiment/dissertation_formal_v4/runs/seed1_v8/FE05_HYBRID_v8_seed1_v4_real/step_records.csv","dissertation_formal_v4","8","1","HybridLLM","68","68","formal_low_v8_seed1_1_7","W_E","PROCEED"
"results/formal_experiment/dissertation_formal_v4/runs/seed1_v8/FE05_HYBRID_v8_seed1_v4_real/step_records.csv","dissertation_formal_v4","8","1","HybridLLM","69","69","formal_low_v8_seed1_1_6","E_W","PROCEED"
"results/formal_experiment/dissertation_formal_v4/runs/seed1_v8/FE05_HYBRID_v8_seed1_v4_real/step_records.csv","dissertation_formal_v4","8","1","HybridLLM","69","69","formal_low_v8_seed1_1_7","W_E","PROCEED"
"results/formal_experiment/dissertation_formal_v4/runs/seed1_v8/FE05_HYBRID_v8_seed1_v4_real/step_records.csv","dissertation_formal_v4","8","1","HybridLLM","70","70","formal_low_v8_seed1_1_6","E_W","PROCEED"
"results/formal_experiment/dissertation_formal_v4/runs/seed1_v8/FE05_HYBRID_v8_seed1_v4_real/step_records.csv","dissertation_formal_v4","8","1","HybridLLM","70","70","formal_low_v8_seed1_1_7","W_E","PROCEED"
"results/formal_experiment/dissertation_formal_v4/runs/seed1_v8/FE05_HYBRID_v8_seed1_v4_real/step_records.csv","dissertation_formal_v4","8","1","HybridLLM","71","71","formal_low_v8_seed1_1_6","E_W","PROCEED"
"results/formal_experiment/dissertation_formal_v4/runs/seed1_v8/FE05_HYBRID_v8_seed1_v4_real/step_records.csv","dissertation_formal_v4","8","1","HybridLLM","71","71","formal_low_v8_seed1_1_7","W_E","PROCEED"
"results/formal_experiment/dissertation_formal_v4/runs/seed1_v8/FE05_HYBRID_v8_seed1_v4_real/step_records.csv","dissertation_formal_v4","8","1","HybridLLM","72","72","formal_low_v8_seed1_1_6","E_W","PROCEED"
"results/formal_experiment/dissertation_formal_v4/runs/seed1_v8/FE05_HYBRID_v8_seed1_v4_real/step_records.csv","dissertation_formal_v4","8","1","HybridLLM","72","72","formal_low_v8_seed1_1_7","W_E","PROCEED"
"results/formal_experiment/dissertation_formal_v4/runs/seed1_v8/FE05_HYBRID_v8_seed1_v4_real/step_records.csv","dissertation_formal_v4","8","1","HybridLLM","73","73","formal_low_v8_seed1_1_6","E_W","PROCEED"
"results/formal_experiment/dissertation_formal_v4/runs/seed1_v8/FE05_HYBRID_v8_seed1_v4_real/step_records.csv","dissertation_formal_v4","8","1","HybridLLM","73","73","formal_low_v8_seed1_1_7","W_E","PROCEED"
"results/formal_experiment/dissertation_formal_v4/runs/seed1_v8/FE05_HYBRID_v8_seed1_v4_real/step_records.csv","dissertation_formal_v4","8","1","HybridLLM","74","74","formal_low_v8_seed1_1_6","E_W","PROCEED"
"results/formal_experiment/dissertation_formal_v4/runs/seed1_v8/FE05_HYBRID_v8_seed1_v4_real/step_records.csv","dissertation_formal_v4","8","1","HybridLLM","74","74","formal_low_v8_seed1_1_7","W_E","PROCEED"
"results/formal_experiment/dissertation_formal_v4/runs/seed1_v8/FE05_HYBRID_v8_seed1_v4_real/step_records.csv","dissertation_formal_v4","8","1","HybridLLM","75","75","formal_low_v8_seed1_1_6","E_W","PROCEED"
"results/formal_experiment/dissertation_formal_v4/runs/seed1_v8/FE05_HYBRID_v8_seed1_v4_real/step_records.csv","dissertation_formal_v4","8","1","HybridLLM","75","75","formal_low_v8_seed1_1_7","W_E","PROCEED"
"results/formal_experiment/dissertation_formal_v4/runs/seed1_v8/FE05_HYBRID_v8_seed1_v4_real/step_records.csv","dissertation_formal_v4","8","1","HybridLLM","76","76","formal_low_v8_seed1_1_6","E_W","PROCEED"
"results/formal_experiment/dissertation_formal_v4/runs/seed1_v8/FE05_HYBRID_v8_seed1_v4_real/step_records.csv","dissertation_formal_v4","8","1","HybridLLM","76","76","formal_low_v8_seed1_1_7","W_E","PROCEED"
"results/formal_experiment/dissertation_formal_v4/runs/seed1_v8/FE05_HYBRID_v8_seed1_v4_real/step_records.csv","dissertation_formal_v4","8","1","HybridLLM","77","77","formal_low_v8_seed1_1_6","E_W","PROCEED"
"results/formal_experiment/dissertation_formal_v4/runs/seed1_v8/FE05_HYBRID_v8_seed1_v4_real/step_records.csv","dissertation_formal_v4","8","1","HybridLLM","77","77","formal_low_v8_seed1_1_7","W_E","PROCEED"
"results/formal_experiment/dissertation_formal_v4/runs/seed1_v8/FE05_HYBRID_v8_seed1_v4_real/step_records.csv","dissertation_formal_v4","8","1","HybridLLM","78","78","formal_low_v8_seed1_1_6","E_W","PROCEED"
"results/formal_experiment/dissertation_formal_v4/runs/seed1_v8/FE05_HYBRID_v8_seed1_v4_real/step_records.csv","dissertation_formal_v4","8","1","HybridLLM","78","78","formal_low_v8_seed1_1_7","W_E","PROCEED"
"results/formal_experiment/dissertation_formal_v4/runs/seed1_v8/FE05_HYBRID_v8_seed1_v4_real/step_records.csv","dissertation_formal_v4","8","1","HybridLLM","79","79","formal_low_v8_seed1_1_6","E_W","PROCEED"
"results/formal_experiment/dissertation_formal_v4/runs/seed1_v8/FE05_HYBRID_v8_seed1_v4_real/step_records.csv","dissertation_formal_v4","8","1","HybridLLM","79","79","formal_low_v8_seed1_1_7","W_E","PROCEED"
"results/formal_experiment/dissertation_formal_v4/runs/seed1_v8/FE05_HYBRID_v8_seed1_v4_real/step_records.csv","dissertation_formal_v4","8","1","HybridLLM","80","80","formal_low_v8_seed1_1_6","E_W","PROCEED"
"results/formal_experiment/dissertation_formal_v4/runs/seed1_v8/FE05_HYBRID_v8_seed1_v4_real/step_records.csv","dissertation_formal_v4","8","1","HybridLLM","80","80","formal_low_v8_seed1_1_7","W_E","PROCEED"
"results/formal_experiment/dissertation_formal_v4/runs/seed1_v8/FE05_HYBRID_v8_seed1_v4_real/step_records.csv","dissertation_formal_v4","8","1","HybridLLM","81","81","formal_low_v8_seed1_1_6","E_W","PROCEED"
"results/formal_experiment/dissertation_formal_v4/runs/seed1_v8/FE05_HYBRID_v8_seed1_v4_real/step_records.csv","dissertation_formal_v4","8","1","HybridLLM","81","81","formal_low_v8_seed1_1_7","W_E","PROCEED"
"results/formal_experiment/dissertation_formal_v4/runs/seed1_v8/FE05_HYBRID_v8_seed1_v4_real/step_records.csv","dissertation_formal_v4","8","1","HybridLLM","82","82","formal_low_v8_seed1_1_6","E_W","PROCEED"
"results/formal_experiment/dissertation_formal_v4/runs/seed1_v8/FE05_HYBRID_v8_seed1_v4_real/step_records.csv","dissertation_formal_v4","8","1","HybridLLM","82","82","formal_low_v8_seed1_1_7","W_E","PROCEED"
"results/formal_experiment/dissertation_formal_v4/runs/seed1_v8/FE05_HYBRID_v8_seed1_v4_real/step_records.csv","dissertation_formal_v4","8","1","HybridLLM","83","83","formal_low_v8_seed1_1_6","E_W","PROCEED"
"results/formal_experiment/dissertation_formal_v4/runs/seed1_v8/FE05_HYBRID_v8_seed1_v4_real/step_records.csv","dissertation_formal_v4","8","1","HybridLLM","83","83","formal_low_v8_seed1_1_7","W_E","PROCEED"
"results/formal_experiment/dissertation_formal_v4/runs/seed1_v8/FE05_HYBRID_v8_seed1_v4_real/step_records.csv","dissertation_formal_v4","8","1","HybridLLM","84","84","formal_low_v8_seed1_1_6","E_W","PROCEED"
"results/formal_experiment/dissertation_formal_v4/runs/seed1_v8/FE05_HYBRID_v8_seed1_v4_real/step_records.csv","dissertation_formal_v4","8","1","HybridLLM","84","84","formal_low_v8_seed1_1_7","W_E","PROCEED"
"results/formal_experiment/dissertation_formal_v4/runs/seed1_v8/FE05_HYBRID_v8_seed1_v4_real/step_records.csv","dissertation_formal_v4","8","1","HybridLLM","85","85","formal_low_v8_seed1_1_6","E_W","PROCEED"
"results/formal_experiment/dissertation_formal_v4/runs/seed1_v8/FE05_HYBRID_v8_seed1_v4_real/step_records.csv","dissertation_formal_v4","8","1","HybridLLM","85","85","formal_low_v8_seed1_1_7","W_E","PROCEED"
"results/formal_experiment/dissertation_formal_v4/runs/seed1_v8/FE05_HYBRID_v8_seed1_v4_real/step_records.csv","dissertation_formal_v4","8","1","HybridLLM","86","86","formal_low_v8_seed1_1_6","E_W","PROCEED"
"results/formal_experiment/dissertation_formal_v4/runs/seed1_v8/FE05_HYBRID_v8_seed1_v4_real/step_records.csv","dissertation_formal_v4","8","1","HybridLLM","86","86","formal_low_v8_seed1_1_7","W_E","PROCEED"
"results/formal_experiment/dissertation_formal_v4/runs/seed1_v8/FE05_HYBRID_v8_seed1_v4_real/step_records.csv","dissertation_formal_v4","8","1","HybridLLM","87","87","formal_low_v8_seed1_1_6","E_W","PROCEED"
"results/formal_experiment/dissertation_formal_v4/runs/seed1_v8/FE05_HYBRID_v8_seed1_v4_real/step_records.csv","dissertation_formal_v4","8","1","HybridLLM","87","87","formal_low_v8_seed1_1_7","W_E","PROCEED"
"results/formal_experiment/dissertation_formal_v4/runs/seed1_v8/FE05_HYBRID_v8_seed1_v4_real/step_records.csv","dissertation_formal_v4","8","1","HybridLLM","88","88","formal_low_v8_seed1_1_6","E_W","PROCEED"
"results/formal_experiment/dissertation_formal_v4/runs/seed1_v8/FE05_HYBRID_v8_seed1_v4_real/step_records.csv","dissertation_formal_v4","8","1","HybridLLM","88","88","formal_low_v8_seed1_1_7","W_E","PROCEED"
"results/formal_experiment/dissertation_formal_v4/runs/seed1_v8/FE05_HYBRID_v8_seed1_v4_real/step_records.csv","dissertation_formal_v4","8","1","HybridLLM","89","89","formal_low_v8_seed1_1_6","E_W","PROCEED"
"results/formal_experiment/dissertation_formal_v4/runs/seed1_v8/FE05_HYBRID_v8_seed1_v4_real/step_records.csv","dissertation_formal_v4","8","1","HybridLLM","89","89","formal_low_v8_seed1_1_7","W_E","PROCEED"
"results/formal_experiment/dissertation_formal_v4/runs/seed1_v8/FE05_HYBRID_v8_seed1_v4_real/step_records.csv","dissertation_formal_v4","8","1","HybridLLM","90","90","formal_low_v8_seed1_1_6","E_W","PROCEED"
"results/formal_experiment/dissertation_formal_v4/runs/seed1_v8/FE05_HYBRID_v8_seed1_v4_real/step_records.csv","dissertation_formal_v4","8","1","HybridLLM","90","90","formal_low_v8_seed1_1_7","W_E","PROCEED"
"results/formal_experiment/dissertation_formal_v4/runs/seed1_v8/FE05_HYBRID_v8_seed1_v4_real/step_records.csv","dissertation_formal_v4","8","1","HybridLLM","91","91","formal_low_v8_seed1_1_6","E_W","PROCEED"
"results/formal_experiment/dissertation_formal_v4/runs/seed1_v8/FE05_HYBRID_v8_seed1_v4_real/step_records.csv","dissertation_formal_v4","8","1","HybridLLM","91","91","formal_low_v8_seed1_1_7","W_E","PROCEED"
"results/formal_experiment/dissertation_formal_v4/runs/seed1_v8/FE05_HYBRID_v8_seed1_v4_real/step_records.csv","dissertation_formal_v4","8","1","HybridLLM","92","92","formal_low_v8_seed1_1_6","E_W","PROCEED"
"results/formal_experiment/dissertation_formal_v4/runs/seed1_v8/FE05_HYBRID_v8_seed1_v4_real/step_records.csv","dissertation_formal_v4","8","1","HybridLLM","92","92","formal_low_v8_seed1_1_7","W_E","PROCEED"
"results/formal_experiment/dissertation_formal_v4/runs/seed1_v8/FE05_HYBRID_v8_seed1_v4_real/step_records.csv","dissertation_formal_v4","8","1","HybridLLM","93","93","formal_low_v8_seed1_1_6","E_W","PROCEED"
"results/formal_experiment/dissertation_formal_v4/runs/seed1_v8/FE05_HYBRID_v8_seed1_v4_real/step_records.csv","dissertation_formal_v4","8","1","HybridLLM","93","93","formal_low_v8_seed1_1_7","W_E","PROCEED"
"results/formal_experiment/dissertation_formal_v4/runs/seed1_v8/FE05_HYBRID_v8_seed1_v4_real/step_records.csv","dissertation_formal_v4","8","1","HybridLLM","94","94","formal_low_v8_seed1_1_6","E_W","PROCEED"
"results/formal_experiment/dissertation_formal_v4/runs/seed1_v8/FE05_HYBRID_v8_seed1_v4_real/step_records.csv","dissertation_formal_v4","8","1","HybridLLM","94","94","formal_low_v8_seed1_1_7","W_E","PROCEED"
"results/formal_experiment/dissertation_formal_v4/runs/seed1_v8/FE05_HYBRID_v8_seed1_v4_real/step_records.csv","dissertation_formal_v4","8","1","HybridLLM","95","95","formal_low_v8_seed1_1_6","E_W","PROCEED"
"results/formal_experiment/dissertation_formal_v4/runs/seed1_v8/FE05_HYBRID_v8_seed1_v4_real/step_records.csv","dissertation_formal_v4","8","1","HybridLLM","95","95","formal_low_v8_seed1_1_7","W_E","PROCEED"
"results/formal_experiment/dissertation_formal_v4/runs/seed1_v8/FE05_HYBRID_v8_seed1_v4_real/step_records.csv","dissertation_formal_v4","8","1","HybridLLM","96","96","formal_low_v8_seed1_1_6","E_W","PROCEED"
"results/formal_experiment/dissertation_formal_v4/runs/seed1_v8/FE05_HYBRID_v8_seed1_v4_real/step_records.csv","dissertation_formal_v4","8","1","HybridLLM","96","96","formal_low_v8_seed1_1_7","W_E","PROCEED"
"results/formal_experiment/dissertation_formal_v4/runs/seed1_v8/FE05_HYBRID_v8_seed1_v4_real/step_records.csv","dissertation_formal_v4","8","1","HybridLLM","97","97","formal_low_v8_seed1_1_6","E_W","FREE"
"results/formal_experiment/dissertation_formal_v4/runs/seed1_v8/FE05_HYBRID_v8_seed1_v4_real/step_records.csv","dissertation_formal_v4","8","1","HybridLLM","97","97","formal_low_v8_seed1_1_7","W_E","FREE"
"results/formal_experiment/dissertation_formal_v4/runs/seed1_v8/FE05_HYBRID_v8_seed1_v4_real/step_records.csv","dissertation_formal_v4","8","1","HybridLLM","98","98","formal_low_v8_seed1_1_6","E_W","FREE"
"results/formal_experiment/dissertation_formal_v4/runs/seed1_v8/FE05_HYBRID_v8_seed1_v4_real/step_records.csv","dissertation_formal_v4","8","1","HybridLLM","98","98","formal_low_v8_seed1_1_7","W_E","FREE"
"results/formal_experiment/dissertation_formal_v4/runs/seed1_v8/FE05_HYBRID_v8_seed1_v4_real/step_records.csv","dissertation_formal_v4","8","1","HybridLLM","99","99","formal_low_v8_seed1_1_6","E_W","FREE"
"results/formal_experiment/dissertation_formal_v4/runs/seed1_v8/FE05_HYBRID_v8_seed1_v4_real/step_records.csv","dissertation_formal_v4","8","1","HybridLLM","99","99","formal_low_v8_seed1_1_7","W_E","FREE"
"results/formal_experiment/dissertation_formal_v4/runs/seed1_v8/FE05_HYBRID_v8_seed1_v4_real/step_records.csv","dissertation_formal_v4","8","1","HybridLLM","100","100","formal_low_v8_seed1_1_6","E_W","FREE"
"results/formal_experiment/dissertation_formal_v4/runs/seed1_v8/FE05_HYBRID_v8_seed1_v4_real/step_records.csv","dissertation_formal_v4","8","1","HybridLLM","100","100","formal_low_v8_seed1_1_7","W_E","FREE"
"results/formal_experiment/dissertation_formal_v4/runs/seed1_v8/FE05_HYBRID_v8_seed1_v4_real/step_records.csv","dissertation_formal_v4","8","1","HybridLLM","101","101","formal_low_v8_seed1_1_6","E_W","FREE"
"results/formal_experiment/dissertation_formal_v4/runs/seed1_v8/FE05_HYBRID_v8_seed1_v4_real/step_records.csv","dissertation_formal_v4","8","1","HybridLLM","101","101","formal_low_v8_seed1_1_7","W_E","FREE"
"results/formal_experiment/dissertation_formal_v4/runs/seed1_v8/FE05_HYBRID_v8_seed1_v4_real/step_records.csv","dissertation_formal_v4","8","1","HybridLLM","102","102","formal_low_v8_seed1_1_6","E_W","FREE"
"results/formal_experiment/dissertation_formal_v4/runs/seed1_v8/FE05_HYBRID_v8_seed1_v4_real/step_records.csv","dissertation_formal_v4","8","1","HybridLLM","102","102","formal_low_v8_seed1_1_7","W_E","FREE"
"results/formal_experiment/dissertation_formal_v4/runs/seed1_v8/FE05_HYBRID_v8_seed1_v4_real/step_records.csv","dissertation_formal_v4","8","1","HybridLLM","103","103","formal_low_v8_seed1_1_6","E_W","FREE"
"results/formal_experiment/dissertation_formal_v4/runs/seed1_v8/FE05_HYBRID_v8_seed1_v4_real/step_records.csv","dissertation_formal_v4","8","1","HybridLLM","103","103","formal_low_v8_seed1_1_7","W_E","FREE"
"results/formal_experiment/dissertation_formal_v4/runs/seed1_v8/FE05_HYBRID_v8_seed1_v4_real/step_records.csv","dissertation_formal_v4","8","1","HybridLLM","104","104","formal_low_v8_seed1_1_7","W_E","FREE"
"results/formal_experiment/dissertation_formal_v4/runs/seed1_v8/FE05_HYBRID_v8_seed1_v4_real/step_records.csv","dissertation_formal_v4","8","1","HybridLLM","105","105","formal_low_v8_seed1_1_7","W_E","FREE"
"results/formal_experiment/dissertation_formal_v4/runs/seed1_v8/FE06_HYBRID_SAFETY_v8_seed1_v4_real/step_records.csv","dissertation_formal_v4","8","1","HybridLLMSafety","0","0","formal_low_v8_seed1_1_0","N_S","FREE"
"results/formal_experiment/dissertation_formal_v4/runs/seed1_v8/FE06_HYBRID_SAFETY_v8_seed1_v4_real/step_records.csv","dissertation_formal_v4","8","1","HybridLLMSafety","1","1","formal_low_v8_seed1_1_0","N_S","FREE"
"results/formal_experiment/dissertation_formal_v4/runs/seed1_v8/FE06_HYBRID_SAFETY_v8_seed1_v4_real/step_records.csv","dissertation_formal_v4","8","1","HybridLLMSafety","2","2","formal_low_v8_seed1_1_0","N_S","FREE"
"results/formal_experiment/dissertation_formal_v4/runs/seed1_v8/FE06_HYBRID_SAFETY_v8_seed1_v4_real/step_records.csv","dissertation_formal_v4","8","1","HybridLLMSafety","3","3","formal_low_v8_seed1_1_0","N_S","FREE"
"results/formal_experiment/dissertation_formal_v4/runs/seed1_v8/FE06_HYBRID_SAFETY_v8_seed1_v4_real/step_records.csv","dissertation_formal_v4","8","1","HybridLLMSafety","4","4","formal_low_v8_seed1_1_0","N_S","FREE"
"results/formal_experiment/dissertation_formal_v4/runs/seed1_v8/FE06_HYBRID_SAFETY_v8_seed1_v4_real/step_records.csv","dissertation_formal_v4","8","1","HybridLLMSafety","5","5","formal_low_v8_seed1_1_0","N_S","PROCEED"
"results/formal_experiment/dissertation_formal_v4/runs/seed1_v8/FE06_HYBRID_SAFETY_v8_seed1_v4_real/step_records.csv","dissertation_formal_v4","8","1","HybridLLMSafety","6","6","formal_low_v8_seed1_1_0","N_S","PROCEED"
"results/formal_experiment/dissertation_formal_v4/runs/seed1_v8/FE06_HYBRID_SAFETY_v8_seed1_v4_real/step_records.csv","dissertation_formal_v4","8","1","HybridLLMSafety","6","6","formal_low_v8_seed1_1_1","W_E","FREE"
"results/formal_experiment/dissertation_formal_v4/runs/seed1_v8/FE06_HYBRID_SAFETY_v8_seed1_v4_real/step_records.csv","dissertation_formal_v4","8","1","HybridLLMSafety","7","7","formal_low_v8_seed1_1_0","N_S","PROCEED"
"results/formal_experiment/dissertation_formal_v4/runs/seed1_v8/FE06_HYBRID_SAFETY_v8_seed1_v4_real/step_records.csv","dissertation_formal_v4","8","1","HybridLLMSafety","7","7","formal_low_v8_seed1_1_1","W_E","FREE"
"results/formal_experiment/dissertation_formal_v4/runs/seed1_v8/FE06_HYBRID_SAFETY_v8_seed1_v4_real/step_records.csv","dissertation_formal_v4","8","1","HybridLLMSafety","8","8","formal_low_v8_seed1_1_0","N_S","PROCEED"
"results/formal_experiment/dissertation_formal_v4/runs/seed1_v8/FE06_HYBRID_SAFETY_v8_seed1_v4_real/step_records.csv","dissertation_formal_v4","8","1","HybridLLMSafety","8","8","formal_low_v8_seed1_1_1","W_E","FREE"
"results/formal_experiment/dissertation_formal_v4/runs/seed1_v8/FE06_HYBRID_SAFETY_v8_seed1_v4_real/step_records.csv","dissertation_formal_v4","8","1","HybridLLMSafety","9","9","formal_low_v8_seed1_1_0","N_S","PROCEED"
"results/formal_experiment/dissertation_formal_v4/runs/seed1_v8/FE06_HYBRID_SAFETY_v8_seed1_v4_real/step_records.csv","dissertation_formal_v4","8","1","HybridLLMSafety","9","9","formal_low_v8_seed1_1_1","W_E","FREE"
"results/formal_experiment/dissertation_formal_v4/runs/seed1_v8/FE06_HYBRID_SAFETY_v8_seed1_v4_real/step_records.csv","dissertation_formal_v4","8","1","HybridLLMSafety","10","10","formal_low_v8_seed1_1_0","N_S","PROCEED"
"results/formal_experiment/dissertation_formal_v4/runs/seed1_v8/FE06_HYBRID_SAFETY_v8_seed1_v4_real/step_records.csv","dissertation_formal_v4","8","1","HybridLLMSafety","10","10","formal_low_v8_seed1_1_1","W_E","FREE"
"results/formal_experiment/dissertation_formal_v4/runs/seed1_v8/FE06_HYBRID_SAFETY_v8_seed1_v4_real/step_records.csv","dissertation_formal_v4","8","1","HybridLLMSafety","11","11","formal_low_v8_seed1_1_0","N_S","PROCEED"
"results/formal_experiment/dissertation_formal_v4/runs/seed1_v8/FE06_HYBRID_SAFETY_v8_seed1_v4_real/step_records.csv","dissertation_formal_v4","8","1","HybridLLMSafety","11","11","formal_low_v8_seed1_1_1","W_E","FREE"
"results/formal_experiment/dissertation_formal_v4/runs/seed1_v8/FE06_HYBRID_SAFETY_v8_seed1_v4_real/step_records.csv","dissertation_formal_v4","8","1","HybridLLMSafety","11","11","formal_low_v8_seed1_1_2","W_E","FREE"
"results/formal_experiment/dissertation_formal_v4/runs/seed1_v8/FE06_HYBRID_SAFETY_v8_seed1_v4_real/step_records.csv","dissertation_formal_v4","8","1","HybridLLMSafety","12","12","formal_low_v8_seed1_1_0","N_S","PROCEED"
"results/formal_experiment/dissertation_formal_v4/runs/seed1_v8/FE06_HYBRID_SAFETY_v8_seed1_v4_real/step_records.csv","dissertation_formal_v4","8","1","HybridLLMSafety","12","12","formal_low_v8_seed1_1_1","W_E","FREE"
"results/formal_experiment/dissertation_formal_v4/runs/seed1_v8/FE06_HYBRID_SAFETY_v8_seed1_v4_real/step_records.csv","dissertation_formal_v4","8","1","HybridLLMSafety","12","12","formal_low_v8_seed1_1_2","W_E","FREE"
"results/formal_experiment/dissertation_formal_v4/runs/seed1_v8/FE06_HYBRID_SAFETY_v8_seed1_v4_real/step_records.csv","dissertation_formal_v4","8","1","HybridLLMSafety","13","13","formal_low_v8_seed1_1_0","N_S","PROCEED"
"results/formal_experiment/dissertation_formal_v4/runs/seed1_v8/FE06_HYBRID_SAFETY_v8_seed1_v4_real/step_records.csv","dissertation_formal_v4","8","1","HybridLLMSafety","13","13","formal_low_v8_seed1_1_1","W_E","FREE"
"results/formal_experiment/dissertation_formal_v4/runs/seed1_v8/FE06_HYBRID_SAFETY_v8_seed1_v4_real/step_records.csv","dissertation_formal_v4","8","1","HybridLLMSafety","13","13","formal_low_v8_seed1_1_2","W_E","FREE"
"results/formal_experiment/dissertation_formal_v4/runs/seed1_v8/FE06_HYBRID_SAFETY_v8_seed1_v4_real/step_records.csv","dissertation_formal_v4","8","1","HybridLLMSafety","14","14","formal_low_v8_seed1_1_0","N_S","WAIT"
"results/formal_experiment/dissertation_formal_v4/runs/seed1_v8/FE06_HYBRID_SAFETY_v8_seed1_v4_real/step_records.csv","dissertation_formal_v4","8","1","HybridLLMSafety","14","14","formal_low_v8_seed1_1_1","W_E","PROCEED"
"results/formal_experiment/dissertation_formal_v4/runs/seed1_v8/FE06_HYBRID_SAFETY_v8_seed1_v4_real/step_records.csv","dissertation_formal_v4","8","1","HybridLLMSafety","14","14","formal_low_v8_seed1_1_2","W_E","FREE"
"results/formal_experiment/dissertation_formal_v4/runs/seed1_v8/FE06_HYBRID_SAFETY_v8_seed1_v4_real/step_records.csv","dissertation_formal_v4","8","1","HybridLLMSafety","15","15","formal_low_v8_seed1_1_0","N_S","WAIT"
"results/formal_experiment/dissertation_formal_v4/runs/seed1_v8/FE06_HYBRID_SAFETY_v8_seed1_v4_real/step_records.csv","dissertation_formal_v4","8","1","HybridLLMSafety","15","15","formal_low_v8_seed1_1_1","W_E","PROCEED"
"results/formal_experiment/dissertation_formal_v4/runs/seed1_v8/FE06_HYBRID_SAFETY_v8_seed1_v4_real/step_records.csv","dissertation_formal_v4","8","1","HybridLLMSafety","15","15","formal_low_v8_seed1_1_2","W_E","FREE"
"results/formal_experiment/dissertation_formal_v4/runs/seed1_v8/FE06_HYBRID_SAFETY_v8_seed1_v4_real/step_records.csv","dissertation_formal_v4","8","1","HybridLLMSafety","16","16","formal_low_v8_seed1_1_0","N_S","WAIT"
"results/formal_experiment/dissertation_formal_v4/runs/seed1_v8/FE06_HYBRID_SAFETY_v8_seed1_v4_real/step_records.csv","dissertation_formal_v4","8","1","HybridLLMSafety","16","16","formal_low_v8_seed1_1_1","W_E","PROCEED"
"results/formal_experiment/dissertation_formal_v4/runs/seed1_v8/FE06_HYBRID_SAFETY_v8_seed1_v4_real/step_records.csv","dissertation_formal_v4","8","1","HybridLLMSafety","16","16","formal_low_v8_seed1_1_2","W_E","FREE"
"results/formal_experiment/dissertation_formal_v4/runs/seed1_v8/FE06_HYBRID_SAFETY_v8_seed1_v4_real/step_records.csv","dissertation_formal_v4","8","1","HybridLLMSafety","17","17","formal_low_v8_seed1_1_0","N_S","WAIT"
"results/formal_experiment/dissertation_formal_v4/runs/seed1_v8/FE06_HYBRID_SAFETY_v8_seed1_v4_real/step_records.csv","dissertation_formal_v4","8","1","HybridLLMSafety","17","17","formal_low_v8_seed1_1_1","W_E","PROCEED"
"results/formal_experiment/dissertation_formal_v4/runs/seed1_v8/FE06_HYBRID_SAFETY_v8_seed1_v4_real/step_records.csv","dissertation_formal_v4","8","1","HybridLLMSafety","17","17","formal_low_v8_seed1_1_2","W_E","FREE"
"results/formal_experiment/dissertation_formal_v4/runs/seed1_v8/FE06_HYBRID_SAFETY_v8_seed1_v4_real/step_records.csv","dissertation_formal_v4","8","1","HybridLLMSafety","18","18","formal_low_v8_seed1_1_0","N_S","WAIT"
"results/formal_experiment/dissertation_formal_v4/runs/seed1_v8/FE06_HYBRID_SAFETY_v8_seed1_v4_real/step_records.csv","dissertation_formal_v4","8","1","HybridLLMSafety","18","18","formal_low_v8_seed1_1_1","W_E","PROCEED"
"results/formal_experiment/dissertation_formal_v4/runs/seed1_v8/FE06_HYBRID_SAFETY_v8_seed1_v4_real/step_records.csv","dissertation_formal_v4","8","1","HybridLLMSafety","18","18","formal_low_v8_seed1_1_2","W_E","PROCEED"
"results/formal_experiment/dissertation_formal_v4/runs/seed1_v8/FE06_HYBRID_SAFETY_v8_seed1_v4_real/step_records.csv","dissertation_formal_v4","8","1","HybridLLMSafety","19","19","formal_low_v8_seed1_1_0","N_S","WAIT"
"results/formal_experiment/dissertation_formal_v4/runs/seed1_v8/FE06_HYBRID_SAFETY_v8_seed1_v4_real/step_records.csv","dissertation_formal_v4","8","1","HybridLLMSafety","19","19","formal_low_v8_seed1_1_1","W_E","PROCEED"
"results/formal_experiment/dissertation_formal_v4/runs/seed1_v8/FE06_HYBRID_SAFETY_v8_seed1_v4_real/step_records.csv","dissertation_formal_v4","8","1","HybridLLMSafety","19","19","formal_low_v8_seed1_1_2","W_E","PROCEED"
"results/formal_experiment/dissertation_formal_v4/runs/seed1_v8/FE06_HYBRID_SAFETY_v8_seed1_v4_real/step_records.csv","dissertation_formal_v4","8","1","HybridLLMSafety","19","19","formal_low_v8_seed1_1_3","S_N","FREE"
"results/formal_experiment/dissertation_formal_v4/runs/seed1_v8/FE06_HYBRID_SAFETY_v8_seed1_v4_real/step_records.csv","dissertation_formal_v4","8","1","HybridLLMSafety","20","20","formal_low_v8_seed1_1_0","N_S","WAIT"
"results/formal_experiment/dissertation_formal_v4/runs/seed1_v8/FE06_HYBRID_SAFETY_v8_seed1_v4_real/step_records.csv","dissertation_formal_v4","8","1","HybridLLMSafety","20","20","formal_low_v8_seed1_1_1","W_E","PROCEED"
"results/formal_experiment/dissertation_formal_v4/runs/seed1_v8/FE06_HYBRID_SAFETY_v8_seed1_v4_real/step_records.csv","dissertation_formal_v4","8","1","HybridLLMSafety","20","20","formal_low_v8_seed1_1_2","W_E","PROCEED"
"results/formal_experiment/dissertation_formal_v4/runs/seed1_v8/FE06_HYBRID_SAFETY_v8_seed1_v4_real/step_records.csv","dissertation_formal_v4","8","1","HybridLLMSafety","20","20","formal_low_v8_seed1_1_3","S_N","FREE"
"results/formal_experiment/dissertation_formal_v4/runs/seed1_v8/FE06_HYBRID_SAFETY_v8_seed1_v4_real/step_records.csv","dissertation_formal_v4","8","1","HybridLLMSafety","21","21","formal_low_v8_seed1_1_0","N_S","WAIT"
"results/formal_experiment/dissertation_formal_v4/runs/seed1_v8/FE06_HYBRID_SAFETY_v8_seed1_v4_real/step_records.csv","dissertation_formal_v4","8","1","HybridLLMSafety","21","21","formal_low_v8_seed1_1_1","W_E","FREE"
"results/formal_experiment/dissertation_formal_v4/runs/seed1_v8/FE06_HYBRID_SAFETY_v8_seed1_v4_real/step_records.csv","dissertation_formal_v4","8","1","HybridLLMSafety","21","21","formal_low_v8_seed1_1_2","W_E","PROCEED"
"results/formal_experiment/dissertation_formal_v4/runs/seed1_v8/FE06_HYBRID_SAFETY_v8_seed1_v4_real/step_records.csv","dissertation_formal_v4","8","1","HybridLLMSafety","21","21","formal_low_v8_seed1_1_3","S_N","FREE"
"results/formal_experiment/dissertation_formal_v4/runs/seed1_v8/FE06_HYBRID_SAFETY_v8_seed1_v4_real/step_records.csv","dissertation_formal_v4","8","1","HybridLLMSafety","22","22","formal_low_v8_seed1_1_0","N_S","WAIT"
"results/formal_experiment/dissertation_formal_v4/runs/seed1_v8/FE06_HYBRID_SAFETY_v8_seed1_v4_real/step_records.csv","dissertation_formal_v4","8","1","HybridLLMSafety","22","22","formal_low_v8_seed1_1_1","W_E","FREE"
"results/formal_experiment/dissertation_formal_v4/runs/seed1_v8/FE06_HYBRID_SAFETY_v8_seed1_v4_real/step_records.csv","dissertation_formal_v4","8","1","HybridLLMSafety","22","22","formal_low_v8_seed1_1_2","W_E","PROCEED"
"results/formal_experiment/dissertation_formal_v4/runs/seed1_v8/FE06_HYBRID_SAFETY_v8_seed1_v4_real/step_records.csv","dissertation_formal_v4","8","1","HybridLLMSafety","22","22","formal_low_v8_seed1_1_3","S_N","FREE"
"results/formal_experiment/dissertation_formal_v4/runs/seed1_v8/FE06_HYBRID_SAFETY_v8_seed1_v4_real/step_records.csv","dissertation_formal_v4","8","1","HybridLLMSafety","23","23","formal_low_v8_seed1_1_0","N_S","WAIT"
"results/formal_experiment/dissertation_formal_v4/runs/seed1_v8/FE06_HYBRID_SAFETY_v8_seed1_v4_real/step_records.csv","dissertation_formal_v4","8","1","HybridLLMSafety","23","23","formal_low_v8_seed1_1_1","W_E","FREE"
"results/formal_experiment/dissertation_formal_v4/runs/seed1_v8/FE06_HYBRID_SAFETY_v8_seed1_v4_real/step_records.csv","dissertation_formal_v4","8","1","HybridLLMSafety","23","23","formal_low_v8_seed1_1_2","W_E","PROCEED"
"results/formal_experiment/dissertation_formal_v4/runs/seed1_v8/FE06_HYBRID_SAFETY_v8_seed1_v4_real/step_records.csv","dissertation_formal_v4","8","1","HybridLLMSafety","23","23","formal_low_v8_seed1_1_3","S_N","FREE"
"results/formal_experiment/dissertation_formal_v4/runs/seed1_v8/FE06_HYBRID_SAFETY_v8_seed1_v4_real/step_records.csv","dissertation_formal_v4","8","1","HybridLLMSafety","24","24","formal_low_v8_seed1_1_0","N_S","WAIT"
"results/formal_experiment/dissertation_formal_v4/runs/seed1_v8/FE06_HYBRID_SAFETY_v8_seed1_v4_real/step_records.csv","dissertation_formal_v4","8","1","HybridLLMSafety","24","24","formal_low_v8_seed1_1_1","W_E","FREE"
"results/formal_experiment/dissertation_formal_v4/runs/seed1_v8/FE06_HYBRID_SAFETY_v8_seed1_v4_real/step_records.csv","dissertation_formal_v4","8","1","HybridLLMSafety","24","24","formal_low_v8_seed1_1_2","W_E","PROCEED"
"results/formal_experiment/dissertation_formal_v4/runs/seed1_v8/FE06_HYBRID_SAFETY_v8_seed1_v4_real/step_records.csv","dissertation_formal_v4","8","1","HybridLLMSafety","24","24","formal_low_v8_seed1_1_3","S_N","WAIT"
"results/formal_experiment/dissertation_formal_v4/runs/seed1_v8/FE06_HYBRID_SAFETY_v8_seed1_v4_real/step_records.csv","dissertation_formal_v4","8","1","HybridLLMSafety","24","24","formal_low_v8_seed1_1_4","S_N","FREE"
"results/formal_experiment/dissertation_formal_v4/runs/seed1_v8/FE06_HYBRID_SAFETY_v8_seed1_v4_real/step_records.csv","dissertation_formal_v4","8","1","HybridLLMSafety","25","25","formal_low_v8_seed1_1_0","N_S","PROCEED"
"results/formal_experiment/dissertation_formal_v4/runs/seed1_v8/FE06_HYBRID_SAFETY_v8_seed1_v4_real/step_records.csv","dissertation_formal_v4","8","1","HybridLLMSafety","25","25","formal_low_v8_seed1_1_1","W_E","FREE"
"results/formal_experiment/dissertation_formal_v4/runs/seed1_v8/FE06_HYBRID_SAFETY_v8_seed1_v4_real/step_records.csv","dissertation_formal_v4","8","1","HybridLLMSafety","25","25","formal_low_v8_seed1_1_2","W_E","FREE"
"results/formal_experiment/dissertation_formal_v4/runs/seed1_v8/FE06_HYBRID_SAFETY_v8_seed1_v4_real/step_records.csv","dissertation_formal_v4","8","1","HybridLLMSafety","25","25","formal_low_v8_seed1_1_3","S_N","PROCEED"
"results/formal_experiment/dissertation_formal_v4/runs/seed1_v8/FE06_HYBRID_SAFETY_v8_seed1_v4_real/step_records.csv","dissertation_formal_v4","8","1","HybridLLMSafety","25","25","formal_low_v8_seed1_1_4","S_N","FREE"
"results/formal_experiment/dissertation_formal_v4/runs/seed1_v8/FE06_HYBRID_SAFETY_v8_seed1_v4_real/step_records.csv","dissertation_formal_v4","8","1","HybridLLMSafety","26","26","formal_low_v8_seed1_1_0","N_S","PROCEED"
"results/formal_experiment/dissertation_formal_v4/runs/seed1_v8/FE06_HYBRID_SAFETY_v8_seed1_v4_real/step_records.csv","dissertation_formal_v4","8","1","HybridLLMSafety","26","26","formal_low_v8_seed1_1_1","W_E","FREE"
"results/formal_experiment/dissertation_formal_v4/runs/seed1_v8/FE06_HYBRID_SAFETY_v8_seed1_v4_real/step_records.csv","dissertation_formal_v4","8","1","HybridLLMSafety","26","26","formal_low_v8_seed1_1_2","W_E","FREE"
"results/formal_experiment/dissertation_formal_v4/runs/seed1_v8/FE06_HYBRID_SAFETY_v8_seed1_v4_real/step_records.csv","dissertation_formal_v4","8","1","HybridLLMSafety","26","26","formal_low_v8_seed1_1_3","S_N","PROCEED"
"results/formal_experiment/dissertation_formal_v4/runs/seed1_v8/FE06_HYBRID_SAFETY_v8_seed1_v4_real/step_records.csv","dissertation_formal_v4","8","1","HybridLLMSafety","26","26","formal_low_v8_seed1_1_4","S_N","FREE"
"results/formal_experiment/dissertation_formal_v4/runs/seed1_v8/FE06_HYBRID_SAFETY_v8_seed1_v4_real/step_records.csv","dissertation_formal_v4","8","1","HybridLLMSafety","27","27","formal_low_v8_seed1_1_0","N_S","PROCEED"
"results/formal_experiment/dissertation_formal_v4/runs/seed1_v8/FE06_HYBRID_SAFETY_v8_seed1_v4_real/step_records.csv","dissertation_formal_v4","8","1","HybridLLMSafety","27","27","formal_low_v8_seed1_1_1","W_E","FREE"
"results/formal_experiment/dissertation_formal_v4/runs/seed1_v8/FE06_HYBRID_SAFETY_v8_seed1_v4_real/step_records.csv","dissertation_formal_v4","8","1","HybridLLMSafety","27","27","formal_low_v8_seed1_1_2","W_E","FREE"
"results/formal_experiment/dissertation_formal_v4/runs/seed1_v8/FE06_HYBRID_SAFETY_v8_seed1_v4_real/step_records.csv","dissertation_formal_v4","8","1","HybridLLMSafety","27","27","formal_low_v8_seed1_1_3","S_N","PROCEED"
"results/formal_experiment/dissertation_formal_v4/runs/seed1_v8/FE06_HYBRID_SAFETY_v8_seed1_v4_real/step_records.csv","dissertation_formal_v4","8","1","HybridLLMSafety","27","27","formal_low_v8_seed1_1_4","S_N","FREE"
"results/formal_experiment/dissertation_formal_v4/runs/seed1_v8/FE06_HYBRID_SAFETY_v8_seed1_v4_real/step_records.csv","dissertation_formal_v4","8","1","HybridLLMSafety","28","28","formal_low_v8_seed1_1_0","N_S","PROCEED"
"results/formal_experiment/dissertation_formal_v4/runs/seed1_v8/FE06_HYBRID_SAFETY_v8_seed1_v4_real/step_records.csv","dissertation_formal_v4","8","1","HybridLLMSafety","28","28","formal_low_v8_seed1_1_1","W_E","FREE"
"results/formal_experiment/dissertation_formal_v4/runs/seed1_v8/FE06_HYBRID_SAFETY_v8_seed1_v4_real/step_records.csv","dissertation_formal_v4","8","1","HybridLLMSafety","28","28","formal_low_v8_seed1_1_2","W_E","FREE"
"results/formal_experiment/dissertation_formal_v4/runs/seed1_v8/FE06_HYBRID_SAFETY_v8_seed1_v4_real/step_records.csv","dissertation_formal_v4","8","1","HybridLLMSafety","28","28","formal_low_v8_seed1_1_3","S_N","PROCEED"
"results/formal_experiment/dissertation_formal_v4/runs/seed1_v8/FE06_HYBRID_SAFETY_v8_seed1_v4_real/step_records.csv","dissertation_formal_v4","8","1","HybridLLMSafety","28","28","formal_low_v8_seed1_1_4","S_N","FREE"
"results/formal_experiment/dissertation_formal_v4/runs/seed1_v8/FE06_HYBRID_SAFETY_v8_seed1_v4_real/step_records.csv","dissertation_formal_v4","8","1","HybridLLMSafety","29","29","formal_low_v8_seed1_1_0","N_S","PROCEED"
"results/formal_experiment/dissertation_formal_v4/runs/seed1_v8/FE06_HYBRID_SAFETY_v8_seed1_v4_real/step_records.csv","dissertation_formal_v4","8","1","HybridLLMSafety","29","29","formal_low_v8_seed1_1_2","W_E","FREE"
"results/formal_experiment/dissertation_formal_v4/runs/seed1_v8/FE06_HYBRID_SAFETY_v8_seed1_v4_real/step_records.csv","dissertation_formal_v4","8","1","HybridLLMSafety","29","29","formal_low_v8_seed1_1_3","S_N","PROCEED"
"results/formal_experiment/dissertation_formal_v4/runs/seed1_v8/FE06_HYBRID_SAFETY_v8_seed1_v4_real/step_records.csv","dissertation_formal_v4","8","1","HybridLLMSafety","29","29","formal_low_v8_seed1_1_4","S_N","PROCEED"
"results/formal_experiment/dissertation_formal_v4/runs/seed1_v8/FE06_HYBRID_SAFETY_v8_seed1_v4_real/step_records.csv","dissertation_formal_v4","8","1","HybridLLMSafety","30","30","formal_low_v8_seed1_1_0","N_S","PROCEED"
"results/formal_experiment/dissertation_formal_v4/runs/seed1_v8/FE06_HYBRID_SAFETY_v8_seed1_v4_real/step_records.csv","dissertation_formal_v4","8","1","HybridLLMSafety","30","30","formal_low_v8_seed1_1_2","W_E","FREE"
"results/formal_experiment/dissertation_formal_v4/runs/seed1_v8/FE06_HYBRID_SAFETY_v8_seed1_v4_real/step_records.csv","dissertation_formal_v4","8","1","HybridLLMSafety","30","30","formal_low_v8_seed1_1_3","S_N","PROCEED"
"results/formal_experiment/dissertation_formal_v4/runs/seed1_v8/FE06_HYBRID_SAFETY_v8_seed1_v4_real/step_records.csv","dissertation_formal_v4","8","1","HybridLLMSafety","30","30","formal_low_v8_seed1_1_4","S_N","PROCEED"
"results/formal_experiment/dissertation_formal_v4/runs/seed1_v8/FE06_HYBRID_SAFETY_v8_seed1_v4_real/step_records.csv","dissertation_formal_v4","8","1","HybridLLMSafety","31","31","formal_low_v8_seed1_1_0","N_S","PROCEED"
"results/formal_experiment/dissertation_formal_v4/runs/seed1_v8/FE06_HYBRID_SAFETY_v8_seed1_v4_real/step_records.csv","dissertation_formal_v4","8","1","HybridLLMSafety","31","31","formal_low_v8_seed1_1_2","W_E","FREE"
"results/formal_experiment/dissertation_formal_v4/runs/seed1_v8/FE06_HYBRID_SAFETY_v8_seed1_v4_real/step_records.csv","dissertation_formal_v4","8","1","HybridLLMSafety","31","31","formal_low_v8_seed1_1_3","S_N","PROCEED"
"results/formal_experiment/dissertation_formal_v4/runs/seed1_v8/FE06_HYBRID_SAFETY_v8_seed1_v4_real/step_records.csv","dissertation_formal_v4","8","1","HybridLLMSafety","31","31","formal_low_v8_seed1_1_4","S_N","PROCEED"
"results/formal_experiment/dissertation_formal_v4/runs/seed1_v8/FE06_HYBRID_SAFETY_v8_seed1_v4_real/step_records.csv","dissertation_formal_v4","8","1","HybridLLMSafety","32","32","formal_low_v8_seed1_1_0","N_S","PROCEED"
"results/formal_experiment/dissertation_formal_v4/runs/seed1_v8/FE06_HYBRID_SAFETY_v8_seed1_v4_real/step_records.csv","dissertation_formal_v4","8","1","HybridLLMSafety","32","32","formal_low_v8_seed1_1_2","W_E","FREE"
"results/formal_experiment/dissertation_formal_v4/runs/seed1_v8/FE06_HYBRID_SAFETY_v8_seed1_v4_real/step_records.csv","dissertation_formal_v4","8","1","HybridLLMSafety","32","32","formal_low_v8_seed1_1_3","S_N","PROCEED"
"results/formal_experiment/dissertation_formal_v4/runs/seed1_v8/FE06_HYBRID_SAFETY_v8_seed1_v4_real/step_records.csv","dissertation_formal_v4","8","1","HybridLLMSafety","32","32","formal_low_v8_seed1_1_4","S_N","PROCEED"
"results/formal_experiment/dissertation_formal_v4/runs/seed1_v8/FE06_HYBRID_SAFETY_v8_seed1_v4_real/step_records.csv","dissertation_formal_v4","8","1","HybridLLMSafety","33","33","formal_low_v8_seed1_1_0","N_S","PROCEED"
"results/formal_experiment/dissertation_formal_v4/runs/seed1_v8/FE06_HYBRID_SAFETY_v8_seed1_v4_real/step_records.csv","dissertation_formal_v4","8","1","HybridLLMSafety","33","33","formal_low_v8_seed1_1_3","S_N","PROCEED"
"results/formal_experiment/dissertation_formal_v4/runs/seed1_v8/FE06_HYBRID_SAFETY_v8_seed1_v4_real/step_records.csv","dissertation_formal_v4","8","1","HybridLLMSafety","33","33","formal_low_v8_seed1_1_4","S_N","PROCEED"
"results/formal_experiment/dissertation_formal_v4/runs/seed1_v8/FE06_HYBRID_SAFETY_v8_seed1_v4_real/step_records.csv","dissertation_formal_v4","8","1","HybridLLMSafety","34","34","formal_low_v8_seed1_1_0","N_S","PROCEED"
"results/formal_experiment/dissertation_formal_v4/runs/seed1_v8/FE06_HYBRID_SAFETY_v8_seed1_v4_real/step_records.csv","dissertation_formal_v4","8","1","HybridLLMSafety","34","34","formal_low_v8_seed1_1_3","S_N","PROCEED"
"results/formal_experiment/dissertation_formal_v4/runs/seed1_v8/FE06_HYBRID_SAFETY_v8_seed1_v4_real/step_records.csv","dissertation_formal_v4","8","1","HybridLLMSafety","34","34","formal_low_v8_seed1_1_4","S_N","PROCEED"
"results/formal_experiment/dissertation_formal_v4/runs/seed1_v8/FE06_HYBRID_SAFETY_v8_seed1_v4_real/step_records.csv","dissertation_formal_v4","8","1","HybridLLMSafety","35","35","formal_low_v8_seed1_1_0","N_S","PROCEED"
"results/formal_experiment/dissertation_formal_v4/runs/seed1_v8/FE06_HYBRID_SAFETY_v8_seed1_v4_real/step_records.csv","dissertation_formal_v4","8","1","HybridLLMSafety","35","35","formal_low_v8_seed1_1_3","S_N","PROCEED"
"results/formal_experiment/dissertation_formal_v4/runs/seed1_v8/FE06_HYBRID_SAFETY_v8_seed1_v4_real/step_records.csv","dissertation_formal_v4","8","1","HybridLLMSafety","35","35","formal_low_v8_seed1_1_4","S_N","PROCEED"
"results/formal_experiment/dissertation_formal_v4/runs/seed1_v8/FE06_HYBRID_SAFETY_v8_seed1_v4_real/step_records.csv","dissertation_formal_v4","8","1","HybridLLMSafety","35","35","formal_low_v8_seed1_1_5","S_N","FREE"
"results/formal_experiment/dissertation_formal_v4/runs/seed1_v8/FE06_HYBRID_SAFETY_v8_seed1_v4_real/step_records.csv","dissertation_formal_v4","8","1","HybridLLMSafety","36","36","formal_low_v8_seed1_1_0","N_S","PROCEED"
"results/formal_experiment/dissertation_formal_v4/runs/seed1_v8/FE06_HYBRID_SAFETY_v8_seed1_v4_real/step_records.csv","dissertation_formal_v4","8","1","HybridLLMSafety","36","36","formal_low_v8_seed1_1_3","S_N","PROCEED"
"results/formal_experiment/dissertation_formal_v4/runs/seed1_v8/FE06_HYBRID_SAFETY_v8_seed1_v4_real/step_records.csv","dissertation_formal_v4","8","1","HybridLLMSafety","36","36","formal_low_v8_seed1_1_4","S_N","PROCEED"
"results/formal_experiment/dissertation_formal_v4/runs/seed1_v8/FE06_HYBRID_SAFETY_v8_seed1_v4_real/step_records.csv","dissertation_formal_v4","8","1","HybridLLMSafety","36","36","formal_low_v8_seed1_1_5","S_N","FREE"
"results/formal_experiment/dissertation_formal_v4/runs/seed1_v8/FE06_HYBRID_SAFETY_v8_seed1_v4_real/step_records.csv","dissertation_formal_v4","8","1","HybridLLMSafety","37","37","formal_low_v8_seed1_1_0","N_S","PROCEED"
"results/formal_experiment/dissertation_formal_v4/runs/seed1_v8/FE06_HYBRID_SAFETY_v8_seed1_v4_real/step_records.csv","dissertation_formal_v4","8","1","HybridLLMSafety","37","37","formal_low_v8_seed1_1_3","S_N","PROCEED"
"results/formal_experiment/dissertation_formal_v4/runs/seed1_v8/FE06_HYBRID_SAFETY_v8_seed1_v4_real/step_records.csv","dissertation_formal_v4","8","1","HybridLLMSafety","37","37","formal_low_v8_seed1_1_4","S_N","PROCEED"
"results/formal_experiment/dissertation_formal_v4/runs/seed1_v8/FE06_HYBRID_SAFETY_v8_seed1_v4_real/step_records.csv","dissertation_formal_v4","8","1","HybridLLMSafety","37","37","formal_low_v8_seed1_1_5","S_N","FREE"
"results/formal_experiment/dissertation_formal_v4/runs/seed1_v8/FE06_HYBRID_SAFETY_v8_seed1_v4_real/step_records.csv","dissertation_formal_v4","8","1","HybridLLMSafety","38","38","formal_low_v8_seed1_1_0","N_S","PROCEED"
"results/formal_experiment/dissertation_formal_v4/runs/seed1_v8/FE06_HYBRID_SAFETY_v8_seed1_v4_real/step_records.csv","dissertation_formal_v4","8","1","HybridLLMSafety","38","38","formal_low_v8_seed1_1_3","S_N","PROCEED"
"results/formal_experiment/dissertation_formal_v4/runs/seed1_v8/FE06_HYBRID_SAFETY_v8_seed1_v4_real/step_records.csv","dissertation_formal_v4","8","1","HybridLLMSafety","38","38","formal_low_v8_seed1_1_4","S_N","PROCEED"
"results/formal_experiment/dissertation_formal_v4/runs/seed1_v8/FE06_HYBRID_SAFETY_v8_seed1_v4_real/step_records.csv","dissertation_formal_v4","8","1","HybridLLMSafety","38","38","formal_low_v8_seed1_1_5","S_N","FREE"
"results/formal_experiment/dissertation_formal_v4/runs/seed1_v8/FE06_HYBRID_SAFETY_v8_seed1_v4_real/step_records.csv","dissertation_formal_v4","8","1","HybridLLMSafety","39","39","formal_low_v8_seed1_1_0","N_S","PROCEED"
"results/formal_experiment/dissertation_formal_v4/runs/seed1_v8/FE06_HYBRID_SAFETY_v8_seed1_v4_real/step_records.csv","dissertation_formal_v4","8","1","HybridLLMSafety","39","39","formal_low_v8_seed1_1_3","S_N","PROCEED"
"results/formal_experiment/dissertation_formal_v4/runs/seed1_v8/FE06_HYBRID_SAFETY_v8_seed1_v4_real/step_records.csv","dissertation_formal_v4","8","1","HybridLLMSafety","39","39","formal_low_v8_seed1_1_4","S_N","PROCEED"
"results/formal_experiment/dissertation_formal_v4/runs/seed1_v8/FE06_HYBRID_SAFETY_v8_seed1_v4_real/step_records.csv","dissertation_formal_v4","8","1","HybridLLMSafety","39","39","formal_low_v8_seed1_1_5","S_N","FREE"
"results/formal_experiment/dissertation_formal_v4/runs/seed1_v8/FE06_HYBRID_SAFETY_v8_seed1_v4_real/step_records.csv","dissertation_formal_v4","8","1","HybridLLMSafety","40","40","formal_low_v8_seed1_1_0","N_S","PROCEED"
"results/formal_experiment/dissertation_formal_v4/runs/seed1_v8/FE06_HYBRID_SAFETY_v8_seed1_v4_real/step_records.csv","dissertation_formal_v4","8","1","HybridLLMSafety","40","40","formal_low_v8_seed1_1_3","S_N","PROCEED"
"results/formal_experiment/dissertation_formal_v4/runs/seed1_v8/FE06_HYBRID_SAFETY_v8_seed1_v4_real/step_records.csv","dissertation_formal_v4","8","1","HybridLLMSafety","40","40","formal_low_v8_seed1_1_4","S_N","PROCEED"
"results/formal_experiment/dissertation_formal_v4/runs/seed1_v8/FE06_HYBRID_SAFETY_v8_seed1_v4_real/step_records.csv","dissertation_formal_v4","8","1","HybridLLMSafety","40","40","formal_low_v8_seed1_1_5","S_N","FREE"
"results/formal_experiment/dissertation_formal_v4/runs/seed1_v8/FE06_HYBRID_SAFETY_v8_seed1_v4_real/step_records.csv","dissertation_formal_v4","8","1","HybridLLMSafety","41","41","formal_low_v8_seed1_1_0","N_S","PROCEED"
"results/formal_experiment/dissertation_formal_v4/runs/seed1_v8/FE06_HYBRID_SAFETY_v8_seed1_v4_real/step_records.csv","dissertation_formal_v4","8","1","HybridLLMSafety","41","41","formal_low_v8_seed1_1_3","S_N","PROCEED"
"results/formal_experiment/dissertation_formal_v4/runs/seed1_v8/FE06_HYBRID_SAFETY_v8_seed1_v4_real/step_records.csv","dissertation_formal_v4","8","1","HybridLLMSafety","41","41","formal_low_v8_seed1_1_4","S_N","PROCEED"
"results/formal_experiment/dissertation_formal_v4/runs/seed1_v8/FE06_HYBRID_SAFETY_v8_seed1_v4_real/step_records.csv","dissertation_formal_v4","8","1","HybridLLMSafety","41","41","formal_low_v8_seed1_1_5","S_N","FREE"
"results/formal_experiment/dissertation_formal_v4/runs/seed1_v8/FE06_HYBRID_SAFETY_v8_seed1_v4_real/step_records.csv","dissertation_formal_v4","8","1","HybridLLMSafety","42","42","formal_low_v8_seed1_1_0","N_S","PROCEED"
"results/formal_experiment/dissertation_formal_v4/runs/seed1_v8/FE06_HYBRID_SAFETY_v8_seed1_v4_real/step_records.csv","dissertation_formal_v4","8","1","HybridLLMSafety","42","42","formal_low_v8_seed1_1_3","S_N","PROCEED"
"results/formal_experiment/dissertation_formal_v4/runs/seed1_v8/FE06_HYBRID_SAFETY_v8_seed1_v4_real/step_records.csv","dissertation_formal_v4","8","1","HybridLLMSafety","42","42","formal_low_v8_seed1_1_4","S_N","PROCEED"
"results/formal_experiment/dissertation_formal_v4/runs/seed1_v8/FE06_HYBRID_SAFETY_v8_seed1_v4_real/step_records.csv","dissertation_formal_v4","8","1","HybridLLMSafety","42","42","formal_low_v8_seed1_1_5","S_N","FREE"
"results/formal_experiment/dissertation_formal_v4/runs/seed1_v8/FE06_HYBRID_SAFETY_v8_seed1_v4_real/step_records.csv","dissertation_formal_v4","8","1","HybridLLMSafety","43","43","formal_low_v8_seed1_1_0","N_S","PROCEED"
"results/formal_experiment/dissertation_formal_v4/runs/seed1_v8/FE06_HYBRID_SAFETY_v8_seed1_v4_real/step_records.csv","dissertation_formal_v4","8","1","HybridLLMSafety","43","43","formal_low_v8_seed1_1_3","S_N","PROCEED"
"results/formal_experiment/dissertation_formal_v4/runs/seed1_v8/FE06_HYBRID_SAFETY_v8_seed1_v4_real/step_records.csv","dissertation_formal_v4","8","1","HybridLLMSafety","43","43","formal_low_v8_seed1_1_4","S_N","PROCEED"
"results/formal_experiment/dissertation_formal_v4/runs/seed1_v8/FE06_HYBRID_SAFETY_v8_seed1_v4_real/step_records.csv","dissertation_formal_v4","8","1","HybridLLMSafety","43","43","formal_low_v8_seed1_1_5","S_N","FREE"
"results/formal_experiment/dissertation_formal_v4/runs/seed1_v8/FE06_HYBRID_SAFETY_v8_seed1_v4_real/step_records.csv","dissertation_formal_v4","8","1","HybridLLMSafety","44","44","formal_low_v8_seed1_1_0","N_S","PROCEED"
"results/formal_experiment/dissertation_formal_v4/runs/seed1_v8/FE06_HYBRID_SAFETY_v8_seed1_v4_real/step_records.csv","dissertation_formal_v4","8","1","HybridLLMSafety","44","44","formal_low_v8_seed1_1_3","S_N","PROCEED"
"results/formal_experiment/dissertation_formal_v4/runs/seed1_v8/FE06_HYBRID_SAFETY_v8_seed1_v4_real/step_records.csv","dissertation_formal_v4","8","1","HybridLLMSafety","44","44","formal_low_v8_seed1_1_4","S_N","PROCEED"
"results/formal_experiment/dissertation_formal_v4/runs/seed1_v8/FE06_HYBRID_SAFETY_v8_seed1_v4_real/step_records.csv","dissertation_formal_v4","8","1","HybridLLMSafety","44","44","formal_low_v8_seed1_1_5","S_N","PROCEED"
"results/formal_experiment/dissertation_formal_v4/runs/seed1_v8/FE06_HYBRID_SAFETY_v8_seed1_v4_real/step_records.csv","dissertation_formal_v4","8","1","HybridLLMSafety","45","45","formal_low_v8_seed1_1_0","N_S","PROCEED"
"results/formal_experiment/dissertation_formal_v4/runs/seed1_v8/FE06_HYBRID_SAFETY_v8_seed1_v4_real/step_records.csv","dissertation_formal_v4","8","1","HybridLLMSafety","45","45","formal_low_v8_seed1_1_3","S_N","PROCEED"
"results/formal_experiment/dissertation_formal_v4/runs/seed1_v8/FE06_HYBRID_SAFETY_v8_seed1_v4_real/step_records.csv","dissertation_formal_v4","8","1","HybridLLMSafety","45","45","formal_low_v8_seed1_1_4","S_N","PROCEED"
"results/formal_experiment/dissertation_formal_v4/runs/seed1_v8/FE06_HYBRID_SAFETY_v8_seed1_v4_real/step_records.csv","dissertation_formal_v4","8","1","HybridLLMSafety","45","45","formal_low_v8_seed1_1_5","S_N","PROCEED"
"results/formal_experiment/dissertation_formal_v4/runs/seed1_v8/FE06_HYBRID_SAFETY_v8_seed1_v4_real/step_records.csv","dissertation_formal_v4","8","1","HybridLLMSafety","46","46","formal_low_v8_seed1_1_0","N_S","PROCEED"
"results/formal_experiment/dissertation_formal_v4/runs/seed1_v8/FE06_HYBRID_SAFETY_v8_seed1_v4_real/step_records.csv","dissertation_formal_v4","8","1","HybridLLMSafety","46","46","formal_low_v8_seed1_1_3","S_N","PROCEED"
"results/formal_experiment/dissertation_formal_v4/runs/seed1_v8/FE06_HYBRID_SAFETY_v8_seed1_v4_real/step_records.csv","dissertation_formal_v4","8","1","HybridLLMSafety","46","46","formal_low_v8_seed1_1_4","S_N","PROCEED"
"results/formal_experiment/dissertation_formal_v4/runs/seed1_v8/FE06_HYBRID_SAFETY_v8_seed1_v4_real/step_records.csv","dissertation_formal_v4","8","1","HybridLLMSafety","46","46","formal_low_v8_seed1_1_5","S_N","PROCEED"
"results/formal_experiment/dissertation_formal_v4/runs/seed1_v8/FE06_HYBRID_SAFETY_v8_seed1_v4_real/step_records.csv","dissertation_formal_v4","8","1","HybridLLMSafety","46","46","formal_low_v8_seed1_1_6","E_W","FREE"
"results/formal_experiment/dissertation_formal_v4/runs/seed1_v8/FE06_HYBRID_SAFETY_v8_seed1_v4_real/step_records.csv","dissertation_formal_v4","8","1","HybridLLMSafety","47","47","formal_low_v8_seed1_1_0","N_S","PROCEED"
"results/formal_experiment/dissertation_formal_v4/runs/seed1_v8/FE06_HYBRID_SAFETY_v8_seed1_v4_real/step_records.csv","dissertation_formal_v4","8","1","HybridLLMSafety","47","47","formal_low_v8_seed1_1_3","S_N","PROCEED"
"results/formal_experiment/dissertation_formal_v4/runs/seed1_v8/FE06_HYBRID_SAFETY_v8_seed1_v4_real/step_records.csv","dissertation_formal_v4","8","1","HybridLLMSafety","47","47","formal_low_v8_seed1_1_4","S_N","PROCEED"
"results/formal_experiment/dissertation_formal_v4/runs/seed1_v8/FE06_HYBRID_SAFETY_v8_seed1_v4_real/step_records.csv","dissertation_formal_v4","8","1","HybridLLMSafety","47","47","formal_low_v8_seed1_1_5","S_N","PROCEED"
"results/formal_experiment/dissertation_formal_v4/runs/seed1_v8/FE06_HYBRID_SAFETY_v8_seed1_v4_real/step_records.csv","dissertation_formal_v4","8","1","HybridLLMSafety","47","47","formal_low_v8_seed1_1_6","E_W","FREE"
"results/formal_experiment/dissertation_formal_v4/runs/seed1_v8/FE06_HYBRID_SAFETY_v8_seed1_v4_real/step_records.csv","dissertation_formal_v4","8","1","HybridLLMSafety","48","48","formal_low_v8_seed1_1_0","N_S","FREE"
"results/formal_experiment/dissertation_formal_v4/runs/seed1_v8/FE06_HYBRID_SAFETY_v8_seed1_v4_real/step_records.csv","dissertation_formal_v4","8","1","HybridLLMSafety","48","48","formal_low_v8_seed1_1_3","S_N","PROCEED"
"results/formal_experiment/dissertation_formal_v4/runs/seed1_v8/FE06_HYBRID_SAFETY_v8_seed1_v4_real/step_records.csv","dissertation_formal_v4","8","1","HybridLLMSafety","48","48","formal_low_v8_seed1_1_4","S_N","FREE"
"results/formal_experiment/dissertation_formal_v4/runs/seed1_v8/FE06_HYBRID_SAFETY_v8_seed1_v4_real/step_records.csv","dissertation_formal_v4","8","1","HybridLLMSafety","48","48","formal_low_v8_seed1_1_5","S_N","PROCEED"
"results/formal_experiment/dissertation_formal_v4/runs/seed1_v8/FE06_HYBRID_SAFETY_v8_seed1_v4_real/step_records.csv","dissertation_formal_v4","8","1","HybridLLMSafety","48","48","formal_low_v8_seed1_1_6","E_W","FREE"
"results/formal_experiment/dissertation_formal_v4/runs/seed1_v8/FE06_HYBRID_SAFETY_v8_seed1_v4_real/step_records.csv","dissertation_formal_v4","8","1","HybridLLMSafety","49","49","formal_low_v8_seed1_1_0","N_S","FREE"
"results/formal_experiment/dissertation_formal_v4/runs/seed1_v8/FE06_HYBRID_SAFETY_v8_seed1_v4_real/step_records.csv","dissertation_formal_v4","8","1","HybridLLMSafety","49","49","formal_low_v8_seed1_1_3","S_N","FREE"
"results/formal_experiment/dissertation_formal_v4/runs/seed1_v8/FE06_HYBRID_SAFETY_v8_seed1_v4_real/step_records.csv","dissertation_formal_v4","8","1","HybridLLMSafety","49","49","formal_low_v8_seed1_1_4","S_N","FREE"
"results/formal_experiment/dissertation_formal_v4/runs/seed1_v8/FE06_HYBRID_SAFETY_v8_seed1_v4_real/step_records.csv","dissertation_formal_v4","8","1","HybridLLMSafety","49","49","formal_low_v8_seed1_1_5","S_N","PROCEED"
"results/formal_experiment/dissertation_formal_v4/runs/seed1_v8/FE06_HYBRID_SAFETY_v8_seed1_v4_real/step_records.csv","dissertation_formal_v4","8","1","HybridLLMSafety","49","49","formal_low_v8_seed1_1_6","E_W","FREE"
"results/formal_experiment/dissertation_formal_v4/runs/seed1_v8/FE06_HYBRID_SAFETY_v8_seed1_v4_real/step_records.csv","dissertation_formal_v4","8","1","HybridLLMSafety","50","50","formal_low_v8_seed1_1_0","N_S","FREE"
"results/formal_experiment/dissertation_formal_v4/runs/seed1_v8/FE06_HYBRID_SAFETY_v8_seed1_v4_real/step_records.csv","dissertation_formal_v4","8","1","HybridLLMSafety","50","50","formal_low_v8_seed1_1_3","S_N","FREE"
"results/formal_experiment/dissertation_formal_v4/runs/seed1_v8/FE06_HYBRID_SAFETY_v8_seed1_v4_real/step_records.csv","dissertation_formal_v4","8","1","HybridLLMSafety","50","50","formal_low_v8_seed1_1_4","S_N","FREE"
"results/formal_experiment/dissertation_formal_v4/runs/seed1_v8/FE06_HYBRID_SAFETY_v8_seed1_v4_real/step_records.csv","dissertation_formal_v4","8","1","HybridLLMSafety","50","50","formal_low_v8_seed1_1_5","S_N","PROCEED"
"results/formal_experiment/dissertation_formal_v4/runs/seed1_v8/FE06_HYBRID_SAFETY_v8_seed1_v4_real/step_records.csv","dissertation_formal_v4","8","1","HybridLLMSafety","50","50","formal_low_v8_seed1_1_6","E_W","FREE"
"results/formal_experiment/dissertation_formal_v4/runs/seed1_v8/FE06_HYBRID_SAFETY_v8_seed1_v4_real/step_records.csv","dissertation_formal_v4","8","1","HybridLLMSafety","51","51","formal_low_v8_seed1_1_0","N_S","FREE"
"results/formal_experiment/dissertation_formal_v4/runs/seed1_v8/FE06_HYBRID_SAFETY_v8_seed1_v4_real/step_records.csv","dissertation_formal_v4","8","1","HybridLLMSafety","51","51","formal_low_v8_seed1_1_3","S_N","FREE"
"results/formal_experiment/dissertation_formal_v4/runs/seed1_v8/FE06_HYBRID_SAFETY_v8_seed1_v4_real/step_records.csv","dissertation_formal_v4","8","1","HybridLLMSafety","51","51","formal_low_v8_seed1_1_4","S_N","FREE"
"results/formal_experiment/dissertation_formal_v4/runs/seed1_v8/FE06_HYBRID_SAFETY_v8_seed1_v4_real/step_records.csv","dissertation_formal_v4","8","1","HybridLLMSafety","51","51","formal_low_v8_seed1_1_5","S_N","PROCEED"
"results/formal_experiment/dissertation_formal_v4/runs/seed1_v8/FE06_HYBRID_SAFETY_v8_seed1_v4_real/step_records.csv","dissertation_formal_v4","8","1","HybridLLMSafety","51","51","formal_low_v8_seed1_1_6","E_W","FREE"
"results/formal_experiment/dissertation_formal_v4/runs/seed1_v8/FE06_HYBRID_SAFETY_v8_seed1_v4_real/step_records.csv","dissertation_formal_v4","8","1","HybridLLMSafety","52","52","formal_low_v8_seed1_1_0","N_S","FREE"
"results/formal_experiment/dissertation_formal_v4/runs/seed1_v8/FE06_HYBRID_SAFETY_v8_seed1_v4_real/step_records.csv","dissertation_formal_v4","8","1","HybridLLMSafety","52","52","formal_low_v8_seed1_1_3","S_N","FREE"
"results/formal_experiment/dissertation_formal_v4/runs/seed1_v8/FE06_HYBRID_SAFETY_v8_seed1_v4_real/step_records.csv","dissertation_formal_v4","8","1","HybridLLMSafety","52","52","formal_low_v8_seed1_1_4","S_N","FREE"
"results/formal_experiment/dissertation_formal_v4/runs/seed1_v8/FE06_HYBRID_SAFETY_v8_seed1_v4_real/step_records.csv","dissertation_formal_v4","8","1","HybridLLMSafety","52","52","formal_low_v8_seed1_1_5","S_N","FREE"
"results/formal_experiment/dissertation_formal_v4/runs/seed1_v8/FE06_HYBRID_SAFETY_v8_seed1_v4_real/step_records.csv","dissertation_formal_v4","8","1","HybridLLMSafety","52","52","formal_low_v8_seed1_1_6","E_W","FREE"
"results/formal_experiment/dissertation_formal_v4/runs/seed1_v8/FE06_HYBRID_SAFETY_v8_seed1_v4_real/step_records.csv","dissertation_formal_v4","8","1","HybridLLMSafety","53","53","formal_low_v8_seed1_1_5","S_N","FREE"
"results/formal_experiment/dissertation_formal_v4/runs/seed1_v8/FE06_HYBRID_SAFETY_v8_seed1_v4_real/step_records.csv","dissertation_formal_v4","8","1","HybridLLMSafety","53","53","formal_low_v8_seed1_1_6","E_W","FREE"
"results/formal_experiment/dissertation_formal_v4/runs/seed1_v8/FE06_HYBRID_SAFETY_v8_seed1_v4_real/step_records.csv","dissertation_formal_v4","8","1","HybridLLMSafety","54","54","formal_low_v8_seed1_1_5","S_N","FREE"
"results/formal_experiment/dissertation_formal_v4/runs/seed1_v8/FE06_HYBRID_SAFETY_v8_seed1_v4_real/step_records.csv","dissertation_formal_v4","8","1","HybridLLMSafety","54","54","formal_low_v8_seed1_1_6","E_W","PROCEED"
"results/formal_experiment/dissertation_formal_v4/runs/seed1_v8/FE06_HYBRID_SAFETY_v8_seed1_v4_real/step_records.csv","dissertation_formal_v4","8","1","HybridLLMSafety","55","55","formal_low_v8_seed1_1_5","S_N","FREE"
"results/formal_experiment/dissertation_formal_v4/runs/seed1_v8/FE06_HYBRID_SAFETY_v8_seed1_v4_real/step_records.csv","dissertation_formal_v4","8","1","HybridLLMSafety","55","55","formal_low_v8_seed1_1_6","E_W","PROCEED"
"results/formal_experiment/dissertation_formal_v4/runs/seed1_v8/FE06_HYBRID_SAFETY_v8_seed1_v4_real/step_records.csv","dissertation_formal_v4","8","1","HybridLLMSafety","56","56","formal_low_v8_seed1_1_5","S_N","FREE"
"results/formal_experiment/dissertation_formal_v4/runs/seed1_v8/FE06_HYBRID_SAFETY_v8_seed1_v4_real/step_records.csv","dissertation_formal_v4","8","1","HybridLLMSafety","56","56","formal_low_v8_seed1_1_6","E_W","PROCEED"
"results/formal_experiment/dissertation_formal_v4/runs/seed1_v8/FE06_HYBRID_SAFETY_v8_seed1_v4_real/step_records.csv","dissertation_formal_v4","8","1","HybridLLMSafety","57","57","formal_low_v8_seed1_1_6","E_W","PROCEED"
"results/formal_experiment/dissertation_formal_v4/runs/seed1_v8/FE06_HYBRID_SAFETY_v8_seed1_v4_real/step_records.csv","dissertation_formal_v4","8","1","HybridLLMSafety","57","57","formal_low_v8_seed1_1_7","W_E","FREE"
"results/formal_experiment/dissertation_formal_v4/runs/seed1_v8/FE06_HYBRID_SAFETY_v8_seed1_v4_real/step_records.csv","dissertation_formal_v4","8","1","HybridLLMSafety","58","58","formal_low_v8_seed1_1_6","E_W","PROCEED"
"results/formal_experiment/dissertation_formal_v4/runs/seed1_v8/FE06_HYBRID_SAFETY_v8_seed1_v4_real/step_records.csv","dissertation_formal_v4","8","1","HybridLLMSafety","58","58","formal_low_v8_seed1_1_7","W_E","FREE"
"results/formal_experiment/dissertation_formal_v4/runs/seed1_v8/FE06_HYBRID_SAFETY_v8_seed1_v4_real/step_records.csv","dissertation_formal_v4","8","1","HybridLLMSafety","59","59","formal_low_v8_seed1_1_6","E_W","PROCEED"
"results/formal_experiment/dissertation_formal_v4/runs/seed1_v8/FE06_HYBRID_SAFETY_v8_seed1_v4_real/step_records.csv","dissertation_formal_v4","8","1","HybridLLMSafety","59","59","formal_low_v8_seed1_1_7","W_E","FREE"
"results/formal_experiment/dissertation_formal_v4/runs/seed1_v8/FE06_HYBRID_SAFETY_v8_seed1_v4_real/step_records.csv","dissertation_formal_v4","8","1","HybridLLMSafety","60","60","formal_low_v8_seed1_1_6","E_W","PROCEED"
"results/formal_experiment/dissertation_formal_v4/runs/seed1_v8/FE06_HYBRID_SAFETY_v8_seed1_v4_real/step_records.csv","dissertation_formal_v4","8","1","HybridLLMSafety","60","60","formal_low_v8_seed1_1_7","W_E","FREE"
"results/formal_experiment/dissertation_formal_v4/runs/seed1_v8/FE06_HYBRID_SAFETY_v8_seed1_v4_real/step_records.csv","dissertation_formal_v4","8","1","HybridLLMSafety","61","61","formal_low_v8_seed1_1_6","E_W","PROCEED"
"results/formal_experiment/dissertation_formal_v4/runs/seed1_v8/FE06_HYBRID_SAFETY_v8_seed1_v4_real/step_records.csv","dissertation_formal_v4","8","1","HybridLLMSafety","61","61","formal_low_v8_seed1_1_7","W_E","FREE"
"results/formal_experiment/dissertation_formal_v4/runs/seed1_v8/FE06_HYBRID_SAFETY_v8_seed1_v4_real/step_records.csv","dissertation_formal_v4","8","1","HybridLLMSafety","62","62","formal_low_v8_seed1_1_6","E_W","PROCEED"
"results/formal_experiment/dissertation_formal_v4/runs/seed1_v8/FE06_HYBRID_SAFETY_v8_seed1_v4_real/step_records.csv","dissertation_formal_v4","8","1","HybridLLMSafety","62","62","formal_low_v8_seed1_1_7","W_E","FREE"
"results/formal_experiment/dissertation_formal_v4/runs/seed1_v8/FE06_HYBRID_SAFETY_v8_seed1_v4_real/step_records.csv","dissertation_formal_v4","8","1","HybridLLMSafety","63","63","formal_low_v8_seed1_1_6","E_W","PROCEED"
"results/formal_experiment/dissertation_formal_v4/runs/seed1_v8/FE06_HYBRID_SAFETY_v8_seed1_v4_real/step_records.csv","dissertation_formal_v4","8","1","HybridLLMSafety","63","63","formal_low_v8_seed1_1_7","W_E","FREE"
"results/formal_experiment/dissertation_formal_v4/runs/seed1_v8/FE06_HYBRID_SAFETY_v8_seed1_v4_real/step_records.csv","dissertation_formal_v4","8","1","HybridLLMSafety","64","64","formal_low_v8_seed1_1_6","E_W","PROCEED"
"results/formal_experiment/dissertation_formal_v4/runs/seed1_v8/FE06_HYBRID_SAFETY_v8_seed1_v4_real/step_records.csv","dissertation_formal_v4","8","1","HybridLLMSafety","64","64","formal_low_v8_seed1_1_7","W_E","FREE"
"results/formal_experiment/dissertation_formal_v4/runs/seed1_v8/FE06_HYBRID_SAFETY_v8_seed1_v4_real/step_records.csv","dissertation_formal_v4","8","1","HybridLLMSafety","65","65","formal_low_v8_seed1_1_6","E_W","PROCEED"
"results/formal_experiment/dissertation_formal_v4/runs/seed1_v8/FE06_HYBRID_SAFETY_v8_seed1_v4_real/step_records.csv","dissertation_formal_v4","8","1","HybridLLMSafety","65","65","formal_low_v8_seed1_1_7","W_E","PROCEED"
"results/formal_experiment/dissertation_formal_v4/runs/seed1_v8/FE06_HYBRID_SAFETY_v8_seed1_v4_real/step_records.csv","dissertation_formal_v4","8","1","HybridLLMSafety","66","66","formal_low_v8_seed1_1_6","E_W","PROCEED"
"results/formal_experiment/dissertation_formal_v4/runs/seed1_v8/FE06_HYBRID_SAFETY_v8_seed1_v4_real/step_records.csv","dissertation_formal_v4","8","1","HybridLLMSafety","66","66","formal_low_v8_seed1_1_7","W_E","PROCEED"
"results/formal_experiment/dissertation_formal_v4/runs/seed1_v8/FE06_HYBRID_SAFETY_v8_seed1_v4_real/step_records.csv","dissertation_formal_v4","8","1","HybridLLMSafety","67","67","formal_low_v8_seed1_1_6","E_W","PROCEED"
"results/formal_experiment/dissertation_formal_v4/runs/seed1_v8/FE06_HYBRID_SAFETY_v8_seed1_v4_real/step_records.csv","dissertation_formal_v4","8","1","HybridLLMSafety","67","67","formal_low_v8_seed1_1_7","W_E","PROCEED"
"results/formal_experiment/dissertation_formal_v4/runs/seed1_v8/FE06_HYBRID_SAFETY_v8_seed1_v4_real/step_records.csv","dissertation_formal_v4","8","1","HybridLLMSafety","68","68","formal_low_v8_seed1_1_6","E_W","PROCEED"
"results/formal_experiment/dissertation_formal_v4/runs/seed1_v8/FE06_HYBRID_SAFETY_v8_seed1_v4_real/step_records.csv","dissertation_formal_v4","8","1","HybridLLMSafety","68","68","formal_low_v8_seed1_1_7","W_E","PROCEED"
"results/formal_experiment/dissertation_formal_v4/runs/seed1_v8/FE06_HYBRID_SAFETY_v8_seed1_v4_real/step_records.csv","dissertation_formal_v4","8","1","HybridLLMSafety","69","69","formal_low_v8_seed1_1_6","E_W","PROCEED"
"results/formal_experiment/dissertation_formal_v4/runs/seed1_v8/FE06_HYBRID_SAFETY_v8_seed1_v4_real/step_records.csv","dissertation_formal_v4","8","1","HybridLLMSafety","69","69","formal_low_v8_seed1_1_7","W_E","PROCEED"
"results/formal_experiment/dissertation_formal_v4/runs/seed1_v8/FE06_HYBRID_SAFETY_v8_seed1_v4_real/step_records.csv","dissertation_formal_v4","8","1","HybridLLMSafety","70","70","formal_low_v8_seed1_1_6","E_W","PROCEED"
"results/formal_experiment/dissertation_formal_v4/runs/seed1_v8/FE06_HYBRID_SAFETY_v8_seed1_v4_real/step_records.csv","dissertation_formal_v4","8","1","HybridLLMSafety","70","70","formal_low_v8_seed1_1_7","W_E","PROCEED"
"results/formal_experiment/dissertation_formal_v4/runs/seed1_v8/FE06_HYBRID_SAFETY_v8_seed1_v4_real/step_records.csv","dissertation_formal_v4","8","1","HybridLLMSafety","71","71","formal_low_v8_seed1_1_6","E_W","PROCEED"
"results/formal_experiment/dissertation_formal_v4/runs/seed1_v8/FE06_HYBRID_SAFETY_v8_seed1_v4_real/step_records.csv","dissertation_formal_v4","8","1","HybridLLMSafety","71","71","formal_low_v8_seed1_1_7","W_E","PROCEED"
"results/formal_experiment/dissertation_formal_v4/runs/seed1_v8/FE06_HYBRID_SAFETY_v8_seed1_v4_real/step_records.csv","dissertation_formal_v4","8","1","HybridLLMSafety","72","72","formal_low_v8_seed1_1_6","E_W","PROCEED"
"results/formal_experiment/dissertation_formal_v4/runs/seed1_v8/FE06_HYBRID_SAFETY_v8_seed1_v4_real/step_records.csv","dissertation_formal_v4","8","1","HybridLLMSafety","72","72","formal_low_v8_seed1_1_7","W_E","PROCEED"
"results/formal_experiment/dissertation_formal_v4/runs/seed1_v8/FE06_HYBRID_SAFETY_v8_seed1_v4_real/step_records.csv","dissertation_formal_v4","8","1","HybridLLMSafety","73","73","formal_low_v8_seed1_1_6","E_W","PROCEED"
"results/formal_experiment/dissertation_formal_v4/runs/seed1_v8/FE06_HYBRID_SAFETY_v8_seed1_v4_real/step_records.csv","dissertation_formal_v4","8","1","HybridLLMSafety","73","73","formal_low_v8_seed1_1_7","W_E","PROCEED"
"results/formal_experiment/dissertation_formal_v4/runs/seed1_v8/FE06_HYBRID_SAFETY_v8_seed1_v4_real/step_records.csv","dissertation_formal_v4","8","1","HybridLLMSafety","74","74","formal_low_v8_seed1_1_6","E_W","PROCEED"
"results/formal_experiment/dissertation_formal_v4/runs/seed1_v8/FE06_HYBRID_SAFETY_v8_seed1_v4_real/step_records.csv","dissertation_formal_v4","8","1","HybridLLMSafety","74","74","formal_low_v8_seed1_1_7","W_E","PROCEED"
"results/formal_experiment/dissertation_formal_v4/runs/seed1_v8/FE06_HYBRID_SAFETY_v8_seed1_v4_real/step_records.csv","dissertation_formal_v4","8","1","HybridLLMSafety","75","75","formal_low_v8_seed1_1_6","E_W","PROCEED"
"results/formal_experiment/dissertation_formal_v4/runs/seed1_v8/FE06_HYBRID_SAFETY_v8_seed1_v4_real/step_records.csv","dissertation_formal_v4","8","1","HybridLLMSafety","75","75","formal_low_v8_seed1_1_7","W_E","PROCEED"
"results/formal_experiment/dissertation_formal_v4/runs/seed1_v8/FE06_HYBRID_SAFETY_v8_seed1_v4_real/step_records.csv","dissertation_formal_v4","8","1","HybridLLMSafety","76","76","formal_low_v8_seed1_1_6","E_W","PROCEED"
"results/formal_experiment/dissertation_formal_v4/runs/seed1_v8/FE06_HYBRID_SAFETY_v8_seed1_v4_real/step_records.csv","dissertation_formal_v4","8","1","HybridLLMSafety","76","76","formal_low_v8_seed1_1_7","W_E","PROCEED"
"results/formal_experiment/dissertation_formal_v4/runs/seed1_v8/FE06_HYBRID_SAFETY_v8_seed1_v4_real/step_records.csv","dissertation_formal_v4","8","1","HybridLLMSafety","77","77","formal_low_v8_seed1_1_6","E_W","PROCEED"
"results/formal_experiment/dissertation_formal_v4/runs/seed1_v8/FE06_HYBRID_SAFETY_v8_seed1_v4_real/step_records.csv","dissertation_formal_v4","8","1","HybridLLMSafety","77","77","formal_low_v8_seed1_1_7","W_E","PROCEED"
"results/formal_experiment/dissertation_formal_v4/runs/seed1_v8/FE06_HYBRID_SAFETY_v8_seed1_v4_real/step_records.csv","dissertation_formal_v4","8","1","HybridLLMSafety","78","78","formal_low_v8_seed1_1_6","E_W","PROCEED"
"results/formal_experiment/dissertation_formal_v4/runs/seed1_v8/FE06_HYBRID_SAFETY_v8_seed1_v4_real/step_records.csv","dissertation_formal_v4","8","1","HybridLLMSafety","78","78","formal_low_v8_seed1_1_7","W_E","PROCEED"
"results/formal_experiment/dissertation_formal_v4/runs/seed1_v8/FE06_HYBRID_SAFETY_v8_seed1_v4_real/step_records.csv","dissertation_formal_v4","8","1","HybridLLMSafety","79","79","formal_low_v8_seed1_1_6","E_W","PROCEED"
"results/formal_experiment/dissertation_formal_v4/runs/seed1_v8/FE06_HYBRID_SAFETY_v8_seed1_v4_real/step_records.csv","dissertation_formal_v4","8","1","HybridLLMSafety","79","79","formal_low_v8_seed1_1_7","W_E","PROCEED"
"results/formal_experiment/dissertation_formal_v4/runs/seed1_v8/FE06_HYBRID_SAFETY_v8_seed1_v4_real/step_records.csv","dissertation_formal_v4","8","1","HybridLLMSafety","80","80","formal_low_v8_seed1_1_6","E_W","PROCEED"
"results/formal_experiment/dissertation_formal_v4/runs/seed1_v8/FE06_HYBRID_SAFETY_v8_seed1_v4_real/step_records.csv","dissertation_formal_v4","8","1","HybridLLMSafety","80","80","formal_low_v8_seed1_1_7","W_E","PROCEED"
"results/formal_experiment/dissertation_formal_v4/runs/seed1_v8/FE06_HYBRID_SAFETY_v8_seed1_v4_real/step_records.csv","dissertation_formal_v4","8","1","HybridLLMSafety","81","81","formal_low_v8_seed1_1_6","E_W","PROCEED"
"results/formal_experiment/dissertation_formal_v4/runs/seed1_v8/FE06_HYBRID_SAFETY_v8_seed1_v4_real/step_records.csv","dissertation_formal_v4","8","1","HybridLLMSafety","81","81","formal_low_v8_seed1_1_7","W_E","PROCEED"
"results/formal_experiment/dissertation_formal_v4/runs/seed1_v8/FE06_HYBRID_SAFETY_v8_seed1_v4_real/step_records.csv","dissertation_formal_v4","8","1","HybridLLMSafety","82","82","formal_low_v8_seed1_1_6","E_W","PROCEED"
"results/formal_experiment/dissertation_formal_v4/runs/seed1_v8/FE06_HYBRID_SAFETY_v8_seed1_v4_real/step_records.csv","dissertation_formal_v4","8","1","HybridLLMSafety","82","82","formal_low_v8_seed1_1_7","W_E","PROCEED"
"results/formal_experiment/dissertation_formal_v4/runs/seed1_v8/FE06_HYBRID_SAFETY_v8_seed1_v4_real/step_records.csv","dissertation_formal_v4","8","1","HybridLLMSafety","83","83","formal_low_v8_seed1_1_6","E_W","PROCEED"
"results/formal_experiment/dissertation_formal_v4/runs/seed1_v8/FE06_HYBRID_SAFETY_v8_seed1_v4_real/step_records.csv","dissertation_formal_v4","8","1","HybridLLMSafety","83","83","formal_low_v8_seed1_1_7","W_E","PROCEED"
"results/formal_experiment/dissertation_formal_v4/runs/seed1_v8/FE06_HYBRID_SAFETY_v8_seed1_v4_real/step_records.csv","dissertation_formal_v4","8","1","HybridLLMSafety","84","84","formal_low_v8_seed1_1_6","E_W","PROCEED"
"results/formal_experiment/dissertation_formal_v4/runs/seed1_v8/FE06_HYBRID_SAFETY_v8_seed1_v4_real/step_records.csv","dissertation_formal_v4","8","1","HybridLLMSafety","84","84","formal_low_v8_seed1_1_7","W_E","PROCEED"
"results/formal_experiment/dissertation_formal_v4/runs/seed1_v8/FE06_HYBRID_SAFETY_v8_seed1_v4_real/step_records.csv","dissertation_formal_v4","8","1","HybridLLMSafety","85","85","formal_low_v8_seed1_1_6","E_W","PROCEED"
"results/formal_experiment/dissertation_formal_v4/runs/seed1_v8/FE06_HYBRID_SAFETY_v8_seed1_v4_real/step_records.csv","dissertation_formal_v4","8","1","HybridLLMSafety","85","85","formal_low_v8_seed1_1_7","W_E","PROCEED"
"results/formal_experiment/dissertation_formal_v4/runs/seed1_v8/FE06_HYBRID_SAFETY_v8_seed1_v4_real/step_records.csv","dissertation_formal_v4","8","1","HybridLLMSafety","86","86","formal_low_v8_seed1_1_6","E_W","PROCEED"
"results/formal_experiment/dissertation_formal_v4/runs/seed1_v8/FE06_HYBRID_SAFETY_v8_seed1_v4_real/step_records.csv","dissertation_formal_v4","8","1","HybridLLMSafety","86","86","formal_low_v8_seed1_1_7","W_E","PROCEED"
"results/formal_experiment/dissertation_formal_v4/runs/seed1_v8/FE06_HYBRID_SAFETY_v8_seed1_v4_real/step_records.csv","dissertation_formal_v4","8","1","HybridLLMSafety","87","87","formal_low_v8_seed1_1_6","E_W","PROCEED"
"results/formal_experiment/dissertation_formal_v4/runs/seed1_v8/FE06_HYBRID_SAFETY_v8_seed1_v4_real/step_records.csv","dissertation_formal_v4","8","1","HybridLLMSafety","87","87","formal_low_v8_seed1_1_7","W_E","PROCEED"
"results/formal_experiment/dissertation_formal_v4/runs/seed1_v8/FE06_HYBRID_SAFETY_v8_seed1_v4_real/step_records.csv","dissertation_formal_v4","8","1","HybridLLMSafety","88","88","formal_low_v8_seed1_1_6","E_W","PROCEED"
"results/formal_experiment/dissertation_formal_v4/runs/seed1_v8/FE06_HYBRID_SAFETY_v8_seed1_v4_real/step_records.csv","dissertation_formal_v4","8","1","HybridLLMSafety","88","88","formal_low_v8_seed1_1_7","W_E","PROCEED"
"results/formal_experiment/dissertation_formal_v4/runs/seed1_v8/FE06_HYBRID_SAFETY_v8_seed1_v4_real/step_records.csv","dissertation_formal_v4","8","1","HybridLLMSafety","89","89","formal_low_v8_seed1_1_6","E_W","PROCEED"
"results/formal_experiment/dissertation_formal_v4/runs/seed1_v8/FE06_HYBRID_SAFETY_v8_seed1_v4_real/step_records.csv","dissertation_formal_v4","8","1","HybridLLMSafety","89","89","formal_low_v8_seed1_1_7","W_E","PROCEED"
"results/formal_experiment/dissertation_formal_v4/runs/seed1_v8/FE06_HYBRID_SAFETY_v8_seed1_v4_real/step_records.csv","dissertation_formal_v4","8","1","HybridLLMSafety","90","90","formal_low_v8_seed1_1_6","E_W","PROCEED"
"results/formal_experiment/dissertation_formal_v4/runs/seed1_v8/FE06_HYBRID_SAFETY_v8_seed1_v4_real/step_records.csv","dissertation_formal_v4","8","1","HybridLLMSafety","90","90","formal_low_v8_seed1_1_7","W_E","PROCEED"
"results/formal_experiment/dissertation_formal_v4/runs/seed1_v8/FE06_HYBRID_SAFETY_v8_seed1_v4_real/step_records.csv","dissertation_formal_v4","8","1","HybridLLMSafety","91","91","formal_low_v8_seed1_1_6","E_W","PROCEED"
"results/formal_experiment/dissertation_formal_v4/runs/seed1_v8/FE06_HYBRID_SAFETY_v8_seed1_v4_real/step_records.csv","dissertation_formal_v4","8","1","HybridLLMSafety","91","91","formal_low_v8_seed1_1_7","W_E","PROCEED"
"results/formal_experiment/dissertation_formal_v4/runs/seed1_v8/FE06_HYBRID_SAFETY_v8_seed1_v4_real/step_records.csv","dissertation_formal_v4","8","1","HybridLLMSafety","92","92","formal_low_v8_seed1_1_6","E_W","PROCEED"
"results/formal_experiment/dissertation_formal_v4/runs/seed1_v8/FE06_HYBRID_SAFETY_v8_seed1_v4_real/step_records.csv","dissertation_formal_v4","8","1","HybridLLMSafety","92","92","formal_low_v8_seed1_1_7","W_E","PROCEED"
"results/formal_experiment/dissertation_formal_v4/runs/seed1_v8/FE06_HYBRID_SAFETY_v8_seed1_v4_real/step_records.csv","dissertation_formal_v4","8","1","HybridLLMSafety","93","93","formal_low_v8_seed1_1_6","E_W","PROCEED"
"results/formal_experiment/dissertation_formal_v4/runs/seed1_v8/FE06_HYBRID_SAFETY_v8_seed1_v4_real/step_records.csv","dissertation_formal_v4","8","1","HybridLLMSafety","93","93","formal_low_v8_seed1_1_7","W_E","PROCEED"
"results/formal_experiment/dissertation_formal_v4/runs/seed1_v8/FE06_HYBRID_SAFETY_v8_seed1_v4_real/step_records.csv","dissertation_formal_v4","8","1","HybridLLMSafety","94","94","formal_low_v8_seed1_1_6","E_W","PROCEED"
"results/formal_experiment/dissertation_formal_v4/runs/seed1_v8/FE06_HYBRID_SAFETY_v8_seed1_v4_real/step_records.csv","dissertation_formal_v4","8","1","HybridLLMSafety","94","94","formal_low_v8_seed1_1_7","W_E","PROCEED"
"results/formal_experiment/dissertation_formal_v4/runs/seed1_v8/FE06_HYBRID_SAFETY_v8_seed1_v4_real/step_records.csv","dissertation_formal_v4","8","1","HybridLLMSafety","95","95","formal_low_v8_seed1_1_6","E_W","PROCEED"
"results/formal_experiment/dissertation_formal_v4/runs/seed1_v8/FE06_HYBRID_SAFETY_v8_seed1_v4_real/step_records.csv","dissertation_formal_v4","8","1","HybridLLMSafety","95","95","formal_low_v8_seed1_1_7","W_E","PROCEED"
"results/formal_experiment/dissertation_formal_v4/runs/seed1_v8/FE06_HYBRID_SAFETY_v8_seed1_v4_real/step_records.csv","dissertation_formal_v4","8","1","HybridLLMSafety","96","96","formal_low_v8_seed1_1_6","E_W","PROCEED"
"results/formal_experiment/dissertation_formal_v4/runs/seed1_v8/FE06_HYBRID_SAFETY_v8_seed1_v4_real/step_records.csv","dissertation_formal_v4","8","1","HybridLLMSafety","96","96","formal_low_v8_seed1_1_7","W_E","PROCEED"
"results/formal_experiment/dissertation_formal_v4/runs/seed1_v8/FE06_HYBRID_SAFETY_v8_seed1_v4_real/step_records.csv","dissertation_formal_v4","8","1","HybridLLMSafety","97","97","formal_low_v8_seed1_1_6","E_W","FREE"
"results/formal_experiment/dissertation_formal_v4/runs/seed1_v8/FE06_HYBRID_SAFETY_v8_seed1_v4_real/step_records.csv","dissertation_formal_v4","8","1","HybridLLMSafety","97","97","formal_low_v8_seed1_1_7","W_E","FREE"
"results/formal_experiment/dissertation_formal_v4/runs/seed1_v8/FE06_HYBRID_SAFETY_v8_seed1_v4_real/step_records.csv","dissertation_formal_v4","8","1","HybridLLMSafety","98","98","formal_low_v8_seed1_1_6","E_W","FREE"
"results/formal_experiment/dissertation_formal_v4/runs/seed1_v8/FE06_HYBRID_SAFETY_v8_seed1_v4_real/step_records.csv","dissertation_formal_v4","8","1","HybridLLMSafety","98","98","formal_low_v8_seed1_1_7","W_E","FREE"
"results/formal_experiment/dissertation_formal_v4/runs/seed1_v8/FE06_HYBRID_SAFETY_v8_seed1_v4_real/step_records.csv","dissertation_formal_v4","8","1","HybridLLMSafety","99","99","formal_low_v8_seed1_1_6","E_W","FREE"
"results/formal_experiment/dissertation_formal_v4/runs/seed1_v8/FE06_HYBRID_SAFETY_v8_seed1_v4_real/step_records.csv","dissertation_formal_v4","8","1","HybridLLMSafety","99","99","formal_low_v8_seed1_1_7","W_E","FREE"
"results/formal_experiment/dissertation_formal_v4/runs/seed1_v8/FE06_HYBRID_SAFETY_v8_seed1_v4_real/step_records.csv","dissertation_formal_v4","8","1","HybridLLMSafety","100","100","formal_low_v8_seed1_1_6","E_W","FREE"
"results/formal_experiment/dissertation_formal_v4/runs/seed1_v8/FE06_HYBRID_SAFETY_v8_seed1_v4_real/step_records.csv","dissertation_formal_v4","8","1","HybridLLMSafety","100","100","formal_low_v8_seed1_1_7","W_E","FREE"
"results/formal_experiment/dissertation_formal_v4/runs/seed1_v8/FE06_HYBRID_SAFETY_v8_seed1_v4_real/step_records.csv","dissertation_formal_v4","8","1","HybridLLMSafety","101","101","formal_low_v8_seed1_1_6","E_W","FREE"
"results/formal_experiment/dissertation_formal_v4/runs/seed1_v8/FE06_HYBRID_SAFETY_v8_seed1_v4_real/step_records.csv","dissertation_formal_v4","8","1","HybridLLMSafety","101","101","formal_low_v8_seed1_1_7","W_E","FREE"
"results/formal_experiment/dissertation_formal_v4/runs/seed1_v8/FE06_HYBRID_SAFETY_v8_seed1_v4_real/step_records.csv","dissertation_formal_v4","8","1","HybridLLMSafety","102","102","formal_low_v8_seed1_1_6","E_W","FREE"
"results/formal_experiment/dissertation_formal_v4/runs/seed1_v8/FE06_HYBRID_SAFETY_v8_seed1_v4_real/step_records.csv","dissertation_formal_v4","8","1","HybridLLMSafety","102","102","formal_low_v8_seed1_1_7","W_E","FREE"
"results/formal_experiment/dissertation_formal_v4/runs/seed1_v8/FE06_HYBRID_SAFETY_v8_seed1_v4_real/step_records.csv","dissertation_formal_v4","8","1","HybridLLMSafety","103","103","formal_low_v8_seed1_1_6","E_W","FREE"
"results/formal_experiment/dissertation_formal_v4/runs/seed1_v8/FE06_HYBRID_SAFETY_v8_seed1_v4_real/step_records.csv","dissertation_formal_v4","8","1","HybridLLMSafety","103","103","formal_low_v8_seed1_1_7","W_E","FREE"
"results/formal_experiment/dissertation_formal_v4/runs/seed1_v8/FE06_HYBRID_SAFETY_v8_seed1_v4_real/step_records.csv","dissertation_formal_v4","8","1","HybridLLMSafety","104","104","formal_low_v8_seed1_1_7","W_E","FREE"
"results/formal_experiment/dissertation_formal_v4/runs/seed1_v8/FE06_HYBRID_SAFETY_v8_seed1_v4_real/step_records.csv","dissertation_formal_v4","8","1","HybridLLMSafety","105","105","formal_low_v8_seed1_1_7","W_E","FREE"
"results/formal_experiment/dissertation_formal_v4/runs/seed2_v8/FE04_RAW_LLM_v8_seed2_v4_real/step_records.csv","dissertation_formal_v4","8","2","RawLLM","0","0","formal_low_v8_seed2_2_0","W_E","FREE"
"results/formal_experiment/dissertation_formal_v4/runs/seed2_v8/FE04_RAW_LLM_v8_seed2_v4_real/step_records.csv","dissertation_formal_v4","8","2","RawLLM","1","1","formal_low_v8_seed2_2_0","W_E","FREE"
"results/formal_experiment/dissertation_formal_v4/runs/seed2_v8/FE04_RAW_LLM_v8_seed2_v4_real/step_records.csv","dissertation_formal_v4","8","2","RawLLM","2","2","formal_low_v8_seed2_2_0","W_E","FREE"
"results/formal_experiment/dissertation_formal_v4/runs/seed2_v8/FE04_RAW_LLM_v8_seed2_v4_real/step_records.csv","dissertation_formal_v4","8","2","RawLLM","3","3","formal_low_v8_seed2_2_0","W_E","FREE"
"results/formal_experiment/dissertation_formal_v4/runs/seed2_v8/FE04_RAW_LLM_v8_seed2_v4_real/step_records.csv","dissertation_formal_v4","8","2","RawLLM","4","4","formal_low_v8_seed2_2_0","W_E","FREE"
"results/formal_experiment/dissertation_formal_v4/runs/seed2_v8/FE04_RAW_LLM_v8_seed2_v4_real/step_records.csv","dissertation_formal_v4","8","2","RawLLM","4","4","formal_low_v8_seed2_2_1","W_E","FREE"
"results/formal_experiment/dissertation_formal_v4/runs/seed2_v8/FE04_RAW_LLM_v8_seed2_v4_real/step_records.csv","dissertation_formal_v4","8","2","RawLLM","5","5","formal_low_v8_seed2_2_0","W_E","FREE"
"results/formal_experiment/dissertation_formal_v4/runs/seed2_v8/FE04_RAW_LLM_v8_seed2_v4_real/step_records.csv","dissertation_formal_v4","8","2","RawLLM","5","5","formal_low_v8_seed2_2_1","W_E","FREE"
"results/formal_experiment/dissertation_formal_v4/runs/seed2_v8/FE04_RAW_LLM_v8_seed2_v4_real/step_records.csv","dissertation_formal_v4","8","2","RawLLM","6","6","formal_low_v8_seed2_2_0","W_E","FREE"
"results/formal_experiment/dissertation_formal_v4/runs/seed2_v8/FE04_RAW_LLM_v8_seed2_v4_real/step_records.csv","dissertation_formal_v4","8","2","RawLLM","6","6","formal_low_v8_seed2_2_1","W_E","FREE"
"results/formal_experiment/dissertation_formal_v4/runs/seed2_v8/FE04_RAW_LLM_v8_seed2_v4_real/step_records.csv","dissertation_formal_v4","8","2","RawLLM","7","7","formal_low_v8_seed2_2_0","W_E","PROCEED"
"results/formal_experiment/dissertation_formal_v4/runs/seed2_v8/FE04_RAW_LLM_v8_seed2_v4_real/step_records.csv","dissertation_formal_v4","8","2","RawLLM","7","7","formal_low_v8_seed2_2_1","W_E","FREE"
"results/formal_experiment/dissertation_formal_v4/runs/seed2_v8/FE04_RAW_LLM_v8_seed2_v4_real/step_records.csv","dissertation_formal_v4","8","2","RawLLM","8","8","formal_low_v8_seed2_2_0","W_E","PROCEED"
"results/formal_experiment/dissertation_formal_v4/runs/seed2_v8/FE04_RAW_LLM_v8_seed2_v4_real/step_records.csv","dissertation_formal_v4","8","2","RawLLM","8","8","formal_low_v8_seed2_2_1","W_E","FREE"
"results/formal_experiment/dissertation_formal_v4/runs/seed2_v8/FE04_RAW_LLM_v8_seed2_v4_real/step_records.csv","dissertation_formal_v4","8","2","RawLLM","9","9","formal_low_v8_seed2_2_0","W_E","PROCEED"
"results/formal_experiment/dissertation_formal_v4/runs/seed2_v8/FE04_RAW_LLM_v8_seed2_v4_real/step_records.csv","dissertation_formal_v4","8","2","RawLLM","9","9","formal_low_v8_seed2_2_1","W_E","FREE"
"results/formal_experiment/dissertation_formal_v4/runs/seed2_v8/FE04_RAW_LLM_v8_seed2_v4_real/step_records.csv","dissertation_formal_v4","8","2","RawLLM","9","9","formal_low_v8_seed2_2_2","N_S","FREE"
"results/formal_experiment/dissertation_formal_v4/runs/seed2_v8/FE04_RAW_LLM_v8_seed2_v4_real/step_records.csv","dissertation_formal_v4","8","2","RawLLM","10","10","formal_low_v8_seed2_2_0","W_E","PROCEED"
"results/formal_experiment/dissertation_formal_v4/runs/seed2_v8/FE04_RAW_LLM_v8_seed2_v4_real/step_records.csv","dissertation_formal_v4","8","2","RawLLM","10","10","formal_low_v8_seed2_2_1","W_E","FREE"
"results/formal_experiment/dissertation_formal_v4/runs/seed2_v8/FE04_RAW_LLM_v8_seed2_v4_real/step_records.csv","dissertation_formal_v4","8","2","RawLLM","10","10","formal_low_v8_seed2_2_2","N_S","FREE"
"results/formal_experiment/dissertation_formal_v4/runs/seed2_v8/FE04_RAW_LLM_v8_seed2_v4_real/step_records.csv","dissertation_formal_v4","8","2","RawLLM","11","11","formal_low_v8_seed2_2_0","W_E","PROCEED"
"results/formal_experiment/dissertation_formal_v4/runs/seed2_v8/FE04_RAW_LLM_v8_seed2_v4_real/step_records.csv","dissertation_formal_v4","8","2","RawLLM","11","11","formal_low_v8_seed2_2_1","W_E","FREE"
"results/formal_experiment/dissertation_formal_v4/runs/seed2_v8/FE04_RAW_LLM_v8_seed2_v4_real/step_records.csv","dissertation_formal_v4","8","2","RawLLM","11","11","formal_low_v8_seed2_2_2","N_S","FREE"
"results/formal_experiment/dissertation_formal_v4/runs/seed2_v8/FE04_RAW_LLM_v8_seed2_v4_real/step_records.csv","dissertation_formal_v4","8","2","RawLLM","12","12","formal_low_v8_seed2_2_0","W_E","PROCEED"
"results/formal_experiment/dissertation_formal_v4/runs/seed2_v8/FE04_RAW_LLM_v8_seed2_v4_real/step_records.csv","dissertation_formal_v4","8","2","RawLLM","12","12","formal_low_v8_seed2_2_1","W_E","PROCEED"
"results/formal_experiment/dissertation_formal_v4/runs/seed2_v8/FE04_RAW_LLM_v8_seed2_v4_real/step_records.csv","dissertation_formal_v4","8","2","RawLLM","12","12","formal_low_v8_seed2_2_2","N_S","FREE"
"results/formal_experiment/dissertation_formal_v4/runs/seed2_v8/FE04_RAW_LLM_v8_seed2_v4_real/step_records.csv","dissertation_formal_v4","8","2","RawLLM","13","13","formal_low_v8_seed2_2_0","W_E","PROCEED"
"results/formal_experiment/dissertation_formal_v4/runs/seed2_v8/FE04_RAW_LLM_v8_seed2_v4_real/step_records.csv","dissertation_formal_v4","8","2","RawLLM","13","13","formal_low_v8_seed2_2_1","W_E","PROCEED"
"results/formal_experiment/dissertation_formal_v4/runs/seed2_v8/FE04_RAW_LLM_v8_seed2_v4_real/step_records.csv","dissertation_formal_v4","8","2","RawLLM","13","13","formal_low_v8_seed2_2_2","N_S","FREE"
"results/formal_experiment/dissertation_formal_v4/runs/seed2_v8/FE04_RAW_LLM_v8_seed2_v4_real/step_records.csv","dissertation_formal_v4","8","2","RawLLM","14","14","formal_low_v8_seed2_2_0","W_E","FREE"
"results/formal_experiment/dissertation_formal_v4/runs/seed2_v8/FE04_RAW_LLM_v8_seed2_v4_real/step_records.csv","dissertation_formal_v4","8","2","RawLLM","14","14","formal_low_v8_seed2_2_1","W_E","PROCEED"
"results/formal_experiment/dissertation_formal_v4/runs/seed2_v8/FE04_RAW_LLM_v8_seed2_v4_real/step_records.csv","dissertation_formal_v4","8","2","RawLLM","14","14","formal_low_v8_seed2_2_2","N_S","WAIT"
"results/formal_experiment/dissertation_formal_v4/runs/seed2_v8/FE04_RAW_LLM_v8_seed2_v4_real/step_records.csv","dissertation_formal_v4","8","2","RawLLM","14","14","formal_low_v8_seed2_2_3","N_S","FREE"
"results/formal_experiment/dissertation_formal_v4/runs/seed2_v8/FE04_RAW_LLM_v8_seed2_v4_real/step_records.csv","dissertation_formal_v4","8","2","RawLLM","15","15","formal_low_v8_seed2_2_0","W_E","FREE"
"results/formal_experiment/dissertation_formal_v4/runs/seed2_v8/FE04_RAW_LLM_v8_seed2_v4_real/step_records.csv","dissertation_formal_v4","8","2","RawLLM","15","15","formal_low_v8_seed2_2_1","W_E","PROCEED"
"results/formal_experiment/dissertation_formal_v4/runs/seed2_v8/FE04_RAW_LLM_v8_seed2_v4_real/step_records.csv","dissertation_formal_v4","8","2","RawLLM","15","15","formal_low_v8_seed2_2_2","N_S","WAIT"
"results/formal_experiment/dissertation_formal_v4/runs/seed2_v8/FE04_RAW_LLM_v8_seed2_v4_real/step_records.csv","dissertation_formal_v4","8","2","RawLLM","15","15","formal_low_v8_seed2_2_3","N_S","FREE"
"results/formal_experiment/dissertation_formal_v4/runs/seed2_v8/FE04_RAW_LLM_v8_seed2_v4_real/step_records.csv","dissertation_formal_v4","8","2","RawLLM","16","16","formal_low_v8_seed2_2_0","W_E","FREE"
"results/formal_experiment/dissertation_formal_v4/runs/seed2_v8/FE04_RAW_LLM_v8_seed2_v4_real/step_records.csv","dissertation_formal_v4","8","2","RawLLM","16","16","formal_low_v8_seed2_2_1","W_E","PROCEED"
"results/formal_experiment/dissertation_formal_v4/runs/seed2_v8/FE04_RAW_LLM_v8_seed2_v4_real/step_records.csv","dissertation_formal_v4","8","2","RawLLM","16","16","formal_low_v8_seed2_2_2","N_S","WAIT"
"results/formal_experiment/dissertation_formal_v4/runs/seed2_v8/FE04_RAW_LLM_v8_seed2_v4_real/step_records.csv","dissertation_formal_v4","8","2","RawLLM","16","16","formal_low_v8_seed2_2_3","N_S","FREE"
"results/formal_experiment/dissertation_formal_v4/runs/seed2_v8/FE04_RAW_LLM_v8_seed2_v4_real/step_records.csv","dissertation_formal_v4","8","2","RawLLM","17","17","formal_low_v8_seed2_2_0","W_E","FREE"
"results/formal_experiment/dissertation_formal_v4/runs/seed2_v8/FE04_RAW_LLM_v8_seed2_v4_real/step_records.csv","dissertation_formal_v4","8","2","RawLLM","17","17","formal_low_v8_seed2_2_1","W_E","PROCEED"
"results/formal_experiment/dissertation_formal_v4/runs/seed2_v8/FE04_RAW_LLM_v8_seed2_v4_real/step_records.csv","dissertation_formal_v4","8","2","RawLLM","17","17","formal_low_v8_seed2_2_2","N_S","WAIT"
"results/formal_experiment/dissertation_formal_v4/runs/seed2_v8/FE04_RAW_LLM_v8_seed2_v4_real/step_records.csv","dissertation_formal_v4","8","2","RawLLM","17","17","formal_low_v8_seed2_2_3","N_S","FREE"
"results/formal_experiment/dissertation_formal_v4/runs/seed2_v8/FE04_RAW_LLM_v8_seed2_v4_real/step_records.csv","dissertation_formal_v4","8","2","RawLLM","18","18","formal_low_v8_seed2_2_0","W_E","FREE"
"results/formal_experiment/dissertation_formal_v4/runs/seed2_v8/FE04_RAW_LLM_v8_seed2_v4_real/step_records.csv","dissertation_formal_v4","8","2","RawLLM","18","18","formal_low_v8_seed2_2_1","W_E","PROCEED"
"results/formal_experiment/dissertation_formal_v4/runs/seed2_v8/FE04_RAW_LLM_v8_seed2_v4_real/step_records.csv","dissertation_formal_v4","8","2","RawLLM","18","18","formal_low_v8_seed2_2_2","N_S","WAIT"
"results/formal_experiment/dissertation_formal_v4/runs/seed2_v8/FE04_RAW_LLM_v8_seed2_v4_real/step_records.csv","dissertation_formal_v4","8","2","RawLLM","18","18","formal_low_v8_seed2_2_3","N_S","WAIT"
"results/formal_experiment/dissertation_formal_v4/runs/seed2_v8/FE04_RAW_LLM_v8_seed2_v4_real/step_records.csv","dissertation_formal_v4","8","2","RawLLM","19","19","formal_low_v8_seed2_2_0","W_E","FREE"
"results/formal_experiment/dissertation_formal_v4/runs/seed2_v8/FE04_RAW_LLM_v8_seed2_v4_real/step_records.csv","dissertation_formal_v4","8","2","RawLLM","19","19","formal_low_v8_seed2_2_1","W_E","FREE"
"results/formal_experiment/dissertation_formal_v4/runs/seed2_v8/FE04_RAW_LLM_v8_seed2_v4_real/step_records.csv","dissertation_formal_v4","8","2","RawLLM","19","19","formal_low_v8_seed2_2_2","N_S","PROCEED"
"results/formal_experiment/dissertation_formal_v4/runs/seed2_v8/FE04_RAW_LLM_v8_seed2_v4_real/step_records.csv","dissertation_formal_v4","8","2","RawLLM","19","19","formal_low_v8_seed2_2_3","N_S","PROCEED"
"results/formal_experiment/dissertation_formal_v4/runs/seed2_v8/FE04_RAW_LLM_v8_seed2_v4_real/step_records.csv","dissertation_formal_v4","8","2","RawLLM","20","20","formal_low_v8_seed2_2_0","W_E","FREE"
"results/formal_experiment/dissertation_formal_v4/runs/seed2_v8/FE04_RAW_LLM_v8_seed2_v4_real/step_records.csv","dissertation_formal_v4","8","2","RawLLM","20","20","formal_low_v8_seed2_2_1","W_E","FREE"
"results/formal_experiment/dissertation_formal_v4/runs/seed2_v8/FE04_RAW_LLM_v8_seed2_v4_real/step_records.csv","dissertation_formal_v4","8","2","RawLLM","20","20","formal_low_v8_seed2_2_2","N_S","PROCEED"
"results/formal_experiment/dissertation_formal_v4/runs/seed2_v8/FE04_RAW_LLM_v8_seed2_v4_real/step_records.csv","dissertation_formal_v4","8","2","RawLLM","20","20","formal_low_v8_seed2_2_3","N_S","PROCEED"
"results/formal_experiment/dissertation_formal_v4/runs/seed2_v8/FE04_RAW_LLM_v8_seed2_v4_real/step_records.csv","dissertation_formal_v4","8","2","RawLLM","21","21","formal_low_v8_seed2_2_0","W_E","FREE"
"results/formal_experiment/dissertation_formal_v4/runs/seed2_v8/FE04_RAW_LLM_v8_seed2_v4_real/step_records.csv","dissertation_formal_v4","8","2","RawLLM","21","21","formal_low_v8_seed2_2_1","W_E","FREE"
"results/formal_experiment/dissertation_formal_v4/runs/seed2_v8/FE04_RAW_LLM_v8_seed2_v4_real/step_records.csv","dissertation_formal_v4","8","2","RawLLM","21","21","formal_low_v8_seed2_2_2","N_S","PROCEED"
"results/formal_experiment/dissertation_formal_v4/runs/seed2_v8/FE04_RAW_LLM_v8_seed2_v4_real/step_records.csv","dissertation_formal_v4","8","2","RawLLM","21","21","formal_low_v8_seed2_2_3","N_S","PROCEED"
"results/formal_experiment/dissertation_formal_v4/runs/seed2_v8/FE04_RAW_LLM_v8_seed2_v4_real/step_records.csv","dissertation_formal_v4","8","2","RawLLM","22","22","formal_low_v8_seed2_2_1","W_E","FREE"
"results/formal_experiment/dissertation_formal_v4/runs/seed2_v8/FE04_RAW_LLM_v8_seed2_v4_real/step_records.csv","dissertation_formal_v4","8","2","RawLLM","22","22","formal_low_v8_seed2_2_2","N_S","PROCEED"
"results/formal_experiment/dissertation_formal_v4/runs/seed2_v8/FE04_RAW_LLM_v8_seed2_v4_real/step_records.csv","dissertation_formal_v4","8","2","RawLLM","22","22","formal_low_v8_seed2_2_3","N_S","PROCEED"
"results/formal_experiment/dissertation_formal_v4/runs/seed2_v8/FE04_RAW_LLM_v8_seed2_v4_real/step_records.csv","dissertation_formal_v4","8","2","RawLLM","23","23","formal_low_v8_seed2_2_1","W_E","FREE"
"results/formal_experiment/dissertation_formal_v4/runs/seed2_v8/FE04_RAW_LLM_v8_seed2_v4_real/step_records.csv","dissertation_formal_v4","8","2","RawLLM","23","23","formal_low_v8_seed2_2_2","N_S","PROCEED"
"results/formal_experiment/dissertation_formal_v4/runs/seed2_v8/FE04_RAW_LLM_v8_seed2_v4_real/step_records.csv","dissertation_formal_v4","8","2","RawLLM","23","23","formal_low_v8_seed2_2_3","N_S","PROCEED"
"results/formal_experiment/dissertation_formal_v4/runs/seed2_v8/FE04_RAW_LLM_v8_seed2_v4_real/step_records.csv","dissertation_formal_v4","8","2","RawLLM","23","23","formal_low_v8_seed2_2_4","W_E","FREE"
"results/formal_experiment/dissertation_formal_v4/runs/seed2_v8/FE04_RAW_LLM_v8_seed2_v4_real/step_records.csv","dissertation_formal_v4","8","2","RawLLM","24","24","formal_low_v8_seed2_2_1","W_E","FREE"
"results/formal_experiment/dissertation_formal_v4/runs/seed2_v8/FE04_RAW_LLM_v8_seed2_v4_real/step_records.csv","dissertation_formal_v4","8","2","RawLLM","24","24","formal_low_v8_seed2_2_2","N_S","PROCEED"
"results/formal_experiment/dissertation_formal_v4/runs/seed2_v8/FE04_RAW_LLM_v8_seed2_v4_real/step_records.csv","dissertation_formal_v4","8","2","RawLLM","24","24","formal_low_v8_seed2_2_3","N_S","PROCEED"
"results/formal_experiment/dissertation_formal_v4/runs/seed2_v8/FE04_RAW_LLM_v8_seed2_v4_real/step_records.csv","dissertation_formal_v4","8","2","RawLLM","24","24","formal_low_v8_seed2_2_4","W_E","FREE"
"results/formal_experiment/dissertation_formal_v4/runs/seed2_v8/FE04_RAW_LLM_v8_seed2_v4_real/step_records.csv","dissertation_formal_v4","8","2","RawLLM","25","25","formal_low_v8_seed2_2_1","W_E","FREE"
"results/formal_experiment/dissertation_formal_v4/runs/seed2_v8/FE04_RAW_LLM_v8_seed2_v4_real/step_records.csv","dissertation_formal_v4","8","2","RawLLM","25","25","formal_low_v8_seed2_2_2","N_S","PROCEED"
"results/formal_experiment/dissertation_formal_v4/runs/seed2_v8/FE04_RAW_LLM_v8_seed2_v4_real/step_records.csv","dissertation_formal_v4","8","2","RawLLM","25","25","formal_low_v8_seed2_2_3","N_S","PROCEED"
"results/formal_experiment/dissertation_formal_v4/runs/seed2_v8/FE04_RAW_LLM_v8_seed2_v4_real/step_records.csv","dissertation_formal_v4","8","2","RawLLM","25","25","formal_low_v8_seed2_2_4","W_E","FREE"
"results/formal_experiment/dissertation_formal_v4/runs/seed2_v8/FE04_RAW_LLM_v8_seed2_v4_real/step_records.csv","dissertation_formal_v4","8","2","RawLLM","26","26","formal_low_v8_seed2_2_1","W_E","FREE"
"results/formal_experiment/dissertation_formal_v4/runs/seed2_v8/FE04_RAW_LLM_v8_seed2_v4_real/step_records.csv","dissertation_formal_v4","8","2","RawLLM","26","26","formal_low_v8_seed2_2_2","N_S","PROCEED"
"results/formal_experiment/dissertation_formal_v4/runs/seed2_v8/FE04_RAW_LLM_v8_seed2_v4_real/step_records.csv","dissertation_formal_v4","8","2","RawLLM","26","26","formal_low_v8_seed2_2_3","N_S","PROCEED"
"results/formal_experiment/dissertation_formal_v4/runs/seed2_v8/FE04_RAW_LLM_v8_seed2_v4_real/step_records.csv","dissertation_formal_v4","8","2","RawLLM","26","26","formal_low_v8_seed2_2_4","W_E","FREE"
"results/formal_experiment/dissertation_formal_v4/runs/seed2_v8/FE04_RAW_LLM_v8_seed2_v4_real/step_records.csv","dissertation_formal_v4","8","2","RawLLM","27","27","formal_low_v8_seed2_2_2","N_S","PROCEED"
"results/formal_experiment/dissertation_formal_v4/runs/seed2_v8/FE04_RAW_LLM_v8_seed2_v4_real/step_records.csv","dissertation_formal_v4","8","2","RawLLM","27","27","formal_low_v8_seed2_2_3","N_S","PROCEED"
"results/formal_experiment/dissertation_formal_v4/runs/seed2_v8/FE04_RAW_LLM_v8_seed2_v4_real/step_records.csv","dissertation_formal_v4","8","2","RawLLM","27","27","formal_low_v8_seed2_2_4","W_E","FREE"
"results/formal_experiment/dissertation_formal_v4/runs/seed2_v8/FE04_RAW_LLM_v8_seed2_v4_real/step_records.csv","dissertation_formal_v4","8","2","RawLLM","28","28","formal_low_v8_seed2_2_2","N_S","PROCEED"
"results/formal_experiment/dissertation_formal_v4/runs/seed2_v8/FE04_RAW_LLM_v8_seed2_v4_real/step_records.csv","dissertation_formal_v4","8","2","RawLLM","28","28","formal_low_v8_seed2_2_3","N_S","PROCEED"
"results/formal_experiment/dissertation_formal_v4/runs/seed2_v8/FE04_RAW_LLM_v8_seed2_v4_real/step_records.csv","dissertation_formal_v4","8","2","RawLLM","28","28","formal_low_v8_seed2_2_4","W_E","FREE"
"results/formal_experiment/dissertation_formal_v4/runs/seed2_v8/FE04_RAW_LLM_v8_seed2_v4_real/step_records.csv","dissertation_formal_v4","8","2","RawLLM","29","29","formal_low_v8_seed2_2_2","N_S","PROCEED"
"results/formal_experiment/dissertation_formal_v4/runs/seed2_v8/FE04_RAW_LLM_v8_seed2_v4_real/step_records.csv","dissertation_formal_v4","8","2","RawLLM","29","29","formal_low_v8_seed2_2_3","N_S","PROCEED"
"results/formal_experiment/dissertation_formal_v4/runs/seed2_v8/FE04_RAW_LLM_v8_seed2_v4_real/step_records.csv","dissertation_formal_v4","8","2","RawLLM","29","29","formal_low_v8_seed2_2_4","W_E","FREE"
"results/formal_experiment/dissertation_formal_v4/runs/seed2_v8/FE04_RAW_LLM_v8_seed2_v4_real/step_records.csv","dissertation_formal_v4","8","2","RawLLM","29","29","formal_low_v8_seed2_2_5","E_W","FREE"
"results/formal_experiment/dissertation_formal_v4/runs/seed2_v8/FE04_RAW_LLM_v8_seed2_v4_real/step_records.csv","dissertation_formal_v4","8","2","RawLLM","30","30","formal_low_v8_seed2_2_2","N_S","WAIT"
"results/formal_experiment/dissertation_formal_v4/runs/seed2_v8/FE04_RAW_LLM_v8_seed2_v4_real/step_records.csv","dissertation_formal_v4","8","2","RawLLM","30","30","formal_low_v8_seed2_2_3","N_S","WAIT"
"results/formal_experiment/dissertation_formal_v4/runs/seed2_v8/FE04_RAW_LLM_v8_seed2_v4_real/step_records.csv","dissertation_formal_v4","8","2","RawLLM","30","30","formal_low_v8_seed2_2_4","W_E","PROCEED"
"results/formal_experiment/dissertation_formal_v4/runs/seed2_v8/FE04_RAW_LLM_v8_seed2_v4_real/step_records.csv","dissertation_formal_v4","8","2","RawLLM","30","30","formal_low_v8_seed2_2_5","E_W","FREE"
"results/formal_experiment/dissertation_formal_v4/runs/seed2_v8/FE04_RAW_LLM_v8_seed2_v4_real/step_records.csv","dissertation_formal_v4","8","2","RawLLM","31","31","formal_low_v8_seed2_2_2","N_S","WAIT"
"results/formal_experiment/dissertation_formal_v4/runs/seed2_v8/FE04_RAW_LLM_v8_seed2_v4_real/step_records.csv","dissertation_formal_v4","8","2","RawLLM","31","31","formal_low_v8_seed2_2_3","N_S","WAIT"
"results/formal_experiment/dissertation_formal_v4/runs/seed2_v8/FE04_RAW_LLM_v8_seed2_v4_real/step_records.csv","dissertation_formal_v4","8","2","RawLLM","31","31","formal_low_v8_seed2_2_4","W_E","PROCEED"
"results/formal_experiment/dissertation_formal_v4/runs/seed2_v8/FE04_RAW_LLM_v8_seed2_v4_real/step_records.csv","dissertation_formal_v4","8","2","RawLLM","31","31","formal_low_v8_seed2_2_5","E_W","FREE"
"results/formal_experiment/dissertation_formal_v4/runs/seed2_v8/FE04_RAW_LLM_v8_seed2_v4_real/step_records.csv","dissertation_formal_v4","8","2","RawLLM","32","32","formal_low_v8_seed2_2_2","N_S","WAIT"
"results/formal_experiment/dissertation_formal_v4/runs/seed2_v8/FE04_RAW_LLM_v8_seed2_v4_real/step_records.csv","dissertation_formal_v4","8","2","RawLLM","32","32","formal_low_v8_seed2_2_3","N_S","WAIT"
"results/formal_experiment/dissertation_formal_v4/runs/seed2_v8/FE04_RAW_LLM_v8_seed2_v4_real/step_records.csv","dissertation_formal_v4","8","2","RawLLM","32","32","formal_low_v8_seed2_2_4","W_E","PROCEED"
"results/formal_experiment/dissertation_formal_v4/runs/seed2_v8/FE04_RAW_LLM_v8_seed2_v4_real/step_records.csv","dissertation_formal_v4","8","2","RawLLM","32","32","formal_low_v8_seed2_2_5","E_W","FREE"
"results/formal_experiment/dissertation_formal_v4/runs/seed2_v8/FE04_RAW_LLM_v8_seed2_v4_real/step_records.csv","dissertation_formal_v4","8","2","RawLLM","33","33","formal_low_v8_seed2_2_2","N_S","WAIT"
"results/formal_experiment/dissertation_formal_v4/runs/seed2_v8/FE04_RAW_LLM_v8_seed2_v4_real/step_records.csv","dissertation_formal_v4","8","2","RawLLM","33","33","formal_low_v8_seed2_2_3","N_S","WAIT"
"results/formal_experiment/dissertation_formal_v4/runs/seed2_v8/FE04_RAW_LLM_v8_seed2_v4_real/step_records.csv","dissertation_formal_v4","8","2","RawLLM","33","33","formal_low_v8_seed2_2_4","W_E","PROCEED"
"results/formal_experiment/dissertation_formal_v4/runs/seed2_v8/FE04_RAW_LLM_v8_seed2_v4_real/step_records.csv","dissertation_formal_v4","8","2","RawLLM","33","33","formal_low_v8_seed2_2_5","E_W","FREE"
"results/formal_experiment/dissertation_formal_v4/runs/seed2_v8/FE04_RAW_LLM_v8_seed2_v4_real/step_records.csv","dissertation_formal_v4","8","2","RawLLM","34","34","formal_low_v8_seed2_2_2","N_S","WAIT"
"results/formal_experiment/dissertation_formal_v4/runs/seed2_v8/FE04_RAW_LLM_v8_seed2_v4_real/step_records.csv","dissertation_formal_v4","8","2","RawLLM","34","34","formal_low_v8_seed2_2_3","N_S","WAIT"
"results/formal_experiment/dissertation_formal_v4/runs/seed2_v8/FE04_RAW_LLM_v8_seed2_v4_real/step_records.csv","dissertation_formal_v4","8","2","RawLLM","34","34","formal_low_v8_seed2_2_4","W_E","PROCEED"
"results/formal_experiment/dissertation_formal_v4/runs/seed2_v8/FE04_RAW_LLM_v8_seed2_v4_real/step_records.csv","dissertation_formal_v4","8","2","RawLLM","34","34","formal_low_v8_seed2_2_5","E_W","FREE"
"results/formal_experiment/dissertation_formal_v4/runs/seed2_v8/FE04_RAW_LLM_v8_seed2_v4_real/step_records.csv","dissertation_formal_v4","8","2","RawLLM","35","35","formal_low_v8_seed2_2_2","N_S","WAIT"
"results/formal_experiment/dissertation_formal_v4/runs/seed2_v8/FE04_RAW_LLM_v8_seed2_v4_real/step_records.csv","dissertation_formal_v4","8","2","RawLLM","35","35","formal_low_v8_seed2_2_3","N_S","WAIT"
"results/formal_experiment/dissertation_formal_v4/runs/seed2_v8/FE04_RAW_LLM_v8_seed2_v4_real/step_records.csv","dissertation_formal_v4","8","2","RawLLM","35","35","formal_low_v8_seed2_2_4","W_E","PROCEED"
"results/formal_experiment/dissertation_formal_v4/runs/seed2_v8/FE04_RAW_LLM_v8_seed2_v4_real/step_records.csv","dissertation_formal_v4","8","2","RawLLM","35","35","formal_low_v8_seed2_2_5","E_W","FREE"
"results/formal_experiment/dissertation_formal_v4/runs/seed2_v8/FE04_RAW_LLM_v8_seed2_v4_real/step_records.csv","dissertation_formal_v4","8","2","RawLLM","36","36","formal_low_v8_seed2_2_2","N_S","WAIT"
"results/formal_experiment/dissertation_formal_v4/runs/seed2_v8/FE04_RAW_LLM_v8_seed2_v4_real/step_records.csv","dissertation_formal_v4","8","2","RawLLM","36","36","formal_low_v8_seed2_2_3","N_S","WAIT"
"results/formal_experiment/dissertation_formal_v4/runs/seed2_v8/FE04_RAW_LLM_v8_seed2_v4_real/step_records.csv","dissertation_formal_v4","8","2","RawLLM","36","36","formal_low_v8_seed2_2_4","W_E","PROCEED"
"results/formal_experiment/dissertation_formal_v4/runs/seed2_v8/FE04_RAW_LLM_v8_seed2_v4_real/step_records.csv","dissertation_formal_v4","8","2","RawLLM","36","36","formal_low_v8_seed2_2_5","E_W","FREE"
"results/formal_experiment/dissertation_formal_v4/runs/seed2_v8/FE04_RAW_LLM_v8_seed2_v4_real/step_records.csv","dissertation_formal_v4","8","2","RawLLM","37","37","formal_low_v8_seed2_2_2","N_S","PROCEED"
"results/formal_experiment/dissertation_formal_v4/runs/seed2_v8/FE04_RAW_LLM_v8_seed2_v4_real/step_records.csv","dissertation_formal_v4","8","2","RawLLM","37","37","formal_low_v8_seed2_2_3","N_S","PROCEED"
"results/formal_experiment/dissertation_formal_v4/runs/seed2_v8/FE04_RAW_LLM_v8_seed2_v4_real/step_records.csv","dissertation_formal_v4","8","2","RawLLM","37","37","formal_low_v8_seed2_2_4","W_E","FREE"
"results/formal_experiment/dissertation_formal_v4/runs/seed2_v8/FE04_RAW_LLM_v8_seed2_v4_real/step_records.csv","dissertation_formal_v4","8","2","RawLLM","37","37","formal_low_v8_seed2_2_5","E_W","FREE"
"results/formal_experiment/dissertation_formal_v4/runs/seed2_v8/FE04_RAW_LLM_v8_seed2_v4_real/step_records.csv","dissertation_formal_v4","8","2","RawLLM","37","37","formal_low_v8_seed2_2_6","E_W","FREE"
"results/formal_experiment/dissertation_formal_v4/runs/seed2_v8/FE04_RAW_LLM_v8_seed2_v4_real/step_records.csv","dissertation_formal_v4","8","2","RawLLM","38","38","formal_low_v8_seed2_2_2","N_S","PROCEED"
"results/formal_experiment/dissertation_formal_v4/runs/seed2_v8/FE04_RAW_LLM_v8_seed2_v4_real/step_records.csv","dissertation_formal_v4","8","2","RawLLM","38","38","formal_low_v8_seed2_2_3","N_S","PROCEED"
"results/formal_experiment/dissertation_formal_v4/runs/seed2_v8/FE04_RAW_LLM_v8_seed2_v4_real/step_records.csv","dissertation_formal_v4","8","2","RawLLM","38","38","formal_low_v8_seed2_2_4","W_E","FREE"
"results/formal_experiment/dissertation_formal_v4/runs/seed2_v8/FE04_RAW_LLM_v8_seed2_v4_real/step_records.csv","dissertation_formal_v4","8","2","RawLLM","38","38","formal_low_v8_seed2_2_5","E_W","FREE"
"results/formal_experiment/dissertation_formal_v4/runs/seed2_v8/FE04_RAW_LLM_v8_seed2_v4_real/step_records.csv","dissertation_formal_v4","8","2","RawLLM","38","38","formal_low_v8_seed2_2_6","E_W","FREE"
"results/formal_experiment/dissertation_formal_v4/runs/seed2_v8/FE04_RAW_LLM_v8_seed2_v4_real/step_records.csv","dissertation_formal_v4","8","2","RawLLM","39","39","formal_low_v8_seed2_2_2","N_S","WAIT"
"results/formal_experiment/dissertation_formal_v4/runs/seed2_v8/FE04_RAW_LLM_v8_seed2_v4_real/step_records.csv","dissertation_formal_v4","8","2","RawLLM","39","39","formal_low_v8_seed2_2_3","N_S","WAIT"
"results/formal_experiment/dissertation_formal_v4/runs/seed2_v8/FE04_RAW_LLM_v8_seed2_v4_real/step_records.csv","dissertation_formal_v4","8","2","RawLLM","39","39","formal_low_v8_seed2_2_4","W_E","FREE"
"results/formal_experiment/dissertation_formal_v4/runs/seed2_v8/FE04_RAW_LLM_v8_seed2_v4_real/step_records.csv","dissertation_formal_v4","8","2","RawLLM","39","39","formal_low_v8_seed2_2_5","E_W","PROCEED"
"results/formal_experiment/dissertation_formal_v4/runs/seed2_v8/FE04_RAW_LLM_v8_seed2_v4_real/step_records.csv","dissertation_formal_v4","8","2","RawLLM","39","39","formal_low_v8_seed2_2_6","E_W","FREE"
"results/formal_experiment/dissertation_formal_v4/runs/seed2_v8/FE04_RAW_LLM_v8_seed2_v4_real/step_records.csv","dissertation_formal_v4","8","2","RawLLM","40","40","formal_low_v8_seed2_2_2","N_S","WAIT"
"results/formal_experiment/dissertation_formal_v4/runs/seed2_v8/FE04_RAW_LLM_v8_seed2_v4_real/step_records.csv","dissertation_formal_v4","8","2","RawLLM","40","40","formal_low_v8_seed2_2_3","N_S","WAIT"
"results/formal_experiment/dissertation_formal_v4/runs/seed2_v8/FE04_RAW_LLM_v8_seed2_v4_real/step_records.csv","dissertation_formal_v4","8","2","RawLLM","40","40","formal_low_v8_seed2_2_4","W_E","FREE"
"results/formal_experiment/dissertation_formal_v4/runs/seed2_v8/FE04_RAW_LLM_v8_seed2_v4_real/step_records.csv","dissertation_formal_v4","8","2","RawLLM","40","40","formal_low_v8_seed2_2_5","E_W","PROCEED"
"results/formal_experiment/dissertation_formal_v4/runs/seed2_v8/FE04_RAW_LLM_v8_seed2_v4_real/step_records.csv","dissertation_formal_v4","8","2","RawLLM","40","40","formal_low_v8_seed2_2_6","E_W","FREE"
"results/formal_experiment/dissertation_formal_v4/runs/seed2_v8/FE04_RAW_LLM_v8_seed2_v4_real/step_records.csv","dissertation_formal_v4","8","2","RawLLM","41","41","formal_low_v8_seed2_2_2","N_S","WAIT"
"results/formal_experiment/dissertation_formal_v4/runs/seed2_v8/FE04_RAW_LLM_v8_seed2_v4_real/step_records.csv","dissertation_formal_v4","8","2","RawLLM","41","41","formal_low_v8_seed2_2_3","N_S","WAIT"
"results/formal_experiment/dissertation_formal_v4/runs/seed2_v8/FE04_RAW_LLM_v8_seed2_v4_real/step_records.csv","dissertation_formal_v4","8","2","RawLLM","41","41","formal_low_v8_seed2_2_4","W_E","FREE"
"results/formal_experiment/dissertation_formal_v4/runs/seed2_v8/FE04_RAW_LLM_v8_seed2_v4_real/step_records.csv","dissertation_formal_v4","8","2","RawLLM","41","41","formal_low_v8_seed2_2_5","E_W","PROCEED"
"results/formal_experiment/dissertation_formal_v4/runs/seed2_v8/FE04_RAW_LLM_v8_seed2_v4_real/step_records.csv","dissertation_formal_v4","8","2","RawLLM","41","41","formal_low_v8_seed2_2_6","E_W","FREE"
"results/formal_experiment/dissertation_formal_v4/runs/seed2_v8/FE04_RAW_LLM_v8_seed2_v4_real/step_records.csv","dissertation_formal_v4","8","2","RawLLM","42","42","formal_low_v8_seed2_2_2","N_S","WAIT"
"results/formal_experiment/dissertation_formal_v4/runs/seed2_v8/FE04_RAW_LLM_v8_seed2_v4_real/step_records.csv","dissertation_formal_v4","8","2","RawLLM","42","42","formal_low_v8_seed2_2_3","N_S","WAIT"
"results/formal_experiment/dissertation_formal_v4/runs/seed2_v8/FE04_RAW_LLM_v8_seed2_v4_real/step_records.csv","dissertation_formal_v4","8","2","RawLLM","42","42","formal_low_v8_seed2_2_4","W_E","FREE"
"results/formal_experiment/dissertation_formal_v4/runs/seed2_v8/FE04_RAW_LLM_v8_seed2_v4_real/step_records.csv","dissertation_formal_v4","8","2","RawLLM","42","42","formal_low_v8_seed2_2_5","E_W","PROCEED"
"results/formal_experiment/dissertation_formal_v4/runs/seed2_v8/FE04_RAW_LLM_v8_seed2_v4_real/step_records.csv","dissertation_formal_v4","8","2","RawLLM","42","42","formal_low_v8_seed2_2_6","E_W","FREE"
"results/formal_experiment/dissertation_formal_v4/runs/seed2_v8/FE04_RAW_LLM_v8_seed2_v4_real/step_records.csv","dissertation_formal_v4","8","2","RawLLM","43","43","formal_low_v8_seed2_2_2","N_S","PROCEED"
"results/formal_experiment/dissertation_formal_v4/runs/seed2_v8/FE04_RAW_LLM_v8_seed2_v4_real/step_records.csv","dissertation_formal_v4","8","2","RawLLM","43","43","formal_low_v8_seed2_2_3","N_S","PROCEED"
"results/formal_experiment/dissertation_formal_v4/runs/seed2_v8/FE04_RAW_LLM_v8_seed2_v4_real/step_records.csv","dissertation_formal_v4","8","2","RawLLM","43","43","formal_low_v8_seed2_2_4","W_E","FREE"
"results/formal_experiment/dissertation_formal_v4/runs/seed2_v8/FE04_RAW_LLM_v8_seed2_v4_real/step_records.csv","dissertation_formal_v4","8","2","RawLLM","43","43","formal_low_v8_seed2_2_5","E_W","WAIT"
"results/formal_experiment/dissertation_formal_v4/runs/seed2_v8/FE04_RAW_LLM_v8_seed2_v4_real/step_records.csv","dissertation_formal_v4","8","2","RawLLM","43","43","formal_low_v8_seed2_2_6","E_W","FREE"
"results/formal_experiment/dissertation_formal_v4/runs/seed2_v8/FE04_RAW_LLM_v8_seed2_v4_real/step_records.csv","dissertation_formal_v4","8","2","RawLLM","44","44","formal_low_v8_seed2_2_2","N_S","PROCEED"
"results/formal_experiment/dissertation_formal_v4/runs/seed2_v8/FE04_RAW_LLM_v8_seed2_v4_real/step_records.csv","dissertation_formal_v4","8","2","RawLLM","44","44","formal_low_v8_seed2_2_3","N_S","PROCEED"
"results/formal_experiment/dissertation_formal_v4/runs/seed2_v8/FE04_RAW_LLM_v8_seed2_v4_real/step_records.csv","dissertation_formal_v4","8","2","RawLLM","44","44","formal_low_v8_seed2_2_4","W_E","FREE"
"results/formal_experiment/dissertation_formal_v4/runs/seed2_v8/FE04_RAW_LLM_v8_seed2_v4_real/step_records.csv","dissertation_formal_v4","8","2","RawLLM","44","44","formal_low_v8_seed2_2_5","E_W","WAIT"
"results/formal_experiment/dissertation_formal_v4/runs/seed2_v8/FE04_RAW_LLM_v8_seed2_v4_real/step_records.csv","dissertation_formal_v4","8","2","RawLLM","44","44","formal_low_v8_seed2_2_6","E_W","FREE"
"results/formal_experiment/dissertation_formal_v4/runs/seed2_v8/FE04_RAW_LLM_v8_seed2_v4_real/step_records.csv","dissertation_formal_v4","8","2","RawLLM","45","45","formal_low_v8_seed2_2_2","N_S","WAIT"
"results/formal_experiment/dissertation_formal_v4/runs/seed2_v8/FE04_RAW_LLM_v8_seed2_v4_real/step_records.csv","dissertation_formal_v4","8","2","RawLLM","45","45","formal_low_v8_seed2_2_3","N_S","WAIT"
"results/formal_experiment/dissertation_formal_v4/runs/seed2_v8/FE04_RAW_LLM_v8_seed2_v4_real/step_records.csv","dissertation_formal_v4","8","2","RawLLM","45","45","formal_low_v8_seed2_2_5","E_W","PROCEED"
"results/formal_experiment/dissertation_formal_v4/runs/seed2_v8/FE04_RAW_LLM_v8_seed2_v4_real/step_records.csv","dissertation_formal_v4","8","2","RawLLM","45","45","formal_low_v8_seed2_2_6","E_W","PROCEED"
"results/formal_experiment/dissertation_formal_v4/runs/seed2_v8/FE04_RAW_LLM_v8_seed2_v4_real/step_records.csv","dissertation_formal_v4","8","2","RawLLM","45","45","formal_low_v8_seed2_2_7","S_N","FREE"
"results/formal_experiment/dissertation_formal_v4/runs/seed2_v8/FE04_RAW_LLM_v8_seed2_v4_real/step_records.csv","dissertation_formal_v4","8","2","RawLLM","46","46","formal_low_v8_seed2_2_2","N_S","WAIT"
"results/formal_experiment/dissertation_formal_v4/runs/seed2_v8/FE04_RAW_LLM_v8_seed2_v4_real/step_records.csv","dissertation_formal_v4","8","2","RawLLM","46","46","formal_low_v8_seed2_2_3","N_S","WAIT"
"results/formal_experiment/dissertation_formal_v4/runs/seed2_v8/FE04_RAW_LLM_v8_seed2_v4_real/step_records.csv","dissertation_formal_v4","8","2","RawLLM","46","46","formal_low_v8_seed2_2_5","E_W","PROCEED"
"results/formal_experiment/dissertation_formal_v4/runs/seed2_v8/FE04_RAW_LLM_v8_seed2_v4_real/step_records.csv","dissertation_formal_v4","8","2","RawLLM","46","46","formal_low_v8_seed2_2_6","E_W","PROCEED"
"results/formal_experiment/dissertation_formal_v4/runs/seed2_v8/FE04_RAW_LLM_v8_seed2_v4_real/step_records.csv","dissertation_formal_v4","8","2","RawLLM","46","46","formal_low_v8_seed2_2_7","S_N","FREE"
"results/formal_experiment/dissertation_formal_v4/runs/seed2_v8/FE04_RAW_LLM_v8_seed2_v4_real/step_records.csv","dissertation_formal_v4","8","2","RawLLM","47","47","formal_low_v8_seed2_2_2","N_S","WAIT"
"results/formal_experiment/dissertation_formal_v4/runs/seed2_v8/FE04_RAW_LLM_v8_seed2_v4_real/step_records.csv","dissertation_formal_v4","8","2","RawLLM","47","47","formal_low_v8_seed2_2_3","N_S","WAIT"
"results/formal_experiment/dissertation_formal_v4/runs/seed2_v8/FE04_RAW_LLM_v8_seed2_v4_real/step_records.csv","dissertation_formal_v4","8","2","RawLLM","47","47","formal_low_v8_seed2_2_5","E_W","PROCEED"
"results/formal_experiment/dissertation_formal_v4/runs/seed2_v8/FE04_RAW_LLM_v8_seed2_v4_real/step_records.csv","dissertation_formal_v4","8","2","RawLLM","47","47","formal_low_v8_seed2_2_6","E_W","PROCEED"
"results/formal_experiment/dissertation_formal_v4/runs/seed2_v8/FE04_RAW_LLM_v8_seed2_v4_real/step_records.csv","dissertation_formal_v4","8","2","RawLLM","47","47","formal_low_v8_seed2_2_7","S_N","FREE"
"results/formal_experiment/dissertation_formal_v4/runs/seed2_v8/FE04_RAW_LLM_v8_seed2_v4_real/step_records.csv","dissertation_formal_v4","8","2","RawLLM","48","48","formal_low_v8_seed2_2_2","N_S","WAIT"
"results/formal_experiment/dissertation_formal_v4/runs/seed2_v8/FE04_RAW_LLM_v8_seed2_v4_real/step_records.csv","dissertation_formal_v4","8","2","RawLLM","48","48","formal_low_v8_seed2_2_3","N_S","WAIT"
"results/formal_experiment/dissertation_formal_v4/runs/seed2_v8/FE04_RAW_LLM_v8_seed2_v4_real/step_records.csv","dissertation_formal_v4","8","2","RawLLM","48","48","formal_low_v8_seed2_2_5","E_W","PROCEED"
"results/formal_experiment/dissertation_formal_v4/runs/seed2_v8/FE04_RAW_LLM_v8_seed2_v4_real/step_records.csv","dissertation_formal_v4","8","2","RawLLM","48","48","formal_low_v8_seed2_2_6","E_W","PROCEED"
"results/formal_experiment/dissertation_formal_v4/runs/seed2_v8/FE04_RAW_LLM_v8_seed2_v4_real/step_records.csv","dissertation_formal_v4","8","2","RawLLM","48","48","formal_low_v8_seed2_2_7","S_N","FREE"
"results/formal_experiment/dissertation_formal_v4/runs/seed2_v8/FE04_RAW_LLM_v8_seed2_v4_real/step_records.csv","dissertation_formal_v4","8","2","RawLLM","49","49","formal_low_v8_seed2_2_2","N_S","WAIT"
"results/formal_experiment/dissertation_formal_v4/runs/seed2_v8/FE04_RAW_LLM_v8_seed2_v4_real/step_records.csv","dissertation_formal_v4","8","2","RawLLM","49","49","formal_low_v8_seed2_2_3","N_S","WAIT"
"results/formal_experiment/dissertation_formal_v4/runs/seed2_v8/FE04_RAW_LLM_v8_seed2_v4_real/step_records.csv","dissertation_formal_v4","8","2","RawLLM","49","49","formal_low_v8_seed2_2_5","E_W","PROCEED"
"results/formal_experiment/dissertation_formal_v4/runs/seed2_v8/FE04_RAW_LLM_v8_seed2_v4_real/step_records.csv","dissertation_formal_v4","8","2","RawLLM","49","49","formal_low_v8_seed2_2_6","E_W","PROCEED"
"results/formal_experiment/dissertation_formal_v4/runs/seed2_v8/FE04_RAW_LLM_v8_seed2_v4_real/step_records.csv","dissertation_formal_v4","8","2","RawLLM","49","49","formal_low_v8_seed2_2_7","S_N","FREE"
"results/formal_experiment/dissertation_formal_v4/runs/seed2_v8/FE04_RAW_LLM_v8_seed2_v4_real/step_records.csv","dissertation_formal_v4","8","2","RawLLM","50","50","formal_low_v8_seed2_2_2","N_S","PROCEED"
"results/formal_experiment/dissertation_formal_v4/runs/seed2_v8/FE04_RAW_LLM_v8_seed2_v4_real/step_records.csv","dissertation_formal_v4","8","2","RawLLM","50","50","formal_low_v8_seed2_2_3","N_S","PROCEED"
"results/formal_experiment/dissertation_formal_v4/runs/seed2_v8/FE04_RAW_LLM_v8_seed2_v4_real/step_records.csv","dissertation_formal_v4","8","2","RawLLM","50","50","formal_low_v8_seed2_2_5","E_W","WAIT"
"results/formal_experiment/dissertation_formal_v4/runs/seed2_v8/FE04_RAW_LLM_v8_seed2_v4_real/step_records.csv","dissertation_formal_v4","8","2","RawLLM","50","50","formal_low_v8_seed2_2_6","E_W","WAIT"
"results/formal_experiment/dissertation_formal_v4/runs/seed2_v8/FE04_RAW_LLM_v8_seed2_v4_real/step_records.csv","dissertation_formal_v4","8","2","RawLLM","50","50","formal_low_v8_seed2_2_7","S_N","FREE"
"results/formal_experiment/dissertation_formal_v4/runs/seed2_v8/FE04_RAW_LLM_v8_seed2_v4_real/step_records.csv","dissertation_formal_v4","8","2","RawLLM","51","51","formal_low_v8_seed2_2_2","N_S","PROCEED"
"results/formal_experiment/dissertation_formal_v4/runs/seed2_v8/FE04_RAW_LLM_v8_seed2_v4_real/step_records.csv","dissertation_formal_v4","8","2","RawLLM","51","51","formal_low_v8_seed2_2_3","N_S","PROCEED"
"results/formal_experiment/dissertation_formal_v4/runs/seed2_v8/FE04_RAW_LLM_v8_seed2_v4_real/step_records.csv","dissertation_formal_v4","8","2","RawLLM","51","51","formal_low_v8_seed2_2_5","E_W","WAIT"
"results/formal_experiment/dissertation_formal_v4/runs/seed2_v8/FE04_RAW_LLM_v8_seed2_v4_real/step_records.csv","dissertation_formal_v4","8","2","RawLLM","51","51","formal_low_v8_seed2_2_6","E_W","WAIT"
"results/formal_experiment/dissertation_formal_v4/runs/seed2_v8/FE04_RAW_LLM_v8_seed2_v4_real/step_records.csv","dissertation_formal_v4","8","2","RawLLM","51","51","formal_low_v8_seed2_2_7","S_N","PROCEED"
"results/formal_experiment/dissertation_formal_v4/runs/seed2_v8/FE04_RAW_LLM_v8_seed2_v4_real/step_records.csv","dissertation_formal_v4","8","2","RawLLM","52","52","formal_low_v8_seed2_2_2","N_S","PROCEED"
"results/formal_experiment/dissertation_formal_v4/runs/seed2_v8/FE04_RAW_LLM_v8_seed2_v4_real/step_records.csv","dissertation_formal_v4","8","2","RawLLM","52","52","formal_low_v8_seed2_2_3","N_S","PROCEED"
"results/formal_experiment/dissertation_formal_v4/runs/seed2_v8/FE04_RAW_LLM_v8_seed2_v4_real/step_records.csv","dissertation_formal_v4","8","2","RawLLM","52","52","formal_low_v8_seed2_2_5","E_W","WAIT"
"results/formal_experiment/dissertation_formal_v4/runs/seed2_v8/FE04_RAW_LLM_v8_seed2_v4_real/step_records.csv","dissertation_formal_v4","8","2","RawLLM","52","52","formal_low_v8_seed2_2_6","E_W","WAIT"
"results/formal_experiment/dissertation_formal_v4/runs/seed2_v8/FE04_RAW_LLM_v8_seed2_v4_real/step_records.csv","dissertation_formal_v4","8","2","RawLLM","52","52","formal_low_v8_seed2_2_7","S_N","PROCEED"
"results/formal_experiment/dissertation_formal_v4/runs/seed2_v8/FE04_RAW_LLM_v8_seed2_v4_real/step_records.csv","dissertation_formal_v4","8","2","RawLLM","53","53","formal_low_v8_seed2_2_2","N_S","PROCEED"
"results/formal_experiment/dissertation_formal_v4/runs/seed2_v8/FE04_RAW_LLM_v8_seed2_v4_real/step_records.csv","dissertation_formal_v4","8","2","RawLLM","53","53","formal_low_v8_seed2_2_3","N_S","PROCEED"
"results/formal_experiment/dissertation_formal_v4/runs/seed2_v8/FE04_RAW_LLM_v8_seed2_v4_real/step_records.csv","dissertation_formal_v4","8","2","RawLLM","53","53","formal_low_v8_seed2_2_5","E_W","WAIT"
"results/formal_experiment/dissertation_formal_v4/runs/seed2_v8/FE04_RAW_LLM_v8_seed2_v4_real/step_records.csv","dissertation_formal_v4","8","2","RawLLM","53","53","formal_low_v8_seed2_2_6","E_W","WAIT"
"results/formal_experiment/dissertation_formal_v4/runs/seed2_v8/FE04_RAW_LLM_v8_seed2_v4_real/step_records.csv","dissertation_formal_v4","8","2","RawLLM","53","53","formal_low_v8_seed2_2_7","S_N","PROCEED"
"results/formal_experiment/dissertation_formal_v4/runs/seed2_v8/FE04_RAW_LLM_v8_seed2_v4_real/step_records.csv","dissertation_formal_v4","8","2","RawLLM","54","54","formal_low_v8_seed2_2_2","N_S","PROCEED"
"results/formal_experiment/dissertation_formal_v4/runs/seed2_v8/FE04_RAW_LLM_v8_seed2_v4_real/step_records.csv","dissertation_formal_v4","8","2","RawLLM","54","54","formal_low_v8_seed2_2_3","N_S","PROCEED"
"results/formal_experiment/dissertation_formal_v4/runs/seed2_v8/FE04_RAW_LLM_v8_seed2_v4_real/step_records.csv","dissertation_formal_v4","8","2","RawLLM","54","54","formal_low_v8_seed2_2_5","E_W","WAIT"
"results/formal_experiment/dissertation_formal_v4/runs/seed2_v8/FE04_RAW_LLM_v8_seed2_v4_real/step_records.csv","dissertation_formal_v4","8","2","RawLLM","54","54","formal_low_v8_seed2_2_6","E_W","WAIT"
"results/formal_experiment/dissertation_formal_v4/runs/seed2_v8/FE04_RAW_LLM_v8_seed2_v4_real/step_records.csv","dissertation_formal_v4","8","2","RawLLM","54","54","formal_low_v8_seed2_2_7","S_N","PROCEED"
"results/formal_experiment/dissertation_formal_v4/runs/seed2_v8/FE04_RAW_LLM_v8_seed2_v4_real/step_records.csv","dissertation_formal_v4","8","2","RawLLM","55","55","formal_low_v8_seed2_2_2","N_S","PROCEED"
"results/formal_experiment/dissertation_formal_v4/runs/seed2_v8/FE04_RAW_LLM_v8_seed2_v4_real/step_records.csv","dissertation_formal_v4","8","2","RawLLM","55","55","formal_low_v8_seed2_2_3","N_S","PROCEED"
"results/formal_experiment/dissertation_formal_v4/runs/seed2_v8/FE04_RAW_LLM_v8_seed2_v4_real/step_records.csv","dissertation_formal_v4","8","2","RawLLM","55","55","formal_low_v8_seed2_2_5","E_W","WAIT"
"results/formal_experiment/dissertation_formal_v4/runs/seed2_v8/FE04_RAW_LLM_v8_seed2_v4_real/step_records.csv","dissertation_formal_v4","8","2","RawLLM","55","55","formal_low_v8_seed2_2_6","E_W","WAIT"
"results/formal_experiment/dissertation_formal_v4/runs/seed2_v8/FE04_RAW_LLM_v8_seed2_v4_real/step_records.csv","dissertation_formal_v4","8","2","RawLLM","55","55","formal_low_v8_seed2_2_7","S_N","PROCEED"
"results/formal_experiment/dissertation_formal_v4/runs/seed2_v8/FE04_RAW_LLM_v8_seed2_v4_real/step_records.csv","dissertation_formal_v4","8","2","RawLLM","56","56","formal_low_v8_seed2_2_2","N_S","PROCEED"
"results/formal_experiment/dissertation_formal_v4/runs/seed2_v8/FE04_RAW_LLM_v8_seed2_v4_real/step_records.csv","dissertation_formal_v4","8","2","RawLLM","56","56","formal_low_v8_seed2_2_3","N_S","PROCEED"
"results/formal_experiment/dissertation_formal_v4/runs/seed2_v8/FE04_RAW_LLM_v8_seed2_v4_real/step_records.csv","dissertation_formal_v4","8","2","RawLLM","56","56","formal_low_v8_seed2_2_5","E_W","WAIT"
"results/formal_experiment/dissertation_formal_v4/runs/seed2_v8/FE04_RAW_LLM_v8_seed2_v4_real/step_records.csv","dissertation_formal_v4","8","2","RawLLM","56","56","formal_low_v8_seed2_2_6","E_W","WAIT"
"results/formal_experiment/dissertation_formal_v4/runs/seed2_v8/FE04_RAW_LLM_v8_seed2_v4_real/step_records.csv","dissertation_formal_v4","8","2","RawLLM","56","56","formal_low_v8_seed2_2_7","S_N","PROCEED"
"results/formal_experiment/dissertation_formal_v4/runs/seed2_v8/FE04_RAW_LLM_v8_seed2_v4_real/step_records.csv","dissertation_formal_v4","8","2","RawLLM","57","57","formal_low_v8_seed2_2_2","N_S","PROCEED"
"results/formal_experiment/dissertation_formal_v4/runs/seed2_v8/FE04_RAW_LLM_v8_seed2_v4_real/step_records.csv","dissertation_formal_v4","8","2","RawLLM","57","57","formal_low_v8_seed2_2_3","N_S","PROCEED"
"results/formal_experiment/dissertation_formal_v4/runs/seed2_v8/FE04_RAW_LLM_v8_seed2_v4_real/step_records.csv","dissertation_formal_v4","8","2","RawLLM","57","57","formal_low_v8_seed2_2_5","E_W","WAIT"
"results/formal_experiment/dissertation_formal_v4/runs/seed2_v8/FE04_RAW_LLM_v8_seed2_v4_real/step_records.csv","dissertation_formal_v4","8","2","RawLLM","57","57","formal_low_v8_seed2_2_6","E_W","WAIT"
"results/formal_experiment/dissertation_formal_v4/runs/seed2_v8/FE04_RAW_LLM_v8_seed2_v4_real/step_records.csv","dissertation_formal_v4","8","2","RawLLM","57","57","formal_low_v8_seed2_2_7","S_N","PROCEED"
"results/formal_experiment/dissertation_formal_v4/runs/seed2_v8/FE04_RAW_LLM_v8_seed2_v4_real/step_records.csv","dissertation_formal_v4","8","2","RawLLM","58","58","formal_low_v8_seed2_2_2","N_S","FREE"
"results/formal_experiment/dissertation_formal_v4/runs/seed2_v8/FE04_RAW_LLM_v8_seed2_v4_real/step_records.csv","dissertation_formal_v4","8","2","RawLLM","58","58","formal_low_v8_seed2_2_3","N_S","FREE"
"results/formal_experiment/dissertation_formal_v4/runs/seed2_v8/FE04_RAW_LLM_v8_seed2_v4_real/step_records.csv","dissertation_formal_v4","8","2","RawLLM","58","58","formal_low_v8_seed2_2_5","E_W","WAIT"
"results/formal_experiment/dissertation_formal_v4/runs/seed2_v8/FE04_RAW_LLM_v8_seed2_v4_real/step_records.csv","dissertation_formal_v4","8","2","RawLLM","58","58","formal_low_v8_seed2_2_6","E_W","WAIT"
"results/formal_experiment/dissertation_formal_v4/runs/seed2_v8/FE04_RAW_LLM_v8_seed2_v4_real/step_records.csv","dissertation_formal_v4","8","2","RawLLM","58","58","formal_low_v8_seed2_2_7","S_N","PROCEED"
"results/formal_experiment/dissertation_formal_v4/runs/seed2_v8/FE04_RAW_LLM_v8_seed2_v4_real/step_records.csv","dissertation_formal_v4","8","2","RawLLM","59","59","formal_low_v8_seed2_2_2","N_S","FREE"
"results/formal_experiment/dissertation_formal_v4/runs/seed2_v8/FE04_RAW_LLM_v8_seed2_v4_real/step_records.csv","dissertation_formal_v4","8","2","RawLLM","59","59","formal_low_v8_seed2_2_3","N_S","FREE"
"results/formal_experiment/dissertation_formal_v4/runs/seed2_v8/FE04_RAW_LLM_v8_seed2_v4_real/step_records.csv","dissertation_formal_v4","8","2","RawLLM","59","59","formal_low_v8_seed2_2_5","E_W","PROCEED"
"results/formal_experiment/dissertation_formal_v4/runs/seed2_v8/FE04_RAW_LLM_v8_seed2_v4_real/step_records.csv","dissertation_formal_v4","8","2","RawLLM","59","59","formal_low_v8_seed2_2_6","E_W","PROCEED"
"results/formal_experiment/dissertation_formal_v4/runs/seed2_v8/FE04_RAW_LLM_v8_seed2_v4_real/step_records.csv","dissertation_formal_v4","8","2","RawLLM","59","59","formal_low_v8_seed2_2_7","S_N","FREE"
"results/formal_experiment/dissertation_formal_v4/runs/seed2_v8/FE04_RAW_LLM_v8_seed2_v4_real/step_records.csv","dissertation_formal_v4","8","2","RawLLM","60","60","formal_low_v8_seed2_2_2","N_S","FREE"
"results/formal_experiment/dissertation_formal_v4/runs/seed2_v8/FE04_RAW_LLM_v8_seed2_v4_real/step_records.csv","dissertation_formal_v4","8","2","RawLLM","60","60","formal_low_v8_seed2_2_3","N_S","FREE"
"results/formal_experiment/dissertation_formal_v4/runs/seed2_v8/FE04_RAW_LLM_v8_seed2_v4_real/step_records.csv","dissertation_formal_v4","8","2","RawLLM","60","60","formal_low_v8_seed2_2_5","E_W","PROCEED"
"results/formal_experiment/dissertation_formal_v4/runs/seed2_v8/FE04_RAW_LLM_v8_seed2_v4_real/step_records.csv","dissertation_formal_v4","8","2","RawLLM","60","60","formal_low_v8_seed2_2_6","E_W","PROCEED"
"results/formal_experiment/dissertation_formal_v4/runs/seed2_v8/FE04_RAW_LLM_v8_seed2_v4_real/step_records.csv","dissertation_formal_v4","8","2","RawLLM","60","60","formal_low_v8_seed2_2_7","S_N","FREE"
"results/formal_experiment/dissertation_formal_v4/runs/seed2_v8/FE04_RAW_LLM_v8_seed2_v4_real/step_records.csv","dissertation_formal_v4","8","2","RawLLM","61","61","formal_low_v8_seed2_2_2","N_S","FREE"
"results/formal_experiment/dissertation_formal_v4/runs/seed2_v8/FE04_RAW_LLM_v8_seed2_v4_real/step_records.csv","dissertation_formal_v4","8","2","RawLLM","61","61","formal_low_v8_seed2_2_3","N_S","FREE"
"results/formal_experiment/dissertation_formal_v4/runs/seed2_v8/FE04_RAW_LLM_v8_seed2_v4_real/step_records.csv","dissertation_formal_v4","8","2","RawLLM","61","61","formal_low_v8_seed2_2_5","E_W","PROCEED"
"results/formal_experiment/dissertation_formal_v4/runs/seed2_v8/FE04_RAW_LLM_v8_seed2_v4_real/step_records.csv","dissertation_formal_v4","8","2","RawLLM","61","61","formal_low_v8_seed2_2_6","E_W","PROCEED"
"results/formal_experiment/dissertation_formal_v4/runs/seed2_v8/FE04_RAW_LLM_v8_seed2_v4_real/step_records.csv","dissertation_formal_v4","8","2","RawLLM","61","61","formal_low_v8_seed2_2_7","S_N","FREE"
"results/formal_experiment/dissertation_formal_v4/runs/seed2_v8/FE04_RAW_LLM_v8_seed2_v4_real/step_records.csv","dissertation_formal_v4","8","2","RawLLM","62","62","formal_low_v8_seed2_2_2","N_S","FREE"
"results/formal_experiment/dissertation_formal_v4/runs/seed2_v8/FE04_RAW_LLM_v8_seed2_v4_real/step_records.csv","dissertation_formal_v4","8","2","RawLLM","62","62","formal_low_v8_seed2_2_3","N_S","FREE"
"results/formal_experiment/dissertation_formal_v4/runs/seed2_v8/FE04_RAW_LLM_v8_seed2_v4_real/step_records.csv","dissertation_formal_v4","8","2","RawLLM","62","62","formal_low_v8_seed2_2_5","E_W","PROCEED"
"results/formal_experiment/dissertation_formal_v4/runs/seed2_v8/FE04_RAW_LLM_v8_seed2_v4_real/step_records.csv","dissertation_formal_v4","8","2","RawLLM","62","62","formal_low_v8_seed2_2_6","E_W","PROCEED"
"results/formal_experiment/dissertation_formal_v4/runs/seed2_v8/FE04_RAW_LLM_v8_seed2_v4_real/step_records.csv","dissertation_formal_v4","8","2","RawLLM","62","62","formal_low_v8_seed2_2_7","S_N","FREE"
"results/formal_experiment/dissertation_formal_v4/runs/seed2_v8/FE04_RAW_LLM_v8_seed2_v4_real/step_records.csv","dissertation_formal_v4","8","2","RawLLM","63","63","formal_low_v8_seed2_2_5","E_W","PROCEED"
"results/formal_experiment/dissertation_formal_v4/runs/seed2_v8/FE04_RAW_LLM_v8_seed2_v4_real/step_records.csv","dissertation_formal_v4","8","2","RawLLM","63","63","formal_low_v8_seed2_2_6","E_W","PROCEED"
"results/formal_experiment/dissertation_formal_v4/runs/seed2_v8/FE04_RAW_LLM_v8_seed2_v4_real/step_records.csv","dissertation_formal_v4","8","2","RawLLM","63","63","formal_low_v8_seed2_2_7","S_N","FREE"
"results/formal_experiment/dissertation_formal_v4/runs/seed2_v8/FE04_RAW_LLM_v8_seed2_v4_real/step_records.csv","dissertation_formal_v4","8","2","RawLLM","64","64","formal_low_v8_seed2_2_5","E_W","PROCEED"
"results/formal_experiment/dissertation_formal_v4/runs/seed2_v8/FE04_RAW_LLM_v8_seed2_v4_real/step_records.csv","dissertation_formal_v4","8","2","RawLLM","64","64","formal_low_v8_seed2_2_6","E_W","PROCEED"
"results/formal_experiment/dissertation_formal_v4/runs/seed2_v8/FE04_RAW_LLM_v8_seed2_v4_real/step_records.csv","dissertation_formal_v4","8","2","RawLLM","65","65","formal_low_v8_seed2_2_5","E_W","PROCEED"
"results/formal_experiment/dissertation_formal_v4/runs/seed2_v8/FE04_RAW_LLM_v8_seed2_v4_real/step_records.csv","dissertation_formal_v4","8","2","RawLLM","65","65","formal_low_v8_seed2_2_6","E_W","PROCEED"
"results/formal_experiment/dissertation_formal_v4/runs/seed2_v8/FE04_RAW_LLM_v8_seed2_v4_real/step_records.csv","dissertation_formal_v4","8","2","RawLLM","66","66","formal_low_v8_seed2_2_5","E_W","PROCEED"
"results/formal_experiment/dissertation_formal_v4/runs/seed2_v8/FE04_RAW_LLM_v8_seed2_v4_real/step_records.csv","dissertation_formal_v4","8","2","RawLLM","66","66","formal_low_v8_seed2_2_6","E_W","PROCEED"
"results/formal_experiment/dissertation_formal_v4/runs/seed2_v8/FE04_RAW_LLM_v8_seed2_v4_real/step_records.csv","dissertation_formal_v4","8","2","RawLLM","67","67","formal_low_v8_seed2_2_5","E_W","PROCEED"
"results/formal_experiment/dissertation_formal_v4/runs/seed2_v8/FE04_RAW_LLM_v8_seed2_v4_real/step_records.csv","dissertation_formal_v4","8","2","RawLLM","67","67","formal_low_v8_seed2_2_6","E_W","PROCEED"
"results/formal_experiment/dissertation_formal_v4/runs/seed2_v8/FE04_RAW_LLM_v8_seed2_v4_real/step_records.csv","dissertation_formal_v4","8","2","RawLLM","68","68","formal_low_v8_seed2_2_5","E_W","PROCEED"
"results/formal_experiment/dissertation_formal_v4/runs/seed2_v8/FE04_RAW_LLM_v8_seed2_v4_real/step_records.csv","dissertation_formal_v4","8","2","RawLLM","68","68","formal_low_v8_seed2_2_6","E_W","PROCEED"
"results/formal_experiment/dissertation_formal_v4/runs/seed2_v8/FE04_RAW_LLM_v8_seed2_v4_real/step_records.csv","dissertation_formal_v4","8","2","RawLLM","69","69","formal_low_v8_seed2_2_5","E_W","PROCEED"
"results/formal_experiment/dissertation_formal_v4/runs/seed2_v8/FE04_RAW_LLM_v8_seed2_v4_real/step_records.csv","dissertation_formal_v4","8","2","RawLLM","69","69","formal_low_v8_seed2_2_6","E_W","PROCEED"
"results/formal_experiment/dissertation_formal_v4/runs/seed2_v8/FE04_RAW_LLM_v8_seed2_v4_real/step_records.csv","dissertation_formal_v4","8","2","RawLLM","70","70","formal_low_v8_seed2_2_5","E_W","PROCEED"
"results/formal_experiment/dissertation_formal_v4/runs/seed2_v8/FE04_RAW_LLM_v8_seed2_v4_real/step_records.csv","dissertation_formal_v4","8","2","RawLLM","70","70","formal_low_v8_seed2_2_6","E_W","PROCEED"
"results/formal_experiment/dissertation_formal_v4/runs/seed2_v8/FE04_RAW_LLM_v8_seed2_v4_real/step_records.csv","dissertation_formal_v4","8","2","RawLLM","71","71","formal_low_v8_seed2_2_5","E_W","PROCEED"
"results/formal_experiment/dissertation_formal_v4/runs/seed2_v8/FE04_RAW_LLM_v8_seed2_v4_real/step_records.csv","dissertation_formal_v4","8","2","RawLLM","71","71","formal_low_v8_seed2_2_6","E_W","PROCEED"
"results/formal_experiment/dissertation_formal_v4/runs/seed2_v8/FE04_RAW_LLM_v8_seed2_v4_real/step_records.csv","dissertation_formal_v4","8","2","RawLLM","72","72","formal_low_v8_seed2_2_5","E_W","PROCEED"
"results/formal_experiment/dissertation_formal_v4/runs/seed2_v8/FE04_RAW_LLM_v8_seed2_v4_real/step_records.csv","dissertation_formal_v4","8","2","RawLLM","72","72","formal_low_v8_seed2_2_6","E_W","PROCEED"
"results/formal_experiment/dissertation_formal_v4/runs/seed2_v8/FE04_RAW_LLM_v8_seed2_v4_real/step_records.csv","dissertation_formal_v4","8","2","RawLLM","73","73","formal_low_v8_seed2_2_5","E_W","PROCEED"
"results/formal_experiment/dissertation_formal_v4/runs/seed2_v8/FE04_RAW_LLM_v8_seed2_v4_real/step_records.csv","dissertation_formal_v4","8","2","RawLLM","73","73","formal_low_v8_seed2_2_6","E_W","PROCEED"
"results/formal_experiment/dissertation_formal_v4/runs/seed2_v8/FE04_RAW_LLM_v8_seed2_v4_real/step_records.csv","dissertation_formal_v4","8","2","RawLLM","74","74","formal_low_v8_seed2_2_5","E_W","PROCEED"
"results/formal_experiment/dissertation_formal_v4/runs/seed2_v8/FE04_RAW_LLM_v8_seed2_v4_real/step_records.csv","dissertation_formal_v4","8","2","RawLLM","74","74","formal_low_v8_seed2_2_6","E_W","PROCEED"
"results/formal_experiment/dissertation_formal_v4/runs/seed2_v8/FE04_RAW_LLM_v8_seed2_v4_real/step_records.csv","dissertation_formal_v4","8","2","RawLLM","75","75","formal_low_v8_seed2_2_5","E_W","PROCEED"
"results/formal_experiment/dissertation_formal_v4/runs/seed2_v8/FE04_RAW_LLM_v8_seed2_v4_real/step_records.csv","dissertation_formal_v4","8","2","RawLLM","75","75","formal_low_v8_seed2_2_6","E_W","PROCEED"
"results/formal_experiment/dissertation_formal_v4/runs/seed2_v8/FE04_RAW_LLM_v8_seed2_v4_real/step_records.csv","dissertation_formal_v4","8","2","RawLLM","76","76","formal_low_v8_seed2_2_5","E_W","PROCEED"
"results/formal_experiment/dissertation_formal_v4/runs/seed2_v8/FE04_RAW_LLM_v8_seed2_v4_real/step_records.csv","dissertation_formal_v4","8","2","RawLLM","76","76","formal_low_v8_seed2_2_6","E_W","PROCEED"
"results/formal_experiment/dissertation_formal_v4/runs/seed2_v8/FE04_RAW_LLM_v8_seed2_v4_real/step_records.csv","dissertation_formal_v4","8","2","RawLLM","77","77","formal_low_v8_seed2_2_5","E_W","PROCEED"
"results/formal_experiment/dissertation_formal_v4/runs/seed2_v8/FE04_RAW_LLM_v8_seed2_v4_real/step_records.csv","dissertation_formal_v4","8","2","RawLLM","77","77","formal_low_v8_seed2_2_6","E_W","PROCEED"
"results/formal_experiment/dissertation_formal_v4/runs/seed2_v8/FE04_RAW_LLM_v8_seed2_v4_real/step_records.csv","dissertation_formal_v4","8","2","RawLLM","78","78","formal_low_v8_seed2_2_5","E_W","PROCEED"
"results/formal_experiment/dissertation_formal_v4/runs/seed2_v8/FE04_RAW_LLM_v8_seed2_v4_real/step_records.csv","dissertation_formal_v4","8","2","RawLLM","78","78","formal_low_v8_seed2_2_6","E_W","PROCEED"
"results/formal_experiment/dissertation_formal_v4/runs/seed2_v8/FE04_RAW_LLM_v8_seed2_v4_real/step_records.csv","dissertation_formal_v4","8","2","RawLLM","79","79","formal_low_v8_seed2_2_5","E_W","PROCEED"
"results/formal_experiment/dissertation_formal_v4/runs/seed2_v8/FE04_RAW_LLM_v8_seed2_v4_real/step_records.csv","dissertation_formal_v4","8","2","RawLLM","79","79","formal_low_v8_seed2_2_6","E_W","PROCEED"
"results/formal_experiment/dissertation_formal_v4/runs/seed2_v8/FE04_RAW_LLM_v8_seed2_v4_real/step_records.csv","dissertation_formal_v4","8","2","RawLLM","80","80","formal_low_v8_seed2_2_5","E_W","PROCEED"
"results/formal_experiment/dissertation_formal_v4/runs/seed2_v8/FE04_RAW_LLM_v8_seed2_v4_real/step_records.csv","dissertation_formal_v4","8","2","RawLLM","80","80","formal_low_v8_seed2_2_6","E_W","PROCEED"
"results/formal_experiment/dissertation_formal_v4/runs/seed2_v8/FE04_RAW_LLM_v8_seed2_v4_real/step_records.csv","dissertation_formal_v4","8","2","RawLLM","81","81","formal_low_v8_seed2_2_5","E_W","PROCEED"
"results/formal_experiment/dissertation_formal_v4/runs/seed2_v8/FE04_RAW_LLM_v8_seed2_v4_real/step_records.csv","dissertation_formal_v4","8","2","RawLLM","81","81","formal_low_v8_seed2_2_6","E_W","PROCEED"
"results/formal_experiment/dissertation_formal_v4/runs/seed2_v8/FE04_RAW_LLM_v8_seed2_v4_real/step_records.csv","dissertation_formal_v4","8","2","RawLLM","82","82","formal_low_v8_seed2_2_5","E_W","PROCEED"
"results/formal_experiment/dissertation_formal_v4/runs/seed2_v8/FE04_RAW_LLM_v8_seed2_v4_real/step_records.csv","dissertation_formal_v4","8","2","RawLLM","82","82","formal_low_v8_seed2_2_6","E_W","PROCEED"
"results/formal_experiment/dissertation_formal_v4/runs/seed2_v8/FE04_RAW_LLM_v8_seed2_v4_real/step_records.csv","dissertation_formal_v4","8","2","RawLLM","83","83","formal_low_v8_seed2_2_5","E_W","PROCEED"
"results/formal_experiment/dissertation_formal_v4/runs/seed2_v8/FE04_RAW_LLM_v8_seed2_v4_real/step_records.csv","dissertation_formal_v4","8","2","RawLLM","83","83","formal_low_v8_seed2_2_6","E_W","PROCEED"
"results/formal_experiment/dissertation_formal_v4/runs/seed2_v8/FE04_RAW_LLM_v8_seed2_v4_real/step_records.csv","dissertation_formal_v4","8","2","RawLLM","84","84","formal_low_v8_seed2_2_5","E_W","PROCEED"
"results/formal_experiment/dissertation_formal_v4/runs/seed2_v8/FE04_RAW_LLM_v8_seed2_v4_real/step_records.csv","dissertation_formal_v4","8","2","RawLLM","84","84","formal_low_v8_seed2_2_6","E_W","PROCEED"
"results/formal_experiment/dissertation_formal_v4/runs/seed2_v8/FE04_RAW_LLM_v8_seed2_v4_real/step_records.csv","dissertation_formal_v4","8","2","RawLLM","85","85","formal_low_v8_seed2_2_5","E_W","PROCEED"
"results/formal_experiment/dissertation_formal_v4/runs/seed2_v8/FE04_RAW_LLM_v8_seed2_v4_real/step_records.csv","dissertation_formal_v4","8","2","RawLLM","85","85","formal_low_v8_seed2_2_6","E_W","PROCEED"
"results/formal_experiment/dissertation_formal_v4/runs/seed2_v8/FE04_RAW_LLM_v8_seed2_v4_real/step_records.csv","dissertation_formal_v4","8","2","RawLLM","86","86","formal_low_v8_seed2_2_5","E_W","PROCEED"
"results/formal_experiment/dissertation_formal_v4/runs/seed2_v8/FE04_RAW_LLM_v8_seed2_v4_real/step_records.csv","dissertation_formal_v4","8","2","RawLLM","86","86","formal_low_v8_seed2_2_6","E_W","PROCEED"
"results/formal_experiment/dissertation_formal_v4/runs/seed2_v8/FE04_RAW_LLM_v8_seed2_v4_real/step_records.csv","dissertation_formal_v4","8","2","RawLLM","87","87","formal_low_v8_seed2_2_5","E_W","PROCEED"
"results/formal_experiment/dissertation_formal_v4/runs/seed2_v8/FE04_RAW_LLM_v8_seed2_v4_real/step_records.csv","dissertation_formal_v4","8","2","RawLLM","87","87","formal_low_v8_seed2_2_6","E_W","PROCEED"
"results/formal_experiment/dissertation_formal_v4/runs/seed2_v8/FE04_RAW_LLM_v8_seed2_v4_real/step_records.csv","dissertation_formal_v4","8","2","RawLLM","88","88","formal_low_v8_seed2_2_5","E_W","PROCEED"
"results/formal_experiment/dissertation_formal_v4/runs/seed2_v8/FE04_RAW_LLM_v8_seed2_v4_real/step_records.csv","dissertation_formal_v4","8","2","RawLLM","88","88","formal_low_v8_seed2_2_6","E_W","PROCEED"
"results/formal_experiment/dissertation_formal_v4/runs/seed2_v8/FE04_RAW_LLM_v8_seed2_v4_real/step_records.csv","dissertation_formal_v4","8","2","RawLLM","89","89","formal_low_v8_seed2_2_5","E_W","PROCEED"
"results/formal_experiment/dissertation_formal_v4/runs/seed2_v8/FE04_RAW_LLM_v8_seed2_v4_real/step_records.csv","dissertation_formal_v4","8","2","RawLLM","89","89","formal_low_v8_seed2_2_6","E_W","PROCEED"
"results/formal_experiment/dissertation_formal_v4/runs/seed2_v8/FE04_RAW_LLM_v8_seed2_v4_real/step_records.csv","dissertation_formal_v4","8","2","RawLLM","90","90","formal_low_v8_seed2_2_5","E_W","PROCEED"
"results/formal_experiment/dissertation_formal_v4/runs/seed2_v8/FE04_RAW_LLM_v8_seed2_v4_real/step_records.csv","dissertation_formal_v4","8","2","RawLLM","90","90","formal_low_v8_seed2_2_6","E_W","PROCEED"
"results/formal_experiment/dissertation_formal_v4/runs/seed2_v8/FE04_RAW_LLM_v8_seed2_v4_real/step_records.csv","dissertation_formal_v4","8","2","RawLLM","91","91","formal_low_v8_seed2_2_5","E_W","PROCEED"
"results/formal_experiment/dissertation_formal_v4/runs/seed2_v8/FE04_RAW_LLM_v8_seed2_v4_real/step_records.csv","dissertation_formal_v4","8","2","RawLLM","91","91","formal_low_v8_seed2_2_6","E_W","PROCEED"
"results/formal_experiment/dissertation_formal_v4/runs/seed2_v8/FE04_RAW_LLM_v8_seed2_v4_real/step_records.csv","dissertation_formal_v4","8","2","RawLLM","92","92","formal_low_v8_seed2_2_5","E_W","PROCEED"
"results/formal_experiment/dissertation_formal_v4/runs/seed2_v8/FE04_RAW_LLM_v8_seed2_v4_real/step_records.csv","dissertation_formal_v4","8","2","RawLLM","92","92","formal_low_v8_seed2_2_6","E_W","PROCEED"
"results/formal_experiment/dissertation_formal_v4/runs/seed2_v8/FE04_RAW_LLM_v8_seed2_v4_real/step_records.csv","dissertation_formal_v4","8","2","RawLLM","93","93","formal_low_v8_seed2_2_5","E_W","PROCEED"
"results/formal_experiment/dissertation_formal_v4/runs/seed2_v8/FE04_RAW_LLM_v8_seed2_v4_real/step_records.csv","dissertation_formal_v4","8","2","RawLLM","93","93","formal_low_v8_seed2_2_6","E_W","PROCEED"
"results/formal_experiment/dissertation_formal_v4/runs/seed2_v8/FE04_RAW_LLM_v8_seed2_v4_real/step_records.csv","dissertation_formal_v4","8","2","RawLLM","94","94","formal_low_v8_seed2_2_5","E_W","PROCEED"
"results/formal_experiment/dissertation_formal_v4/runs/seed2_v8/FE04_RAW_LLM_v8_seed2_v4_real/step_records.csv","dissertation_formal_v4","8","2","RawLLM","94","94","formal_low_v8_seed2_2_6","E_W","PROCEED"
"results/formal_experiment/dissertation_formal_v4/runs/seed2_v8/FE04_RAW_LLM_v8_seed2_v4_real/step_records.csv","dissertation_formal_v4","8","2","RawLLM","95","95","formal_low_v8_seed2_2_5","E_W","PROCEED"
"results/formal_experiment/dissertation_formal_v4/runs/seed2_v8/FE04_RAW_LLM_v8_seed2_v4_real/step_records.csv","dissertation_formal_v4","8","2","RawLLM","95","95","formal_low_v8_seed2_2_6","E_W","PROCEED"
"results/formal_experiment/dissertation_formal_v4/runs/seed2_v8/FE04_RAW_LLM_v8_seed2_v4_real/step_records.csv","dissertation_formal_v4","8","2","RawLLM","96","96","formal_low_v8_seed2_2_5","E_W","PROCEED"
"results/formal_experiment/dissertation_formal_v4/runs/seed2_v8/FE04_RAW_LLM_v8_seed2_v4_real/step_records.csv","dissertation_formal_v4","8","2","RawLLM","96","96","formal_low_v8_seed2_2_6","E_W","PROCEED"
"results/formal_experiment/dissertation_formal_v4/runs/seed2_v8/FE04_RAW_LLM_v8_seed2_v4_real/step_records.csv","dissertation_formal_v4","8","2","RawLLM","97","97","formal_low_v8_seed2_2_5","E_W","PROCEED"
"results/formal_experiment/dissertation_formal_v4/runs/seed2_v8/FE04_RAW_LLM_v8_seed2_v4_real/step_records.csv","dissertation_formal_v4","8","2","RawLLM","97","97","formal_low_v8_seed2_2_6","E_W","PROCEED"
"results/formal_experiment/dissertation_formal_v4/runs/seed2_v8/FE04_RAW_LLM_v8_seed2_v4_real/step_records.csv","dissertation_formal_v4","8","2","RawLLM","98","98","formal_low_v8_seed2_2_5","E_W","FREE"
"results/formal_experiment/dissertation_formal_v4/runs/seed2_v8/FE04_RAW_LLM_v8_seed2_v4_real/step_records.csv","dissertation_formal_v4","8","2","RawLLM","98","98","formal_low_v8_seed2_2_6","E_W","FREE"
"results/formal_experiment/dissertation_formal_v4/runs/seed2_v8/FE04_RAW_LLM_v8_seed2_v4_real/step_records.csv","dissertation_formal_v4","8","2","RawLLM","99","99","formal_low_v8_seed2_2_5","E_W","FREE"
"results/formal_experiment/dissertation_formal_v4/runs/seed2_v8/FE04_RAW_LLM_v8_seed2_v4_real/step_records.csv","dissertation_formal_v4","8","2","RawLLM","99","99","formal_low_v8_seed2_2_6","E_W","FREE"
"results/formal_experiment/dissertation_formal_v4/runs/seed2_v8/FE04_RAW_LLM_v8_seed2_v4_real/step_records.csv","dissertation_formal_v4","8","2","RawLLM","100","100","formal_low_v8_seed2_2_5","E_W","FREE"
"results/formal_experiment/dissertation_formal_v4/runs/seed2_v8/FE04_RAW_LLM_v8_seed2_v4_real/step_records.csv","dissertation_formal_v4","8","2","RawLLM","100","100","formal_low_v8_seed2_2_6","E_W","FREE"
"results/formal_experiment/dissertation_formal_v4/runs/seed2_v8/FE04_RAW_LLM_v8_seed2_v4_real/step_records.csv","dissertation_formal_v4","8","2","RawLLM","101","101","formal_low_v8_seed2_2_5","E_W","FREE"
"results/formal_experiment/dissertation_formal_v4/runs/seed2_v8/FE04_RAW_LLM_v8_seed2_v4_real/step_records.csv","dissertation_formal_v4","8","2","RawLLM","101","101","formal_low_v8_seed2_2_6","E_W","FREE"
"results/formal_experiment/dissertation_formal_v4/runs/seed2_v8/FE04_RAW_LLM_v8_seed2_v4_real/step_records.csv","dissertation_formal_v4","8","2","RawLLM","102","102","formal_low_v8_seed2_2_5","E_W","FREE"
"results/formal_experiment/dissertation_formal_v4/runs/seed2_v8/FE04_RAW_LLM_v8_seed2_v4_real/step_records.csv","dissertation_formal_v4","8","2","RawLLM","102","102","formal_low_v8_seed2_2_6","E_W","FREE"
"results/formal_experiment/dissertation_formal_v4/runs/seed2_v8/FE04_RAW_LLM_v8_seed2_v4_real/step_records.csv","dissertation_formal_v4","8","2","RawLLM","103","103","formal_low_v8_seed2_2_5","E_W","FREE"
"results/formal_experiment/dissertation_formal_v4/runs/seed2_v8/FE04_RAW_LLM_v8_seed2_v4_real/step_records.csv","dissertation_formal_v4","8","2","RawLLM","103","103","formal_low_v8_seed2_2_6","E_W","FREE"
"results/formal_experiment/dissertation_formal_v4/runs/seed2_v8/FE04_RAW_LLM_v8_seed2_v4_real/step_records.csv","dissertation_formal_v4","8","2","RawLLM","104","104","formal_low_v8_seed2_2_5","E_W","FREE"
"results/formal_experiment/dissertation_formal_v4/runs/seed2_v8/FE04_RAW_LLM_v8_seed2_v4_real/step_records.csv","dissertation_formal_v4","8","2","RawLLM","104","104","formal_low_v8_seed2_2_6","E_W","FREE"
"results/formal_experiment/dissertation_formal_v4/runs/seed2_v8/FE04_RAW_LLM_v8_seed2_v4_real/step_records.csv","dissertation_formal_v4","8","2","RawLLM","105","105","formal_low_v8_seed2_2_5","E_W","FREE"
"results/formal_experiment/dissertation_formal_v4/runs/seed2_v8/FE04_RAW_LLM_v8_seed2_v4_real/step_records.csv","dissertation_formal_v4","8","2","RawLLM","106","106","formal_low_v8_seed2_2_5","E_W","FREE"
"results/formal_experiment/dissertation_formal_v4/runs/seed2_v8/FE05_HYBRID_v8_seed2_v4_real/step_records.csv","dissertation_formal_v4","8","2","HybridLLM","0","0","formal_low_v8_seed2_2_0","W_E","FREE"
"results/formal_experiment/dissertation_formal_v4/runs/seed2_v8/FE05_HYBRID_v8_seed2_v4_real/step_records.csv","dissertation_formal_v4","8","2","HybridLLM","1","1","formal_low_v8_seed2_2_0","W_E","FREE"
"results/formal_experiment/dissertation_formal_v4/runs/seed2_v8/FE05_HYBRID_v8_seed2_v4_real/step_records.csv","dissertation_formal_v4","8","2","HybridLLM","2","2","formal_low_v8_seed2_2_0","W_E","FREE"
"results/formal_experiment/dissertation_formal_v4/runs/seed2_v8/FE05_HYBRID_v8_seed2_v4_real/step_records.csv","dissertation_formal_v4","8","2","HybridLLM","3","3","formal_low_v8_seed2_2_0","W_E","FREE"
"results/formal_experiment/dissertation_formal_v4/runs/seed2_v8/FE05_HYBRID_v8_seed2_v4_real/step_records.csv","dissertation_formal_v4","8","2","HybridLLM","4","4","formal_low_v8_seed2_2_0","W_E","FREE"
"results/formal_experiment/dissertation_formal_v4/runs/seed2_v8/FE05_HYBRID_v8_seed2_v4_real/step_records.csv","dissertation_formal_v4","8","2","HybridLLM","4","4","formal_low_v8_seed2_2_1","W_E","FREE"
"results/formal_experiment/dissertation_formal_v4/runs/seed2_v8/FE05_HYBRID_v8_seed2_v4_real/step_records.csv","dissertation_formal_v4","8","2","HybridLLM","5","5","formal_low_v8_seed2_2_0","W_E","FREE"
"results/formal_experiment/dissertation_formal_v4/runs/seed2_v8/FE05_HYBRID_v8_seed2_v4_real/step_records.csv","dissertation_formal_v4","8","2","HybridLLM","5","5","formal_low_v8_seed2_2_1","W_E","FREE"
"results/formal_experiment/dissertation_formal_v4/runs/seed2_v8/FE05_HYBRID_v8_seed2_v4_real/step_records.csv","dissertation_formal_v4","8","2","HybridLLM","6","6","formal_low_v8_seed2_2_0","W_E","FREE"
"results/formal_experiment/dissertation_formal_v4/runs/seed2_v8/FE05_HYBRID_v8_seed2_v4_real/step_records.csv","dissertation_formal_v4","8","2","HybridLLM","6","6","formal_low_v8_seed2_2_1","W_E","FREE"
"results/formal_experiment/dissertation_formal_v4/runs/seed2_v8/FE05_HYBRID_v8_seed2_v4_real/step_records.csv","dissertation_formal_v4","8","2","HybridLLM","7","7","formal_low_v8_seed2_2_0","W_E","PROCEED"
"results/formal_experiment/dissertation_formal_v4/runs/seed2_v8/FE05_HYBRID_v8_seed2_v4_real/step_records.csv","dissertation_formal_v4","8","2","HybridLLM","7","7","formal_low_v8_seed2_2_1","W_E","FREE"
"results/formal_experiment/dissertation_formal_v4/runs/seed2_v8/FE05_HYBRID_v8_seed2_v4_real/step_records.csv","dissertation_formal_v4","8","2","HybridLLM","8","8","formal_low_v8_seed2_2_0","W_E","PROCEED"
"results/formal_experiment/dissertation_formal_v4/runs/seed2_v8/FE05_HYBRID_v8_seed2_v4_real/step_records.csv","dissertation_formal_v4","8","2","HybridLLM","8","8","formal_low_v8_seed2_2_1","W_E","FREE"
"results/formal_experiment/dissertation_formal_v4/runs/seed2_v8/FE05_HYBRID_v8_seed2_v4_real/step_records.csv","dissertation_formal_v4","8","2","HybridLLM","9","9","formal_low_v8_seed2_2_0","W_E","PROCEED"
"results/formal_experiment/dissertation_formal_v4/runs/seed2_v8/FE05_HYBRID_v8_seed2_v4_real/step_records.csv","dissertation_formal_v4","8","2","HybridLLM","9","9","formal_low_v8_seed2_2_1","W_E","FREE"
"results/formal_experiment/dissertation_formal_v4/runs/seed2_v8/FE05_HYBRID_v8_seed2_v4_real/step_records.csv","dissertation_formal_v4","8","2","HybridLLM","9","9","formal_low_v8_seed2_2_2","N_S","FREE"
"results/formal_experiment/dissertation_formal_v4/runs/seed2_v8/FE05_HYBRID_v8_seed2_v4_real/step_records.csv","dissertation_formal_v4","8","2","HybridLLM","10","10","formal_low_v8_seed2_2_0","W_E","PROCEED"
"results/formal_experiment/dissertation_formal_v4/runs/seed2_v8/FE05_HYBRID_v8_seed2_v4_real/step_records.csv","dissertation_formal_v4","8","2","HybridLLM","10","10","formal_low_v8_seed2_2_1","W_E","FREE"
"results/formal_experiment/dissertation_formal_v4/runs/seed2_v8/FE05_HYBRID_v8_seed2_v4_real/step_records.csv","dissertation_formal_v4","8","2","HybridLLM","10","10","formal_low_v8_seed2_2_2","N_S","FREE"
"results/formal_experiment/dissertation_formal_v4/runs/seed2_v8/FE05_HYBRID_v8_seed2_v4_real/step_records.csv","dissertation_formal_v4","8","2","HybridLLM","11","11","formal_low_v8_seed2_2_0","W_E","PROCEED"
"results/formal_experiment/dissertation_formal_v4/runs/seed2_v8/FE05_HYBRID_v8_seed2_v4_real/step_records.csv","dissertation_formal_v4","8","2","HybridLLM","11","11","formal_low_v8_seed2_2_1","W_E","FREE"
"results/formal_experiment/dissertation_formal_v4/runs/seed2_v8/FE05_HYBRID_v8_seed2_v4_real/step_records.csv","dissertation_formal_v4","8","2","HybridLLM","11","11","formal_low_v8_seed2_2_2","N_S","FREE"
"results/formal_experiment/dissertation_formal_v4/runs/seed2_v8/FE05_HYBRID_v8_seed2_v4_real/step_records.csv","dissertation_formal_v4","8","2","HybridLLM","12","12","formal_low_v8_seed2_2_0","W_E","PROCEED"
"results/formal_experiment/dissertation_formal_v4/runs/seed2_v8/FE05_HYBRID_v8_seed2_v4_real/step_records.csv","dissertation_formal_v4","8","2","HybridLLM","12","12","formal_low_v8_seed2_2_1","W_E","PROCEED"
"results/formal_experiment/dissertation_formal_v4/runs/seed2_v8/FE05_HYBRID_v8_seed2_v4_real/step_records.csv","dissertation_formal_v4","8","2","HybridLLM","12","12","formal_low_v8_seed2_2_2","N_S","FREE"
"results/formal_experiment/dissertation_formal_v4/runs/seed2_v8/FE05_HYBRID_v8_seed2_v4_real/step_records.csv","dissertation_formal_v4","8","2","HybridLLM","13","13","formal_low_v8_seed2_2_0","W_E","PROCEED"
"results/formal_experiment/dissertation_formal_v4/runs/seed2_v8/FE05_HYBRID_v8_seed2_v4_real/step_records.csv","dissertation_formal_v4","8","2","HybridLLM","13","13","formal_low_v8_seed2_2_1","W_E","PROCEED"
"results/formal_experiment/dissertation_formal_v4/runs/seed2_v8/FE05_HYBRID_v8_seed2_v4_real/step_records.csv","dissertation_formal_v4","8","2","HybridLLM","13","13","formal_low_v8_seed2_2_2","N_S","FREE"
"results/formal_experiment/dissertation_formal_v4/runs/seed2_v8/FE05_HYBRID_v8_seed2_v4_real/step_records.csv","dissertation_formal_v4","8","2","HybridLLM","14","14","formal_low_v8_seed2_2_0","W_E","FREE"
"results/formal_experiment/dissertation_formal_v4/runs/seed2_v8/FE05_HYBRID_v8_seed2_v4_real/step_records.csv","dissertation_formal_v4","8","2","HybridLLM","14","14","formal_low_v8_seed2_2_1","W_E","PROCEED"
"results/formal_experiment/dissertation_formal_v4/runs/seed2_v8/FE05_HYBRID_v8_seed2_v4_real/step_records.csv","dissertation_formal_v4","8","2","HybridLLM","14","14","formal_low_v8_seed2_2_2","N_S","WAIT"
"results/formal_experiment/dissertation_formal_v4/runs/seed2_v8/FE05_HYBRID_v8_seed2_v4_real/step_records.csv","dissertation_formal_v4","8","2","HybridLLM","14","14","formal_low_v8_seed2_2_3","N_S","FREE"
"results/formal_experiment/dissertation_formal_v4/runs/seed2_v8/FE05_HYBRID_v8_seed2_v4_real/step_records.csv","dissertation_formal_v4","8","2","HybridLLM","15","15","formal_low_v8_seed2_2_0","W_E","FREE"
"results/formal_experiment/dissertation_formal_v4/runs/seed2_v8/FE05_HYBRID_v8_seed2_v4_real/step_records.csv","dissertation_formal_v4","8","2","HybridLLM","15","15","formal_low_v8_seed2_2_1","W_E","PROCEED"
"results/formal_experiment/dissertation_formal_v4/runs/seed2_v8/FE05_HYBRID_v8_seed2_v4_real/step_records.csv","dissertation_formal_v4","8","2","HybridLLM","15","15","formal_low_v8_seed2_2_2","N_S","WAIT"
"results/formal_experiment/dissertation_formal_v4/runs/seed2_v8/FE05_HYBRID_v8_seed2_v4_real/step_records.csv","dissertation_formal_v4","8","2","HybridLLM","15","15","formal_low_v8_seed2_2_3","N_S","FREE"
"results/formal_experiment/dissertation_formal_v4/runs/seed2_v8/FE05_HYBRID_v8_seed2_v4_real/step_records.csv","dissertation_formal_v4","8","2","HybridLLM","16","16","formal_low_v8_seed2_2_0","W_E","FREE"
"results/formal_experiment/dissertation_formal_v4/runs/seed2_v8/FE05_HYBRID_v8_seed2_v4_real/step_records.csv","dissertation_formal_v4","8","2","HybridLLM","16","16","formal_low_v8_seed2_2_1","W_E","PROCEED"
"results/formal_experiment/dissertation_formal_v4/runs/seed2_v8/FE05_HYBRID_v8_seed2_v4_real/step_records.csv","dissertation_formal_v4","8","2","HybridLLM","16","16","formal_low_v8_seed2_2_2","N_S","WAIT"
"results/formal_experiment/dissertation_formal_v4/runs/seed2_v8/FE05_HYBRID_v8_seed2_v4_real/step_records.csv","dissertation_formal_v4","8","2","HybridLLM","16","16","formal_low_v8_seed2_2_3","N_S","FREE"
"results/formal_experiment/dissertation_formal_v4/runs/seed2_v8/FE05_HYBRID_v8_seed2_v4_real/step_records.csv","dissertation_formal_v4","8","2","HybridLLM","17","17","formal_low_v8_seed2_2_0","W_E","FREE"
"results/formal_experiment/dissertation_formal_v4/runs/seed2_v8/FE05_HYBRID_v8_seed2_v4_real/step_records.csv","dissertation_formal_v4","8","2","HybridLLM","17","17","formal_low_v8_seed2_2_1","W_E","PROCEED"
"results/formal_experiment/dissertation_formal_v4/runs/seed2_v8/FE05_HYBRID_v8_seed2_v4_real/step_records.csv","dissertation_formal_v4","8","2","HybridLLM","17","17","formal_low_v8_seed2_2_2","N_S","WAIT"
"results/formal_experiment/dissertation_formal_v4/runs/seed2_v8/FE05_HYBRID_v8_seed2_v4_real/step_records.csv","dissertation_formal_v4","8","2","HybridLLM","17","17","formal_low_v8_seed2_2_3","N_S","FREE"
"results/formal_experiment/dissertation_formal_v4/runs/seed2_v8/FE05_HYBRID_v8_seed2_v4_real/step_records.csv","dissertation_formal_v4","8","2","HybridLLM","18","18","formal_low_v8_seed2_2_0","W_E","FREE"
"results/formal_experiment/dissertation_formal_v4/runs/seed2_v8/FE05_HYBRID_v8_seed2_v4_real/step_records.csv","dissertation_formal_v4","8","2","HybridLLM","18","18","formal_low_v8_seed2_2_1","W_E","PROCEED"
"results/formal_experiment/dissertation_formal_v4/runs/seed2_v8/FE05_HYBRID_v8_seed2_v4_real/step_records.csv","dissertation_formal_v4","8","2","HybridLLM","18","18","formal_low_v8_seed2_2_2","N_S","WAIT"
"results/formal_experiment/dissertation_formal_v4/runs/seed2_v8/FE05_HYBRID_v8_seed2_v4_real/step_records.csv","dissertation_formal_v4","8","2","HybridLLM","18","18","formal_low_v8_seed2_2_3","N_S","WAIT"
"results/formal_experiment/dissertation_formal_v4/runs/seed2_v8/FE05_HYBRID_v8_seed2_v4_real/step_records.csv","dissertation_formal_v4","8","2","HybridLLM","19","19","formal_low_v8_seed2_2_0","W_E","FREE"
"results/formal_experiment/dissertation_formal_v4/runs/seed2_v8/FE05_HYBRID_v8_seed2_v4_real/step_records.csv","dissertation_formal_v4","8","2","HybridLLM","19","19","formal_low_v8_seed2_2_1","W_E","FREE"
"results/formal_experiment/dissertation_formal_v4/runs/seed2_v8/FE05_HYBRID_v8_seed2_v4_real/step_records.csv","dissertation_formal_v4","8","2","HybridLLM","19","19","formal_low_v8_seed2_2_2","N_S","PROCEED"
"results/formal_experiment/dissertation_formal_v4/runs/seed2_v8/FE05_HYBRID_v8_seed2_v4_real/step_records.csv","dissertation_formal_v4","8","2","HybridLLM","19","19","formal_low_v8_seed2_2_3","N_S","PROCEED"
"results/formal_experiment/dissertation_formal_v4/runs/seed2_v8/FE05_HYBRID_v8_seed2_v4_real/step_records.csv","dissertation_formal_v4","8","2","HybridLLM","20","20","formal_low_v8_seed2_2_0","W_E","FREE"
"results/formal_experiment/dissertation_formal_v4/runs/seed2_v8/FE05_HYBRID_v8_seed2_v4_real/step_records.csv","dissertation_formal_v4","8","2","HybridLLM","20","20","formal_low_v8_seed2_2_1","W_E","FREE"
"results/formal_experiment/dissertation_formal_v4/runs/seed2_v8/FE05_HYBRID_v8_seed2_v4_real/step_records.csv","dissertation_formal_v4","8","2","HybridLLM","20","20","formal_low_v8_seed2_2_2","N_S","PROCEED"
"results/formal_experiment/dissertation_formal_v4/runs/seed2_v8/FE05_HYBRID_v8_seed2_v4_real/step_records.csv","dissertation_formal_v4","8","2","HybridLLM","20","20","formal_low_v8_seed2_2_3","N_S","PROCEED"
"results/formal_experiment/dissertation_formal_v4/runs/seed2_v8/FE05_HYBRID_v8_seed2_v4_real/step_records.csv","dissertation_formal_v4","8","2","HybridLLM","21","21","formal_low_v8_seed2_2_0","W_E","FREE"
"results/formal_experiment/dissertation_formal_v4/runs/seed2_v8/FE05_HYBRID_v8_seed2_v4_real/step_records.csv","dissertation_formal_v4","8","2","HybridLLM","21","21","formal_low_v8_seed2_2_1","W_E","FREE"
"results/formal_experiment/dissertation_formal_v4/runs/seed2_v8/FE05_HYBRID_v8_seed2_v4_real/step_records.csv","dissertation_formal_v4","8","2","HybridLLM","21","21","formal_low_v8_seed2_2_2","N_S","PROCEED"
"results/formal_experiment/dissertation_formal_v4/runs/seed2_v8/FE05_HYBRID_v8_seed2_v4_real/step_records.csv","dissertation_formal_v4","8","2","HybridLLM","21","21","formal_low_v8_seed2_2_3","N_S","PROCEED"
"results/formal_experiment/dissertation_formal_v4/runs/seed2_v8/FE05_HYBRID_v8_seed2_v4_real/step_records.csv","dissertation_formal_v4","8","2","HybridLLM","22","22","formal_low_v8_seed2_2_1","W_E","FREE"
"results/formal_experiment/dissertation_formal_v4/runs/seed2_v8/FE05_HYBRID_v8_seed2_v4_real/step_records.csv","dissertation_formal_v4","8","2","HybridLLM","22","22","formal_low_v8_seed2_2_2","N_S","PROCEED"
"results/formal_experiment/dissertation_formal_v4/runs/seed2_v8/FE05_HYBRID_v8_seed2_v4_real/step_records.csv","dissertation_formal_v4","8","2","HybridLLM","22","22","formal_low_v8_seed2_2_3","N_S","PROCEED"
"results/formal_experiment/dissertation_formal_v4/runs/seed2_v8/FE05_HYBRID_v8_seed2_v4_real/step_records.csv","dissertation_formal_v4","8","2","HybridLLM","23","23","formal_low_v8_seed2_2_1","W_E","FREE"
"results/formal_experiment/dissertation_formal_v4/runs/seed2_v8/FE05_HYBRID_v8_seed2_v4_real/step_records.csv","dissertation_formal_v4","8","2","HybridLLM","23","23","formal_low_v8_seed2_2_2","N_S","PROCEED"
"results/formal_experiment/dissertation_formal_v4/runs/seed2_v8/FE05_HYBRID_v8_seed2_v4_real/step_records.csv","dissertation_formal_v4","8","2","HybridLLM","23","23","formal_low_v8_seed2_2_3","N_S","PROCEED"
"results/formal_experiment/dissertation_formal_v4/runs/seed2_v8/FE05_HYBRID_v8_seed2_v4_real/step_records.csv","dissertation_formal_v4","8","2","HybridLLM","23","23","formal_low_v8_seed2_2_4","W_E","FREE"
"results/formal_experiment/dissertation_formal_v4/runs/seed2_v8/FE05_HYBRID_v8_seed2_v4_real/step_records.csv","dissertation_formal_v4","8","2","HybridLLM","24","24","formal_low_v8_seed2_2_1","W_E","FREE"
"results/formal_experiment/dissertation_formal_v4/runs/seed2_v8/FE05_HYBRID_v8_seed2_v4_real/step_records.csv","dissertation_formal_v4","8","2","HybridLLM","24","24","formal_low_v8_seed2_2_2","N_S","PROCEED"
"results/formal_experiment/dissertation_formal_v4/runs/seed2_v8/FE05_HYBRID_v8_seed2_v4_real/step_records.csv","dissertation_formal_v4","8","2","HybridLLM","24","24","formal_low_v8_seed2_2_3","N_S","PROCEED"
"results/formal_experiment/dissertation_formal_v4/runs/seed2_v8/FE05_HYBRID_v8_seed2_v4_real/step_records.csv","dissertation_formal_v4","8","2","HybridLLM","24","24","formal_low_v8_seed2_2_4","W_E","FREE"
"results/formal_experiment/dissertation_formal_v4/runs/seed2_v8/FE05_HYBRID_v8_seed2_v4_real/step_records.csv","dissertation_formal_v4","8","2","HybridLLM","25","25","formal_low_v8_seed2_2_1","W_E","FREE"
"results/formal_experiment/dissertation_formal_v4/runs/seed2_v8/FE05_HYBRID_v8_seed2_v4_real/step_records.csv","dissertation_formal_v4","8","2","HybridLLM","25","25","formal_low_v8_seed2_2_2","N_S","PROCEED"
"results/formal_experiment/dissertation_formal_v4/runs/seed2_v8/FE05_HYBRID_v8_seed2_v4_real/step_records.csv","dissertation_formal_v4","8","2","HybridLLM","25","25","formal_low_v8_seed2_2_3","N_S","PROCEED"
"results/formal_experiment/dissertation_formal_v4/runs/seed2_v8/FE05_HYBRID_v8_seed2_v4_real/step_records.csv","dissertation_formal_v4","8","2","HybridLLM","25","25","formal_low_v8_seed2_2_4","W_E","FREE"
"results/formal_experiment/dissertation_formal_v4/runs/seed2_v8/FE05_HYBRID_v8_seed2_v4_real/step_records.csv","dissertation_formal_v4","8","2","HybridLLM","26","26","formal_low_v8_seed2_2_1","W_E","FREE"
"results/formal_experiment/dissertation_formal_v4/runs/seed2_v8/FE05_HYBRID_v8_seed2_v4_real/step_records.csv","dissertation_formal_v4","8","2","HybridLLM","26","26","formal_low_v8_seed2_2_2","N_S","PROCEED"
"results/formal_experiment/dissertation_formal_v4/runs/seed2_v8/FE05_HYBRID_v8_seed2_v4_real/step_records.csv","dissertation_formal_v4","8","2","HybridLLM","26","26","formal_low_v8_seed2_2_3","N_S","PROCEED"
"results/formal_experiment/dissertation_formal_v4/runs/seed2_v8/FE05_HYBRID_v8_seed2_v4_real/step_records.csv","dissertation_formal_v4","8","2","HybridLLM","26","26","formal_low_v8_seed2_2_4","W_E","FREE"
"results/formal_experiment/dissertation_formal_v4/runs/seed2_v8/FE05_HYBRID_v8_seed2_v4_real/step_records.csv","dissertation_formal_v4","8","2","HybridLLM","27","27","formal_low_v8_seed2_2_2","N_S","PROCEED"
"results/formal_experiment/dissertation_formal_v4/runs/seed2_v8/FE05_HYBRID_v8_seed2_v4_real/step_records.csv","dissertation_formal_v4","8","2","HybridLLM","27","27","formal_low_v8_seed2_2_3","N_S","PROCEED"
"results/formal_experiment/dissertation_formal_v4/runs/seed2_v8/FE05_HYBRID_v8_seed2_v4_real/step_records.csv","dissertation_formal_v4","8","2","HybridLLM","27","27","formal_low_v8_seed2_2_4","W_E","FREE"
"results/formal_experiment/dissertation_formal_v4/runs/seed2_v8/FE05_HYBRID_v8_seed2_v4_real/step_records.csv","dissertation_formal_v4","8","2","HybridLLM","28","28","formal_low_v8_seed2_2_2","N_S","PROCEED"
"results/formal_experiment/dissertation_formal_v4/runs/seed2_v8/FE05_HYBRID_v8_seed2_v4_real/step_records.csv","dissertation_formal_v4","8","2","HybridLLM","28","28","formal_low_v8_seed2_2_3","N_S","PROCEED"
"results/formal_experiment/dissertation_formal_v4/runs/seed2_v8/FE05_HYBRID_v8_seed2_v4_real/step_records.csv","dissertation_formal_v4","8","2","HybridLLM","28","28","formal_low_v8_seed2_2_4","W_E","FREE"
"results/formal_experiment/dissertation_formal_v4/runs/seed2_v8/FE05_HYBRID_v8_seed2_v4_real/step_records.csv","dissertation_formal_v4","8","2","HybridLLM","29","29","formal_low_v8_seed2_2_2","N_S","PROCEED"
"results/formal_experiment/dissertation_formal_v4/runs/seed2_v8/FE05_HYBRID_v8_seed2_v4_real/step_records.csv","dissertation_formal_v4","8","2","HybridLLM","29","29","formal_low_v8_seed2_2_3","N_S","PROCEED"
"results/formal_experiment/dissertation_formal_v4/runs/seed2_v8/FE05_HYBRID_v8_seed2_v4_real/step_records.csv","dissertation_formal_v4","8","2","HybridLLM","29","29","formal_low_v8_seed2_2_4","W_E","FREE"
"results/formal_experiment/dissertation_formal_v4/runs/seed2_v8/FE05_HYBRID_v8_seed2_v4_real/step_records.csv","dissertation_formal_v4","8","2","HybridLLM","29","29","formal_low_v8_seed2_2_5","E_W","FREE"
"results/formal_experiment/dissertation_formal_v4/runs/seed2_v8/FE05_HYBRID_v8_seed2_v4_real/step_records.csv","dissertation_formal_v4","8","2","HybridLLM","30","30","formal_low_v8_seed2_2_2","N_S","WAIT"
"results/formal_experiment/dissertation_formal_v4/runs/seed2_v8/FE05_HYBRID_v8_seed2_v4_real/step_records.csv","dissertation_formal_v4","8","2","HybridLLM","30","30","formal_low_v8_seed2_2_3","N_S","WAIT"
"results/formal_experiment/dissertation_formal_v4/runs/seed2_v8/FE05_HYBRID_v8_seed2_v4_real/step_records.csv","dissertation_formal_v4","8","2","HybridLLM","30","30","formal_low_v8_seed2_2_4","W_E","PROCEED"
"results/formal_experiment/dissertation_formal_v4/runs/seed2_v8/FE05_HYBRID_v8_seed2_v4_real/step_records.csv","dissertation_formal_v4","8","2","HybridLLM","30","30","formal_low_v8_seed2_2_5","E_W","FREE"
"results/formal_experiment/dissertation_formal_v4/runs/seed2_v8/FE05_HYBRID_v8_seed2_v4_real/step_records.csv","dissertation_formal_v4","8","2","HybridLLM","31","31","formal_low_v8_seed2_2_2","N_S","WAIT"
"results/formal_experiment/dissertation_formal_v4/runs/seed2_v8/FE05_HYBRID_v8_seed2_v4_real/step_records.csv","dissertation_formal_v4","8","2","HybridLLM","31","31","formal_low_v8_seed2_2_3","N_S","WAIT"
"results/formal_experiment/dissertation_formal_v4/runs/seed2_v8/FE05_HYBRID_v8_seed2_v4_real/step_records.csv","dissertation_formal_v4","8","2","HybridLLM","31","31","formal_low_v8_seed2_2_4","W_E","PROCEED"
"results/formal_experiment/dissertation_formal_v4/runs/seed2_v8/FE05_HYBRID_v8_seed2_v4_real/step_records.csv","dissertation_formal_v4","8","2","HybridLLM","31","31","formal_low_v8_seed2_2_5","E_W","FREE"
"results/formal_experiment/dissertation_formal_v4/runs/seed2_v8/FE05_HYBRID_v8_seed2_v4_real/step_records.csv","dissertation_formal_v4","8","2","HybridLLM","32","32","formal_low_v8_seed2_2_2","N_S","WAIT"
"results/formal_experiment/dissertation_formal_v4/runs/seed2_v8/FE05_HYBRID_v8_seed2_v4_real/step_records.csv","dissertation_formal_v4","8","2","HybridLLM","32","32","formal_low_v8_seed2_2_3","N_S","WAIT"
"results/formal_experiment/dissertation_formal_v4/runs/seed2_v8/FE05_HYBRID_v8_seed2_v4_real/step_records.csv","dissertation_formal_v4","8","2","HybridLLM","32","32","formal_low_v8_seed2_2_4","W_E","PROCEED"
"results/formal_experiment/dissertation_formal_v4/runs/seed2_v8/FE05_HYBRID_v8_seed2_v4_real/step_records.csv","dissertation_formal_v4","8","2","HybridLLM","32","32","formal_low_v8_seed2_2_5","E_W","FREE"
"results/formal_experiment/dissertation_formal_v4/runs/seed2_v8/FE05_HYBRID_v8_seed2_v4_real/step_records.csv","dissertation_formal_v4","8","2","HybridLLM","33","33","formal_low_v8_seed2_2_2","N_S","WAIT"
"results/formal_experiment/dissertation_formal_v4/runs/seed2_v8/FE05_HYBRID_v8_seed2_v4_real/step_records.csv","dissertation_formal_v4","8","2","HybridLLM","33","33","formal_low_v8_seed2_2_3","N_S","WAIT"
"results/formal_experiment/dissertation_formal_v4/runs/seed2_v8/FE05_HYBRID_v8_seed2_v4_real/step_records.csv","dissertation_formal_v4","8","2","HybridLLM","33","33","formal_low_v8_seed2_2_4","W_E","PROCEED"
"results/formal_experiment/dissertation_formal_v4/runs/seed2_v8/FE05_HYBRID_v8_seed2_v4_real/step_records.csv","dissertation_formal_v4","8","2","HybridLLM","33","33","formal_low_v8_seed2_2_5","E_W","FREE"
"results/formal_experiment/dissertation_formal_v4/runs/seed2_v8/FE05_HYBRID_v8_seed2_v4_real/step_records.csv","dissertation_formal_v4","8","2","HybridLLM","34","34","formal_low_v8_seed2_2_2","N_S","WAIT"
"results/formal_experiment/dissertation_formal_v4/runs/seed2_v8/FE05_HYBRID_v8_seed2_v4_real/step_records.csv","dissertation_formal_v4","8","2","HybridLLM","34","34","formal_low_v8_seed2_2_3","N_S","WAIT"
"results/formal_experiment/dissertation_formal_v4/runs/seed2_v8/FE05_HYBRID_v8_seed2_v4_real/step_records.csv","dissertation_formal_v4","8","2","HybridLLM","34","34","formal_low_v8_seed2_2_4","W_E","PROCEED"
"results/formal_experiment/dissertation_formal_v4/runs/seed2_v8/FE05_HYBRID_v8_seed2_v4_real/step_records.csv","dissertation_formal_v4","8","2","HybridLLM","34","34","formal_low_v8_seed2_2_5","E_W","FREE"
"results/formal_experiment/dissertation_formal_v4/runs/seed2_v8/FE05_HYBRID_v8_seed2_v4_real/step_records.csv","dissertation_formal_v4","8","2","HybridLLM","35","35","formal_low_v8_seed2_2_2","N_S","WAIT"
"results/formal_experiment/dissertation_formal_v4/runs/seed2_v8/FE05_HYBRID_v8_seed2_v4_real/step_records.csv","dissertation_formal_v4","8","2","HybridLLM","35","35","formal_low_v8_seed2_2_3","N_S","WAIT"
"results/formal_experiment/dissertation_formal_v4/runs/seed2_v8/FE05_HYBRID_v8_seed2_v4_real/step_records.csv","dissertation_formal_v4","8","2","HybridLLM","35","35","formal_low_v8_seed2_2_4","W_E","PROCEED"
"results/formal_experiment/dissertation_formal_v4/runs/seed2_v8/FE05_HYBRID_v8_seed2_v4_real/step_records.csv","dissertation_formal_v4","8","2","HybridLLM","35","35","formal_low_v8_seed2_2_5","E_W","FREE"
"results/formal_experiment/dissertation_formal_v4/runs/seed2_v8/FE05_HYBRID_v8_seed2_v4_real/step_records.csv","dissertation_formal_v4","8","2","HybridLLM","36","36","formal_low_v8_seed2_2_2","N_S","WAIT"
"results/formal_experiment/dissertation_formal_v4/runs/seed2_v8/FE05_HYBRID_v8_seed2_v4_real/step_records.csv","dissertation_formal_v4","8","2","HybridLLM","36","36","formal_low_v8_seed2_2_3","N_S","WAIT"
"results/formal_experiment/dissertation_formal_v4/runs/seed2_v8/FE05_HYBRID_v8_seed2_v4_real/step_records.csv","dissertation_formal_v4","8","2","HybridLLM","36","36","formal_low_v8_seed2_2_4","W_E","PROCEED"
"results/formal_experiment/dissertation_formal_v4/runs/seed2_v8/FE05_HYBRID_v8_seed2_v4_real/step_records.csv","dissertation_formal_v4","8","2","HybridLLM","36","36","formal_low_v8_seed2_2_5","E_W","FREE"
"results/formal_experiment/dissertation_formal_v4/runs/seed2_v8/FE05_HYBRID_v8_seed2_v4_real/step_records.csv","dissertation_formal_v4","8","2","HybridLLM","37","37","formal_low_v8_seed2_2_2","N_S","PROCEED"
"results/formal_experiment/dissertation_formal_v4/runs/seed2_v8/FE05_HYBRID_v8_seed2_v4_real/step_records.csv","dissertation_formal_v4","8","2","HybridLLM","37","37","formal_low_v8_seed2_2_3","N_S","PROCEED"
"results/formal_experiment/dissertation_formal_v4/runs/seed2_v8/FE05_HYBRID_v8_seed2_v4_real/step_records.csv","dissertation_formal_v4","8","2","HybridLLM","37","37","formal_low_v8_seed2_2_4","W_E","FREE"
"results/formal_experiment/dissertation_formal_v4/runs/seed2_v8/FE05_HYBRID_v8_seed2_v4_real/step_records.csv","dissertation_formal_v4","8","2","HybridLLM","37","37","formal_low_v8_seed2_2_5","E_W","FREE"
"results/formal_experiment/dissertation_formal_v4/runs/seed2_v8/FE05_HYBRID_v8_seed2_v4_real/step_records.csv","dissertation_formal_v4","8","2","HybridLLM","37","37","formal_low_v8_seed2_2_6","E_W","FREE"
"results/formal_experiment/dissertation_formal_v4/runs/seed2_v8/FE05_HYBRID_v8_seed2_v4_real/step_records.csv","dissertation_formal_v4","8","2","HybridLLM","38","38","formal_low_v8_seed2_2_2","N_S","PROCEED"
"results/formal_experiment/dissertation_formal_v4/runs/seed2_v8/FE05_HYBRID_v8_seed2_v4_real/step_records.csv","dissertation_formal_v4","8","2","HybridLLM","38","38","formal_low_v8_seed2_2_3","N_S","PROCEED"
"results/formal_experiment/dissertation_formal_v4/runs/seed2_v8/FE05_HYBRID_v8_seed2_v4_real/step_records.csv","dissertation_formal_v4","8","2","HybridLLM","38","38","formal_low_v8_seed2_2_4","W_E","FREE"
"results/formal_experiment/dissertation_formal_v4/runs/seed2_v8/FE05_HYBRID_v8_seed2_v4_real/step_records.csv","dissertation_formal_v4","8","2","HybridLLM","38","38","formal_low_v8_seed2_2_5","E_W","FREE"
"results/formal_experiment/dissertation_formal_v4/runs/seed2_v8/FE05_HYBRID_v8_seed2_v4_real/step_records.csv","dissertation_formal_v4","8","2","HybridLLM","38","38","formal_low_v8_seed2_2_6","E_W","FREE"
"results/formal_experiment/dissertation_formal_v4/runs/seed2_v8/FE05_HYBRID_v8_seed2_v4_real/step_records.csv","dissertation_formal_v4","8","2","HybridLLM","39","39","formal_low_v8_seed2_2_2","N_S","WAIT"
"results/formal_experiment/dissertation_formal_v4/runs/seed2_v8/FE05_HYBRID_v8_seed2_v4_real/step_records.csv","dissertation_formal_v4","8","2","HybridLLM","39","39","formal_low_v8_seed2_2_3","N_S","WAIT"
"results/formal_experiment/dissertation_formal_v4/runs/seed2_v8/FE05_HYBRID_v8_seed2_v4_real/step_records.csv","dissertation_formal_v4","8","2","HybridLLM","39","39","formal_low_v8_seed2_2_4","W_E","FREE"
"results/formal_experiment/dissertation_formal_v4/runs/seed2_v8/FE05_HYBRID_v8_seed2_v4_real/step_records.csv","dissertation_formal_v4","8","2","HybridLLM","39","39","formal_low_v8_seed2_2_5","E_W","PROCEED"
"results/formal_experiment/dissertation_formal_v4/runs/seed2_v8/FE05_HYBRID_v8_seed2_v4_real/step_records.csv","dissertation_formal_v4","8","2","HybridLLM","39","39","formal_low_v8_seed2_2_6","E_W","FREE"
"results/formal_experiment/dissertation_formal_v4/runs/seed2_v8/FE05_HYBRID_v8_seed2_v4_real/step_records.csv","dissertation_formal_v4","8","2","HybridLLM","40","40","formal_low_v8_seed2_2_2","N_S","WAIT"
"results/formal_experiment/dissertation_formal_v4/runs/seed2_v8/FE05_HYBRID_v8_seed2_v4_real/step_records.csv","dissertation_formal_v4","8","2","HybridLLM","40","40","formal_low_v8_seed2_2_3","N_S","WAIT"
"results/formal_experiment/dissertation_formal_v4/runs/seed2_v8/FE05_HYBRID_v8_seed2_v4_real/step_records.csv","dissertation_formal_v4","8","2","HybridLLM","40","40","formal_low_v8_seed2_2_4","W_E","FREE"
"results/formal_experiment/dissertation_formal_v4/runs/seed2_v8/FE05_HYBRID_v8_seed2_v4_real/step_records.csv","dissertation_formal_v4","8","2","HybridLLM","40","40","formal_low_v8_seed2_2_5","E_W","PROCEED"
"results/formal_experiment/dissertation_formal_v4/runs/seed2_v8/FE05_HYBRID_v8_seed2_v4_real/step_records.csv","dissertation_formal_v4","8","2","HybridLLM","40","40","formal_low_v8_seed2_2_6","E_W","FREE"
"results/formal_experiment/dissertation_formal_v4/runs/seed2_v8/FE05_HYBRID_v8_seed2_v4_real/step_records.csv","dissertation_formal_v4","8","2","HybridLLM","41","41","formal_low_v8_seed2_2_2","N_S","WAIT"
"results/formal_experiment/dissertation_formal_v4/runs/seed2_v8/FE05_HYBRID_v8_seed2_v4_real/step_records.csv","dissertation_formal_v4","8","2","HybridLLM","41","41","formal_low_v8_seed2_2_3","N_S","WAIT"
"results/formal_experiment/dissertation_formal_v4/runs/seed2_v8/FE05_HYBRID_v8_seed2_v4_real/step_records.csv","dissertation_formal_v4","8","2","HybridLLM","41","41","formal_low_v8_seed2_2_4","W_E","FREE"
"results/formal_experiment/dissertation_formal_v4/runs/seed2_v8/FE05_HYBRID_v8_seed2_v4_real/step_records.csv","dissertation_formal_v4","8","2","HybridLLM","41","41","formal_low_v8_seed2_2_5","E_W","PROCEED"
"results/formal_experiment/dissertation_formal_v4/runs/seed2_v8/FE05_HYBRID_v8_seed2_v4_real/step_records.csv","dissertation_formal_v4","8","2","HybridLLM","41","41","formal_low_v8_seed2_2_6","E_W","FREE"
"results/formal_experiment/dissertation_formal_v4/runs/seed2_v8/FE05_HYBRID_v8_seed2_v4_real/step_records.csv","dissertation_formal_v4","8","2","HybridLLM","42","42","formal_low_v8_seed2_2_2","N_S","WAIT"
"results/formal_experiment/dissertation_formal_v4/runs/seed2_v8/FE05_HYBRID_v8_seed2_v4_real/step_records.csv","dissertation_formal_v4","8","2","HybridLLM","42","42","formal_low_v8_seed2_2_3","N_S","WAIT"
"results/formal_experiment/dissertation_formal_v4/runs/seed2_v8/FE05_HYBRID_v8_seed2_v4_real/step_records.csv","dissertation_formal_v4","8","2","HybridLLM","42","42","formal_low_v8_seed2_2_4","W_E","FREE"
"results/formal_experiment/dissertation_formal_v4/runs/seed2_v8/FE05_HYBRID_v8_seed2_v4_real/step_records.csv","dissertation_formal_v4","8","2","HybridLLM","42","42","formal_low_v8_seed2_2_5","E_W","PROCEED"
"results/formal_experiment/dissertation_formal_v4/runs/seed2_v8/FE05_HYBRID_v8_seed2_v4_real/step_records.csv","dissertation_formal_v4","8","2","HybridLLM","42","42","formal_low_v8_seed2_2_6","E_W","FREE"
"results/formal_experiment/dissertation_formal_v4/runs/seed2_v8/FE05_HYBRID_v8_seed2_v4_real/step_records.csv","dissertation_formal_v4","8","2","HybridLLM","43","43","formal_low_v8_seed2_2_2","N_S","PROCEED"
"results/formal_experiment/dissertation_formal_v4/runs/seed2_v8/FE05_HYBRID_v8_seed2_v4_real/step_records.csv","dissertation_formal_v4","8","2","HybridLLM","43","43","formal_low_v8_seed2_2_3","N_S","PROCEED"
"results/formal_experiment/dissertation_formal_v4/runs/seed2_v8/FE05_HYBRID_v8_seed2_v4_real/step_records.csv","dissertation_formal_v4","8","2","HybridLLM","43","43","formal_low_v8_seed2_2_4","W_E","FREE"
"results/formal_experiment/dissertation_formal_v4/runs/seed2_v8/FE05_HYBRID_v8_seed2_v4_real/step_records.csv","dissertation_formal_v4","8","2","HybridLLM","43","43","formal_low_v8_seed2_2_5","E_W","WAIT"
"results/formal_experiment/dissertation_formal_v4/runs/seed2_v8/FE05_HYBRID_v8_seed2_v4_real/step_records.csv","dissertation_formal_v4","8","2","HybridLLM","43","43","formal_low_v8_seed2_2_6","E_W","FREE"
"results/formal_experiment/dissertation_formal_v4/runs/seed2_v8/FE05_HYBRID_v8_seed2_v4_real/step_records.csv","dissertation_formal_v4","8","2","HybridLLM","44","44","formal_low_v8_seed2_2_2","N_S","PROCEED"
"results/formal_experiment/dissertation_formal_v4/runs/seed2_v8/FE05_HYBRID_v8_seed2_v4_real/step_records.csv","dissertation_formal_v4","8","2","HybridLLM","44","44","formal_low_v8_seed2_2_3","N_S","PROCEED"
"results/formal_experiment/dissertation_formal_v4/runs/seed2_v8/FE05_HYBRID_v8_seed2_v4_real/step_records.csv","dissertation_formal_v4","8","2","HybridLLM","44","44","formal_low_v8_seed2_2_4","W_E","FREE"
"results/formal_experiment/dissertation_formal_v4/runs/seed2_v8/FE05_HYBRID_v8_seed2_v4_real/step_records.csv","dissertation_formal_v4","8","2","HybridLLM","44","44","formal_low_v8_seed2_2_5","E_W","WAIT"
"results/formal_experiment/dissertation_formal_v4/runs/seed2_v8/FE05_HYBRID_v8_seed2_v4_real/step_records.csv","dissertation_formal_v4","8","2","HybridLLM","44","44","formal_low_v8_seed2_2_6","E_W","FREE"
"results/formal_experiment/dissertation_formal_v4/runs/seed2_v8/FE05_HYBRID_v8_seed2_v4_real/step_records.csv","dissertation_formal_v4","8","2","HybridLLM","45","45","formal_low_v8_seed2_2_2","N_S","WAIT"
"results/formal_experiment/dissertation_formal_v4/runs/seed2_v8/FE05_HYBRID_v8_seed2_v4_real/step_records.csv","dissertation_formal_v4","8","2","HybridLLM","45","45","formal_low_v8_seed2_2_3","N_S","WAIT"
"results/formal_experiment/dissertation_formal_v4/runs/seed2_v8/FE05_HYBRID_v8_seed2_v4_real/step_records.csv","dissertation_formal_v4","8","2","HybridLLM","45","45","formal_low_v8_seed2_2_5","E_W","PROCEED"
"results/formal_experiment/dissertation_formal_v4/runs/seed2_v8/FE05_HYBRID_v8_seed2_v4_real/step_records.csv","dissertation_formal_v4","8","2","HybridLLM","45","45","formal_low_v8_seed2_2_6","E_W","PROCEED"
"results/formal_experiment/dissertation_formal_v4/runs/seed2_v8/FE05_HYBRID_v8_seed2_v4_real/step_records.csv","dissertation_formal_v4","8","2","HybridLLM","45","45","formal_low_v8_seed2_2_7","S_N","FREE"
"results/formal_experiment/dissertation_formal_v4/runs/seed2_v8/FE05_HYBRID_v8_seed2_v4_real/step_records.csv","dissertation_formal_v4","8","2","HybridLLM","46","46","formal_low_v8_seed2_2_2","N_S","WAIT"
"results/formal_experiment/dissertation_formal_v4/runs/seed2_v8/FE05_HYBRID_v8_seed2_v4_real/step_records.csv","dissertation_formal_v4","8","2","HybridLLM","46","46","formal_low_v8_seed2_2_3","N_S","WAIT"
"results/formal_experiment/dissertation_formal_v4/runs/seed2_v8/FE05_HYBRID_v8_seed2_v4_real/step_records.csv","dissertation_formal_v4","8","2","HybridLLM","46","46","formal_low_v8_seed2_2_5","E_W","PROCEED"
"results/formal_experiment/dissertation_formal_v4/runs/seed2_v8/FE05_HYBRID_v8_seed2_v4_real/step_records.csv","dissertation_formal_v4","8","2","HybridLLM","46","46","formal_low_v8_seed2_2_6","E_W","PROCEED"
"results/formal_experiment/dissertation_formal_v4/runs/seed2_v8/FE05_HYBRID_v8_seed2_v4_real/step_records.csv","dissertation_formal_v4","8","2","HybridLLM","46","46","formal_low_v8_seed2_2_7","S_N","FREE"
"results/formal_experiment/dissertation_formal_v4/runs/seed2_v8/FE05_HYBRID_v8_seed2_v4_real/step_records.csv","dissertation_formal_v4","8","2","HybridLLM","47","47","formal_low_v8_seed2_2_2","N_S","WAIT"
"results/formal_experiment/dissertation_formal_v4/runs/seed2_v8/FE05_HYBRID_v8_seed2_v4_real/step_records.csv","dissertation_formal_v4","8","2","HybridLLM","47","47","formal_low_v8_seed2_2_3","N_S","WAIT"
"results/formal_experiment/dissertation_formal_v4/runs/seed2_v8/FE05_HYBRID_v8_seed2_v4_real/step_records.csv","dissertation_formal_v4","8","2","HybridLLM","47","47","formal_low_v8_seed2_2_5","E_W","PROCEED"
"results/formal_experiment/dissertation_formal_v4/runs/seed2_v8/FE05_HYBRID_v8_seed2_v4_real/step_records.csv","dissertation_formal_v4","8","2","HybridLLM","47","47","formal_low_v8_seed2_2_6","E_W","PROCEED"
"results/formal_experiment/dissertation_formal_v4/runs/seed2_v8/FE05_HYBRID_v8_seed2_v4_real/step_records.csv","dissertation_formal_v4","8","2","HybridLLM","47","47","formal_low_v8_seed2_2_7","S_N","FREE"
"results/formal_experiment/dissertation_formal_v4/runs/seed2_v8/FE05_HYBRID_v8_seed2_v4_real/step_records.csv","dissertation_formal_v4","8","2","HybridLLM","48","48","formal_low_v8_seed2_2_2","N_S","WAIT"
"results/formal_experiment/dissertation_formal_v4/runs/seed2_v8/FE05_HYBRID_v8_seed2_v4_real/step_records.csv","dissertation_formal_v4","8","2","HybridLLM","48","48","formal_low_v8_seed2_2_3","N_S","WAIT"
"results/formal_experiment/dissertation_formal_v4/runs/seed2_v8/FE05_HYBRID_v8_seed2_v4_real/step_records.csv","dissertation_formal_v4","8","2","HybridLLM","48","48","formal_low_v8_seed2_2_5","E_W","PROCEED"
"results/formal_experiment/dissertation_formal_v4/runs/seed2_v8/FE05_HYBRID_v8_seed2_v4_real/step_records.csv","dissertation_formal_v4","8","2","HybridLLM","48","48","formal_low_v8_seed2_2_6","E_W","PROCEED"
"results/formal_experiment/dissertation_formal_v4/runs/seed2_v8/FE05_HYBRID_v8_seed2_v4_real/step_records.csv","dissertation_formal_v4","8","2","HybridLLM","48","48","formal_low_v8_seed2_2_7","S_N","FREE"
"results/formal_experiment/dissertation_formal_v4/runs/seed2_v8/FE05_HYBRID_v8_seed2_v4_real/step_records.csv","dissertation_formal_v4","8","2","HybridLLM","49","49","formal_low_v8_seed2_2_2","N_S","WAIT"
"results/formal_experiment/dissertation_formal_v4/runs/seed2_v8/FE05_HYBRID_v8_seed2_v4_real/step_records.csv","dissertation_formal_v4","8","2","HybridLLM","49","49","formal_low_v8_seed2_2_3","N_S","WAIT"
"results/formal_experiment/dissertation_formal_v4/runs/seed2_v8/FE05_HYBRID_v8_seed2_v4_real/step_records.csv","dissertation_formal_v4","8","2","HybridLLM","49","49","formal_low_v8_seed2_2_5","E_W","PROCEED"
"results/formal_experiment/dissertation_formal_v4/runs/seed2_v8/FE05_HYBRID_v8_seed2_v4_real/step_records.csv","dissertation_formal_v4","8","2","HybridLLM","49","49","formal_low_v8_seed2_2_6","E_W","PROCEED"
"results/formal_experiment/dissertation_formal_v4/runs/seed2_v8/FE05_HYBRID_v8_seed2_v4_real/step_records.csv","dissertation_formal_v4","8","2","HybridLLM","49","49","formal_low_v8_seed2_2_7","S_N","FREE"
"results/formal_experiment/dissertation_formal_v4/runs/seed2_v8/FE05_HYBRID_v8_seed2_v4_real/step_records.csv","dissertation_formal_v4","8","2","HybridLLM","50","50","formal_low_v8_seed2_2_2","N_S","PROCEED"
"results/formal_experiment/dissertation_formal_v4/runs/seed2_v8/FE05_HYBRID_v8_seed2_v4_real/step_records.csv","dissertation_formal_v4","8","2","HybridLLM","50","50","formal_low_v8_seed2_2_3","N_S","PROCEED"
"results/formal_experiment/dissertation_formal_v4/runs/seed2_v8/FE05_HYBRID_v8_seed2_v4_real/step_records.csv","dissertation_formal_v4","8","2","HybridLLM","50","50","formal_low_v8_seed2_2_5","E_W","WAIT"
"results/formal_experiment/dissertation_formal_v4/runs/seed2_v8/FE05_HYBRID_v8_seed2_v4_real/step_records.csv","dissertation_formal_v4","8","2","HybridLLM","50","50","formal_low_v8_seed2_2_6","E_W","WAIT"
"results/formal_experiment/dissertation_formal_v4/runs/seed2_v8/FE05_HYBRID_v8_seed2_v4_real/step_records.csv","dissertation_formal_v4","8","2","HybridLLM","50","50","formal_low_v8_seed2_2_7","S_N","FREE"
"results/formal_experiment/dissertation_formal_v4/runs/seed2_v8/FE05_HYBRID_v8_seed2_v4_real/step_records.csv","dissertation_formal_v4","8","2","HybridLLM","51","51","formal_low_v8_seed2_2_2","N_S","PROCEED"
"results/formal_experiment/dissertation_formal_v4/runs/seed2_v8/FE05_HYBRID_v8_seed2_v4_real/step_records.csv","dissertation_formal_v4","8","2","HybridLLM","51","51","formal_low_v8_seed2_2_3","N_S","PROCEED"
"results/formal_experiment/dissertation_formal_v4/runs/seed2_v8/FE05_HYBRID_v8_seed2_v4_real/step_records.csv","dissertation_formal_v4","8","2","HybridLLM","51","51","formal_low_v8_seed2_2_5","E_W","WAIT"
"results/formal_experiment/dissertation_formal_v4/runs/seed2_v8/FE05_HYBRID_v8_seed2_v4_real/step_records.csv","dissertation_formal_v4","8","2","HybridLLM","51","51","formal_low_v8_seed2_2_6","E_W","WAIT"
"results/formal_experiment/dissertation_formal_v4/runs/seed2_v8/FE05_HYBRID_v8_seed2_v4_real/step_records.csv","dissertation_formal_v4","8","2","HybridLLM","51","51","formal_low_v8_seed2_2_7","S_N","PROCEED"
"results/formal_experiment/dissertation_formal_v4/runs/seed2_v8/FE05_HYBRID_v8_seed2_v4_real/step_records.csv","dissertation_formal_v4","8","2","HybridLLM","52","52","formal_low_v8_seed2_2_2","N_S","PROCEED"
"results/formal_experiment/dissertation_formal_v4/runs/seed2_v8/FE05_HYBRID_v8_seed2_v4_real/step_records.csv","dissertation_formal_v4","8","2","HybridLLM","52","52","formal_low_v8_seed2_2_3","N_S","PROCEED"
"results/formal_experiment/dissertation_formal_v4/runs/seed2_v8/FE05_HYBRID_v8_seed2_v4_real/step_records.csv","dissertation_formal_v4","8","2","HybridLLM","52","52","formal_low_v8_seed2_2_5","E_W","WAIT"
"results/formal_experiment/dissertation_formal_v4/runs/seed2_v8/FE05_HYBRID_v8_seed2_v4_real/step_records.csv","dissertation_formal_v4","8","2","HybridLLM","52","52","formal_low_v8_seed2_2_6","E_W","WAIT"
"results/formal_experiment/dissertation_formal_v4/runs/seed2_v8/FE05_HYBRID_v8_seed2_v4_real/step_records.csv","dissertation_formal_v4","8","2","HybridLLM","52","52","formal_low_v8_seed2_2_7","S_N","PROCEED"
"results/formal_experiment/dissertation_formal_v4/runs/seed2_v8/FE05_HYBRID_v8_seed2_v4_real/step_records.csv","dissertation_formal_v4","8","2","HybridLLM","53","53","formal_low_v8_seed2_2_2","N_S","PROCEED"
"results/formal_experiment/dissertation_formal_v4/runs/seed2_v8/FE05_HYBRID_v8_seed2_v4_real/step_records.csv","dissertation_formal_v4","8","2","HybridLLM","53","53","formal_low_v8_seed2_2_3","N_S","PROCEED"
"results/formal_experiment/dissertation_formal_v4/runs/seed2_v8/FE05_HYBRID_v8_seed2_v4_real/step_records.csv","dissertation_formal_v4","8","2","HybridLLM","53","53","formal_low_v8_seed2_2_5","E_W","WAIT"
"results/formal_experiment/dissertation_formal_v4/runs/seed2_v8/FE05_HYBRID_v8_seed2_v4_real/step_records.csv","dissertation_formal_v4","8","2","HybridLLM","53","53","formal_low_v8_seed2_2_6","E_W","WAIT"
"results/formal_experiment/dissertation_formal_v4/runs/seed2_v8/FE05_HYBRID_v8_seed2_v4_real/step_records.csv","dissertation_formal_v4","8","2","HybridLLM","53","53","formal_low_v8_seed2_2_7","S_N","PROCEED"
"results/formal_experiment/dissertation_formal_v4/runs/seed2_v8/FE05_HYBRID_v8_seed2_v4_real/step_records.csv","dissertation_formal_v4","8","2","HybridLLM","54","54","formal_low_v8_seed2_2_2","N_S","PROCEED"
"results/formal_experiment/dissertation_formal_v4/runs/seed2_v8/FE05_HYBRID_v8_seed2_v4_real/step_records.csv","dissertation_formal_v4","8","2","HybridLLM","54","54","formal_low_v8_seed2_2_3","N_S","PROCEED"
"results/formal_experiment/dissertation_formal_v4/runs/seed2_v8/FE05_HYBRID_v8_seed2_v4_real/step_records.csv","dissertation_formal_v4","8","2","HybridLLM","54","54","formal_low_v8_seed2_2_5","E_W","WAIT"
"results/formal_experiment/dissertation_formal_v4/runs/seed2_v8/FE05_HYBRID_v8_seed2_v4_real/step_records.csv","dissertation_formal_v4","8","2","HybridLLM","54","54","formal_low_v8_seed2_2_6","E_W","WAIT"
"results/formal_experiment/dissertation_formal_v4/runs/seed2_v8/FE05_HYBRID_v8_seed2_v4_real/step_records.csv","dissertation_formal_v4","8","2","HybridLLM","54","54","formal_low_v8_seed2_2_7","S_N","PROCEED"
"results/formal_experiment/dissertation_formal_v4/runs/seed2_v8/FE05_HYBRID_v8_seed2_v4_real/step_records.csv","dissertation_formal_v4","8","2","HybridLLM","55","55","formal_low_v8_seed2_2_2","N_S","PROCEED"
"results/formal_experiment/dissertation_formal_v4/runs/seed2_v8/FE05_HYBRID_v8_seed2_v4_real/step_records.csv","dissertation_formal_v4","8","2","HybridLLM","55","55","formal_low_v8_seed2_2_3","N_S","PROCEED"
"results/formal_experiment/dissertation_formal_v4/runs/seed2_v8/FE05_HYBRID_v8_seed2_v4_real/step_records.csv","dissertation_formal_v4","8","2","HybridLLM","55","55","formal_low_v8_seed2_2_5","E_W","WAIT"
"results/formal_experiment/dissertation_formal_v4/runs/seed2_v8/FE05_HYBRID_v8_seed2_v4_real/step_records.csv","dissertation_formal_v4","8","2","HybridLLM","55","55","formal_low_v8_seed2_2_6","E_W","WAIT"
"results/formal_experiment/dissertation_formal_v4/runs/seed2_v8/FE05_HYBRID_v8_seed2_v4_real/step_records.csv","dissertation_formal_v4","8","2","HybridLLM","55","55","formal_low_v8_seed2_2_7","S_N","PROCEED"
"results/formal_experiment/dissertation_formal_v4/runs/seed2_v8/FE05_HYBRID_v8_seed2_v4_real/step_records.csv","dissertation_formal_v4","8","2","HybridLLM","56","56","formal_low_v8_seed2_2_2","N_S","PROCEED"
"results/formal_experiment/dissertation_formal_v4/runs/seed2_v8/FE05_HYBRID_v8_seed2_v4_real/step_records.csv","dissertation_formal_v4","8","2","HybridLLM","56","56","formal_low_v8_seed2_2_3","N_S","PROCEED"
"results/formal_experiment/dissertation_formal_v4/runs/seed2_v8/FE05_HYBRID_v8_seed2_v4_real/step_records.csv","dissertation_formal_v4","8","2","HybridLLM","56","56","formal_low_v8_seed2_2_5","E_W","WAIT"
"results/formal_experiment/dissertation_formal_v4/runs/seed2_v8/FE05_HYBRID_v8_seed2_v4_real/step_records.csv","dissertation_formal_v4","8","2","HybridLLM","56","56","formal_low_v8_seed2_2_6","E_W","WAIT"
"results/formal_experiment/dissertation_formal_v4/runs/seed2_v8/FE05_HYBRID_v8_seed2_v4_real/step_records.csv","dissertation_formal_v4","8","2","HybridLLM","56","56","formal_low_v8_seed2_2_7","S_N","PROCEED"
"results/formal_experiment/dissertation_formal_v4/runs/seed2_v8/FE05_HYBRID_v8_seed2_v4_real/step_records.csv","dissertation_formal_v4","8","2","HybridLLM","57","57","formal_low_v8_seed2_2_2","N_S","PROCEED"
"results/formal_experiment/dissertation_formal_v4/runs/seed2_v8/FE05_HYBRID_v8_seed2_v4_real/step_records.csv","dissertation_formal_v4","8","2","HybridLLM","57","57","formal_low_v8_seed2_2_3","N_S","PROCEED"
"results/formal_experiment/dissertation_formal_v4/runs/seed2_v8/FE05_HYBRID_v8_seed2_v4_real/step_records.csv","dissertation_formal_v4","8","2","HybridLLM","57","57","formal_low_v8_seed2_2_5","E_W","WAIT"
"results/formal_experiment/dissertation_formal_v4/runs/seed2_v8/FE05_HYBRID_v8_seed2_v4_real/step_records.csv","dissertation_formal_v4","8","2","HybridLLM","57","57","formal_low_v8_seed2_2_6","E_W","WAIT"
"results/formal_experiment/dissertation_formal_v4/runs/seed2_v8/FE05_HYBRID_v8_seed2_v4_real/step_records.csv","dissertation_formal_v4","8","2","HybridLLM","57","57","formal_low_v8_seed2_2_7","S_N","PROCEED"
"results/formal_experiment/dissertation_formal_v4/runs/seed2_v8/FE05_HYBRID_v8_seed2_v4_real/step_records.csv","dissertation_formal_v4","8","2","HybridLLM","58","58","formal_low_v8_seed2_2_2","N_S","FREE"
"results/formal_experiment/dissertation_formal_v4/runs/seed2_v8/FE05_HYBRID_v8_seed2_v4_real/step_records.csv","dissertation_formal_v4","8","2","HybridLLM","58","58","formal_low_v8_seed2_2_3","N_S","FREE"
"results/formal_experiment/dissertation_formal_v4/runs/seed2_v8/FE05_HYBRID_v8_seed2_v4_real/step_records.csv","dissertation_formal_v4","8","2","HybridLLM","58","58","formal_low_v8_seed2_2_5","E_W","WAIT"
"results/formal_experiment/dissertation_formal_v4/runs/seed2_v8/FE05_HYBRID_v8_seed2_v4_real/step_records.csv","dissertation_formal_v4","8","2","HybridLLM","58","58","formal_low_v8_seed2_2_6","E_W","WAIT"
"results/formal_experiment/dissertation_formal_v4/runs/seed2_v8/FE05_HYBRID_v8_seed2_v4_real/step_records.csv","dissertation_formal_v4","8","2","HybridLLM","58","58","formal_low_v8_seed2_2_7","S_N","PROCEED"
"results/formal_experiment/dissertation_formal_v4/runs/seed2_v8/FE05_HYBRID_v8_seed2_v4_real/step_records.csv","dissertation_formal_v4","8","2","HybridLLM","59","59","formal_low_v8_seed2_2_2","N_S","FREE"
"results/formal_experiment/dissertation_formal_v4/runs/seed2_v8/FE05_HYBRID_v8_seed2_v4_real/step_records.csv","dissertation_formal_v4","8","2","HybridLLM","59","59","formal_low_v8_seed2_2_3","N_S","FREE"
"results/formal_experiment/dissertation_formal_v4/runs/seed2_v8/FE05_HYBRID_v8_seed2_v4_real/step_records.csv","dissertation_formal_v4","8","2","HybridLLM","59","59","formal_low_v8_seed2_2_5","E_W","PROCEED"
"results/formal_experiment/dissertation_formal_v4/runs/seed2_v8/FE05_HYBRID_v8_seed2_v4_real/step_records.csv","dissertation_formal_v4","8","2","HybridLLM","59","59","formal_low_v8_seed2_2_6","E_W","PROCEED"
"results/formal_experiment/dissertation_formal_v4/runs/seed2_v8/FE05_HYBRID_v8_seed2_v4_real/step_records.csv","dissertation_formal_v4","8","2","HybridLLM","59","59","formal_low_v8_seed2_2_7","S_N","FREE"
"results/formal_experiment/dissertation_formal_v4/runs/seed2_v8/FE05_HYBRID_v8_seed2_v4_real/step_records.csv","dissertation_formal_v4","8","2","HybridLLM","60","60","formal_low_v8_seed2_2_2","N_S","FREE"
"results/formal_experiment/dissertation_formal_v4/runs/seed2_v8/FE05_HYBRID_v8_seed2_v4_real/step_records.csv","dissertation_formal_v4","8","2","HybridLLM","60","60","formal_low_v8_seed2_2_3","N_S","FREE"
"results/formal_experiment/dissertation_formal_v4/runs/seed2_v8/FE05_HYBRID_v8_seed2_v4_real/step_records.csv","dissertation_formal_v4","8","2","HybridLLM","60","60","formal_low_v8_seed2_2_5","E_W","PROCEED"
"results/formal_experiment/dissertation_formal_v4/runs/seed2_v8/FE05_HYBRID_v8_seed2_v4_real/step_records.csv","dissertation_formal_v4","8","2","HybridLLM","60","60","formal_low_v8_seed2_2_6","E_W","PROCEED"
"results/formal_experiment/dissertation_formal_v4/runs/seed2_v8/FE05_HYBRID_v8_seed2_v4_real/step_records.csv","dissertation_formal_v4","8","2","HybridLLM","60","60","formal_low_v8_seed2_2_7","S_N","FREE"
"results/formal_experiment/dissertation_formal_v4/runs/seed2_v8/FE05_HYBRID_v8_seed2_v4_real/step_records.csv","dissertation_formal_v4","8","2","HybridLLM","61","61","formal_low_v8_seed2_2_2","N_S","FREE"
"results/formal_experiment/dissertation_formal_v4/runs/seed2_v8/FE05_HYBRID_v8_seed2_v4_real/step_records.csv","dissertation_formal_v4","8","2","HybridLLM","61","61","formal_low_v8_seed2_2_3","N_S","FREE"
"results/formal_experiment/dissertation_formal_v4/runs/seed2_v8/FE05_HYBRID_v8_seed2_v4_real/step_records.csv","dissertation_formal_v4","8","2","HybridLLM","61","61","formal_low_v8_seed2_2_5","E_W","PROCEED"
"results/formal_experiment/dissertation_formal_v4/runs/seed2_v8/FE05_HYBRID_v8_seed2_v4_real/step_records.csv","dissertation_formal_v4","8","2","HybridLLM","61","61","formal_low_v8_seed2_2_6","E_W","PROCEED"
"results/formal_experiment/dissertation_formal_v4/runs/seed2_v8/FE05_HYBRID_v8_seed2_v4_real/step_records.csv","dissertation_formal_v4","8","2","HybridLLM","61","61","formal_low_v8_seed2_2_7","S_N","FREE"
"results/formal_experiment/dissertation_formal_v4/runs/seed2_v8/FE05_HYBRID_v8_seed2_v4_real/step_records.csv","dissertation_formal_v4","8","2","HybridLLM","62","62","formal_low_v8_seed2_2_2","N_S","FREE"
"results/formal_experiment/dissertation_formal_v4/runs/seed2_v8/FE05_HYBRID_v8_seed2_v4_real/step_records.csv","dissertation_formal_v4","8","2","HybridLLM","62","62","formal_low_v8_seed2_2_3","N_S","FREE"
"results/formal_experiment/dissertation_formal_v4/runs/seed2_v8/FE05_HYBRID_v8_seed2_v4_real/step_records.csv","dissertation_formal_v4","8","2","HybridLLM","62","62","formal_low_v8_seed2_2_5","E_W","PROCEED"
"results/formal_experiment/dissertation_formal_v4/runs/seed2_v8/FE05_HYBRID_v8_seed2_v4_real/step_records.csv","dissertation_formal_v4","8","2","HybridLLM","62","62","formal_low_v8_seed2_2_6","E_W","PROCEED"
"results/formal_experiment/dissertation_formal_v4/runs/seed2_v8/FE05_HYBRID_v8_seed2_v4_real/step_records.csv","dissertation_formal_v4","8","2","HybridLLM","62","62","formal_low_v8_seed2_2_7","S_N","FREE"
"results/formal_experiment/dissertation_formal_v4/runs/seed2_v8/FE05_HYBRID_v8_seed2_v4_real/step_records.csv","dissertation_formal_v4","8","2","HybridLLM","63","63","formal_low_v8_seed2_2_5","E_W","PROCEED"
"results/formal_experiment/dissertation_formal_v4/runs/seed2_v8/FE05_HYBRID_v8_seed2_v4_real/step_records.csv","dissertation_formal_v4","8","2","HybridLLM","63","63","formal_low_v8_seed2_2_6","E_W","PROCEED"
"results/formal_experiment/dissertation_formal_v4/runs/seed2_v8/FE05_HYBRID_v8_seed2_v4_real/step_records.csv","dissertation_formal_v4","8","2","HybridLLM","63","63","formal_low_v8_seed2_2_7","S_N","FREE"
"results/formal_experiment/dissertation_formal_v4/runs/seed2_v8/FE05_HYBRID_v8_seed2_v4_real/step_records.csv","dissertation_formal_v4","8","2","HybridLLM","64","64","formal_low_v8_seed2_2_5","E_W","PROCEED"
"results/formal_experiment/dissertation_formal_v4/runs/seed2_v8/FE05_HYBRID_v8_seed2_v4_real/step_records.csv","dissertation_formal_v4","8","2","HybridLLM","64","64","formal_low_v8_seed2_2_6","E_W","PROCEED"
"results/formal_experiment/dissertation_formal_v4/runs/seed2_v8/FE05_HYBRID_v8_seed2_v4_real/step_records.csv","dissertation_formal_v4","8","2","HybridLLM","65","65","formal_low_v8_seed2_2_5","E_W","PROCEED"
"results/formal_experiment/dissertation_formal_v4/runs/seed2_v8/FE05_HYBRID_v8_seed2_v4_real/step_records.csv","dissertation_formal_v4","8","2","HybridLLM","65","65","formal_low_v8_seed2_2_6","E_W","PROCEED"
"results/formal_experiment/dissertation_formal_v4/runs/seed2_v8/FE05_HYBRID_v8_seed2_v4_real/step_records.csv","dissertation_formal_v4","8","2","HybridLLM","66","66","formal_low_v8_seed2_2_5","E_W","PROCEED"
"results/formal_experiment/dissertation_formal_v4/runs/seed2_v8/FE05_HYBRID_v8_seed2_v4_real/step_records.csv","dissertation_formal_v4","8","2","HybridLLM","66","66","formal_low_v8_seed2_2_6","E_W","PROCEED"
"results/formal_experiment/dissertation_formal_v4/runs/seed2_v8/FE05_HYBRID_v8_seed2_v4_real/step_records.csv","dissertation_formal_v4","8","2","HybridLLM","67","67","formal_low_v8_seed2_2_5","E_W","PROCEED"
"results/formal_experiment/dissertation_formal_v4/runs/seed2_v8/FE05_HYBRID_v8_seed2_v4_real/step_records.csv","dissertation_formal_v4","8","2","HybridLLM","67","67","formal_low_v8_seed2_2_6","E_W","PROCEED"
"results/formal_experiment/dissertation_formal_v4/runs/seed2_v8/FE05_HYBRID_v8_seed2_v4_real/step_records.csv","dissertation_formal_v4","8","2","HybridLLM","68","68","formal_low_v8_seed2_2_5","E_W","PROCEED"
"results/formal_experiment/dissertation_formal_v4/runs/seed2_v8/FE05_HYBRID_v8_seed2_v4_real/step_records.csv","dissertation_formal_v4","8","2","HybridLLM","68","68","formal_low_v8_seed2_2_6","E_W","PROCEED"
"results/formal_experiment/dissertation_formal_v4/runs/seed2_v8/FE05_HYBRID_v8_seed2_v4_real/step_records.csv","dissertation_formal_v4","8","2","HybridLLM","69","69","formal_low_v8_seed2_2_5","E_W","PROCEED"
"results/formal_experiment/dissertation_formal_v4/runs/seed2_v8/FE05_HYBRID_v8_seed2_v4_real/step_records.csv","dissertation_formal_v4","8","2","HybridLLM","69","69","formal_low_v8_seed2_2_6","E_W","PROCEED"
"results/formal_experiment/dissertation_formal_v4/runs/seed2_v8/FE05_HYBRID_v8_seed2_v4_real/step_records.csv","dissertation_formal_v4","8","2","HybridLLM","70","70","formal_low_v8_seed2_2_5","E_W","PROCEED"
"results/formal_experiment/dissertation_formal_v4/runs/seed2_v8/FE05_HYBRID_v8_seed2_v4_real/step_records.csv","dissertation_formal_v4","8","2","HybridLLM","70","70","formal_low_v8_seed2_2_6","E_W","PROCEED"
"results/formal_experiment/dissertation_formal_v4/runs/seed2_v8/FE05_HYBRID_v8_seed2_v4_real/step_records.csv","dissertation_formal_v4","8","2","HybridLLM","71","71","formal_low_v8_seed2_2_5","E_W","PROCEED"
"results/formal_experiment/dissertation_formal_v4/runs/seed2_v8/FE05_HYBRID_v8_seed2_v4_real/step_records.csv","dissertation_formal_v4","8","2","HybridLLM","71","71","formal_low_v8_seed2_2_6","E_W","PROCEED"
"results/formal_experiment/dissertation_formal_v4/runs/seed2_v8/FE05_HYBRID_v8_seed2_v4_real/step_records.csv","dissertation_formal_v4","8","2","HybridLLM","72","72","formal_low_v8_seed2_2_5","E_W","PROCEED"
"results/formal_experiment/dissertation_formal_v4/runs/seed2_v8/FE05_HYBRID_v8_seed2_v4_real/step_records.csv","dissertation_formal_v4","8","2","HybridLLM","72","72","formal_low_v8_seed2_2_6","E_W","PROCEED"
"results/formal_experiment/dissertation_formal_v4/runs/seed2_v8/FE05_HYBRID_v8_seed2_v4_real/step_records.csv","dissertation_formal_v4","8","2","HybridLLM","73","73","formal_low_v8_seed2_2_5","E_W","PROCEED"
"results/formal_experiment/dissertation_formal_v4/runs/seed2_v8/FE05_HYBRID_v8_seed2_v4_real/step_records.csv","dissertation_formal_v4","8","2","HybridLLM","73","73","formal_low_v8_seed2_2_6","E_W","PROCEED"
"results/formal_experiment/dissertation_formal_v4/runs/seed2_v8/FE05_HYBRID_v8_seed2_v4_real/step_records.csv","dissertation_formal_v4","8","2","HybridLLM","74","74","formal_low_v8_seed2_2_5","E_W","PROCEED"
"results/formal_experiment/dissertation_formal_v4/runs/seed2_v8/FE05_HYBRID_v8_seed2_v4_real/step_records.csv","dissertation_formal_v4","8","2","HybridLLM","74","74","formal_low_v8_seed2_2_6","E_W","PROCEED"
"results/formal_experiment/dissertation_formal_v4/runs/seed2_v8/FE05_HYBRID_v8_seed2_v4_real/step_records.csv","dissertation_formal_v4","8","2","HybridLLM","75","75","formal_low_v8_seed2_2_5","E_W","PROCEED"
"results/formal_experiment/dissertation_formal_v4/runs/seed2_v8/FE05_HYBRID_v8_seed2_v4_real/step_records.csv","dissertation_formal_v4","8","2","HybridLLM","75","75","formal_low_v8_seed2_2_6","E_W","PROCEED"
"results/formal_experiment/dissertation_formal_v4/runs/seed2_v8/FE05_HYBRID_v8_seed2_v4_real/step_records.csv","dissertation_formal_v4","8","2","HybridLLM","76","76","formal_low_v8_seed2_2_5","E_W","PROCEED"
"results/formal_experiment/dissertation_formal_v4/runs/seed2_v8/FE05_HYBRID_v8_seed2_v4_real/step_records.csv","dissertation_formal_v4","8","2","HybridLLM","76","76","formal_low_v8_seed2_2_6","E_W","PROCEED"
"results/formal_experiment/dissertation_formal_v4/runs/seed2_v8/FE05_HYBRID_v8_seed2_v4_real/step_records.csv","dissertation_formal_v4","8","2","HybridLLM","77","77","formal_low_v8_seed2_2_5","E_W","PROCEED"
"results/formal_experiment/dissertation_formal_v4/runs/seed2_v8/FE05_HYBRID_v8_seed2_v4_real/step_records.csv","dissertation_formal_v4","8","2","HybridLLM","77","77","formal_low_v8_seed2_2_6","E_W","PROCEED"
"results/formal_experiment/dissertation_formal_v4/runs/seed2_v8/FE05_HYBRID_v8_seed2_v4_real/step_records.csv","dissertation_formal_v4","8","2","HybridLLM","78","78","formal_low_v8_seed2_2_5","E_W","PROCEED"
"results/formal_experiment/dissertation_formal_v4/runs/seed2_v8/FE05_HYBRID_v8_seed2_v4_real/step_records.csv","dissertation_formal_v4","8","2","HybridLLM","78","78","formal_low_v8_seed2_2_6","E_W","PROCEED"
"results/formal_experiment/dissertation_formal_v4/runs/seed2_v8/FE05_HYBRID_v8_seed2_v4_real/step_records.csv","dissertation_formal_v4","8","2","HybridLLM","79","79","formal_low_v8_seed2_2_5","E_W","PROCEED"
"results/formal_experiment/dissertation_formal_v4/runs/seed2_v8/FE05_HYBRID_v8_seed2_v4_real/step_records.csv","dissertation_formal_v4","8","2","HybridLLM","79","79","formal_low_v8_seed2_2_6","E_W","PROCEED"
"results/formal_experiment/dissertation_formal_v4/runs/seed2_v8/FE05_HYBRID_v8_seed2_v4_real/step_records.csv","dissertation_formal_v4","8","2","HybridLLM","80","80","formal_low_v8_seed2_2_5","E_W","PROCEED"
"results/formal_experiment/dissertation_formal_v4/runs/seed2_v8/FE05_HYBRID_v8_seed2_v4_real/step_records.csv","dissertation_formal_v4","8","2","HybridLLM","80","80","formal_low_v8_seed2_2_6","E_W","PROCEED"
"results/formal_experiment/dissertation_formal_v4/runs/seed2_v8/FE05_HYBRID_v8_seed2_v4_real/step_records.csv","dissertation_formal_v4","8","2","HybridLLM","81","81","formal_low_v8_seed2_2_5","E_W","PROCEED"
"results/formal_experiment/dissertation_formal_v4/runs/seed2_v8/FE05_HYBRID_v8_seed2_v4_real/step_records.csv","dissertation_formal_v4","8","2","HybridLLM","81","81","formal_low_v8_seed2_2_6","E_W","PROCEED"
"results/formal_experiment/dissertation_formal_v4/runs/seed2_v8/FE05_HYBRID_v8_seed2_v4_real/step_records.csv","dissertation_formal_v4","8","2","HybridLLM","82","82","formal_low_v8_seed2_2_5","E_W","PROCEED"
"results/formal_experiment/dissertation_formal_v4/runs/seed2_v8/FE05_HYBRID_v8_seed2_v4_real/step_records.csv","dissertation_formal_v4","8","2","HybridLLM","82","82","formal_low_v8_seed2_2_6","E_W","PROCEED"
"results/formal_experiment/dissertation_formal_v4/runs/seed2_v8/FE05_HYBRID_v8_seed2_v4_real/step_records.csv","dissertation_formal_v4","8","2","HybridLLM","83","83","formal_low_v8_seed2_2_5","E_W","PROCEED"
"results/formal_experiment/dissertation_formal_v4/runs/seed2_v8/FE05_HYBRID_v8_seed2_v4_real/step_records.csv","dissertation_formal_v4","8","2","HybridLLM","83","83","formal_low_v8_seed2_2_6","E_W","PROCEED"
"results/formal_experiment/dissertation_formal_v4/runs/seed2_v8/FE05_HYBRID_v8_seed2_v4_real/step_records.csv","dissertation_formal_v4","8","2","HybridLLM","84","84","formal_low_v8_seed2_2_5","E_W","PROCEED"
"results/formal_experiment/dissertation_formal_v4/runs/seed2_v8/FE05_HYBRID_v8_seed2_v4_real/step_records.csv","dissertation_formal_v4","8","2","HybridLLM","84","84","formal_low_v8_seed2_2_6","E_W","PROCEED"
"results/formal_experiment/dissertation_formal_v4/runs/seed2_v8/FE05_HYBRID_v8_seed2_v4_real/step_records.csv","dissertation_formal_v4","8","2","HybridLLM","85","85","formal_low_v8_seed2_2_5","E_W","PROCEED"
"results/formal_experiment/dissertation_formal_v4/runs/seed2_v8/FE05_HYBRID_v8_seed2_v4_real/step_records.csv","dissertation_formal_v4","8","2","HybridLLM","85","85","formal_low_v8_seed2_2_6","E_W","PROCEED"
"results/formal_experiment/dissertation_formal_v4/runs/seed2_v8/FE05_HYBRID_v8_seed2_v4_real/step_records.csv","dissertation_formal_v4","8","2","HybridLLM","86","86","formal_low_v8_seed2_2_5","E_W","PROCEED"
"results/formal_experiment/dissertation_formal_v4/runs/seed2_v8/FE05_HYBRID_v8_seed2_v4_real/step_records.csv","dissertation_formal_v4","8","2","HybridLLM","86","86","formal_low_v8_seed2_2_6","E_W","PROCEED"
"results/formal_experiment/dissertation_formal_v4/runs/seed2_v8/FE05_HYBRID_v8_seed2_v4_real/step_records.csv","dissertation_formal_v4","8","2","HybridLLM","87","87","formal_low_v8_seed2_2_5","E_W","PROCEED"
"results/formal_experiment/dissertation_formal_v4/runs/seed2_v8/FE05_HYBRID_v8_seed2_v4_real/step_records.csv","dissertation_formal_v4","8","2","HybridLLM","87","87","formal_low_v8_seed2_2_6","E_W","PROCEED"
"results/formal_experiment/dissertation_formal_v4/runs/seed2_v8/FE05_HYBRID_v8_seed2_v4_real/step_records.csv","dissertation_formal_v4","8","2","HybridLLM","88","88","formal_low_v8_seed2_2_5","E_W","PROCEED"
"results/formal_experiment/dissertation_formal_v4/runs/seed2_v8/FE05_HYBRID_v8_seed2_v4_real/step_records.csv","dissertation_formal_v4","8","2","HybridLLM","88","88","formal_low_v8_seed2_2_6","E_W","PROCEED"
"results/formal_experiment/dissertation_formal_v4/runs/seed2_v8/FE05_HYBRID_v8_seed2_v4_real/step_records.csv","dissertation_formal_v4","8","2","HybridLLM","89","89","formal_low_v8_seed2_2_5","E_W","PROCEED"
"results/formal_experiment/dissertation_formal_v4/runs/seed2_v8/FE05_HYBRID_v8_seed2_v4_real/step_records.csv","dissertation_formal_v4","8","2","HybridLLM","89","89","formal_low_v8_seed2_2_6","E_W","PROCEED"
"results/formal_experiment/dissertation_formal_v4/runs/seed2_v8/FE05_HYBRID_v8_seed2_v4_real/step_records.csv","dissertation_formal_v4","8","2","HybridLLM","90","90","formal_low_v8_seed2_2_5","E_W","PROCEED"
"results/formal_experiment/dissertation_formal_v4/runs/seed2_v8/FE05_HYBRID_v8_seed2_v4_real/step_records.csv","dissertation_formal_v4","8","2","HybridLLM","90","90","formal_low_v8_seed2_2_6","E_W","PROCEED"
"results/formal_experiment/dissertation_formal_v4/runs/seed2_v8/FE05_HYBRID_v8_seed2_v4_real/step_records.csv","dissertation_formal_v4","8","2","HybridLLM","91","91","formal_low_v8_seed2_2_5","E_W","PROCEED"
"results/formal_experiment/dissertation_formal_v4/runs/seed2_v8/FE05_HYBRID_v8_seed2_v4_real/step_records.csv","dissertation_formal_v4","8","2","HybridLLM","91","91","formal_low_v8_seed2_2_6","E_W","PROCEED"
"results/formal_experiment/dissertation_formal_v4/runs/seed2_v8/FE05_HYBRID_v8_seed2_v4_real/step_records.csv","dissertation_formal_v4","8","2","HybridLLM","92","92","formal_low_v8_seed2_2_5","E_W","PROCEED"
"results/formal_experiment/dissertation_formal_v4/runs/seed2_v8/FE05_HYBRID_v8_seed2_v4_real/step_records.csv","dissertation_formal_v4","8","2","HybridLLM","92","92","formal_low_v8_seed2_2_6","E_W","PROCEED"
"results/formal_experiment/dissertation_formal_v4/runs/seed2_v8/FE05_HYBRID_v8_seed2_v4_real/step_records.csv","dissertation_formal_v4","8","2","HybridLLM","93","93","formal_low_v8_seed2_2_5","E_W","PROCEED"
"results/formal_experiment/dissertation_formal_v4/runs/seed2_v8/FE05_HYBRID_v8_seed2_v4_real/step_records.csv","dissertation_formal_v4","8","2","HybridLLM","93","93","formal_low_v8_seed2_2_6","E_W","PROCEED"
"results/formal_experiment/dissertation_formal_v4/runs/seed2_v8/FE05_HYBRID_v8_seed2_v4_real/step_records.csv","dissertation_formal_v4","8","2","HybridLLM","94","94","formal_low_v8_seed2_2_5","E_W","PROCEED"
"results/formal_experiment/dissertation_formal_v4/runs/seed2_v8/FE05_HYBRID_v8_seed2_v4_real/step_records.csv","dissertation_formal_v4","8","2","HybridLLM","94","94","formal_low_v8_seed2_2_6","E_W","PROCEED"
"results/formal_experiment/dissertation_formal_v4/runs/seed2_v8/FE05_HYBRID_v8_seed2_v4_real/step_records.csv","dissertation_formal_v4","8","2","HybridLLM","95","95","formal_low_v8_seed2_2_5","E_W","PROCEED"
"results/formal_experiment/dissertation_formal_v4/runs/seed2_v8/FE05_HYBRID_v8_seed2_v4_real/step_records.csv","dissertation_formal_v4","8","2","HybridLLM","95","95","formal_low_v8_seed2_2_6","E_W","PROCEED"
"results/formal_experiment/dissertation_formal_v4/runs/seed2_v8/FE05_HYBRID_v8_seed2_v4_real/step_records.csv","dissertation_formal_v4","8","2","HybridLLM","96","96","formal_low_v8_seed2_2_5","E_W","PROCEED"
"results/formal_experiment/dissertation_formal_v4/runs/seed2_v8/FE05_HYBRID_v8_seed2_v4_real/step_records.csv","dissertation_formal_v4","8","2","HybridLLM","96","96","formal_low_v8_seed2_2_6","E_W","PROCEED"
"results/formal_experiment/dissertation_formal_v4/runs/seed2_v8/FE05_HYBRID_v8_seed2_v4_real/step_records.csv","dissertation_formal_v4","8","2","HybridLLM","97","97","formal_low_v8_seed2_2_5","E_W","PROCEED"
"results/formal_experiment/dissertation_formal_v4/runs/seed2_v8/FE05_HYBRID_v8_seed2_v4_real/step_records.csv","dissertation_formal_v4","8","2","HybridLLM","97","97","formal_low_v8_seed2_2_6","E_W","PROCEED"
"results/formal_experiment/dissertation_formal_v4/runs/seed2_v8/FE05_HYBRID_v8_seed2_v4_real/step_records.csv","dissertation_formal_v4","8","2","HybridLLM","98","98","formal_low_v8_seed2_2_5","E_W","FREE"
"results/formal_experiment/dissertation_formal_v4/runs/seed2_v8/FE05_HYBRID_v8_seed2_v4_real/step_records.csv","dissertation_formal_v4","8","2","HybridLLM","98","98","formal_low_v8_seed2_2_6","E_W","FREE"
"results/formal_experiment/dissertation_formal_v4/runs/seed2_v8/FE05_HYBRID_v8_seed2_v4_real/step_records.csv","dissertation_formal_v4","8","2","HybridLLM","99","99","formal_low_v8_seed2_2_5","E_W","FREE"
"results/formal_experiment/dissertation_formal_v4/runs/seed2_v8/FE05_HYBRID_v8_seed2_v4_real/step_records.csv","dissertation_formal_v4","8","2","HybridLLM","99","99","formal_low_v8_seed2_2_6","E_W","FREE"
"results/formal_experiment/dissertation_formal_v4/runs/seed2_v8/FE05_HYBRID_v8_seed2_v4_real/step_records.csv","dissertation_formal_v4","8","2","HybridLLM","100","100","formal_low_v8_seed2_2_5","E_W","FREE"
"results/formal_experiment/dissertation_formal_v4/runs/seed2_v8/FE05_HYBRID_v8_seed2_v4_real/step_records.csv","dissertation_formal_v4","8","2","HybridLLM","100","100","formal_low_v8_seed2_2_6","E_W","FREE"
"results/formal_experiment/dissertation_formal_v4/runs/seed2_v8/FE05_HYBRID_v8_seed2_v4_real/step_records.csv","dissertation_formal_v4","8","2","HybridLLM","101","101","formal_low_v8_seed2_2_5","E_W","FREE"
"results/formal_experiment/dissertation_formal_v4/runs/seed2_v8/FE05_HYBRID_v8_seed2_v4_real/step_records.csv","dissertation_formal_v4","8","2","HybridLLM","101","101","formal_low_v8_seed2_2_6","E_W","FREE"
"results/formal_experiment/dissertation_formal_v4/runs/seed2_v8/FE05_HYBRID_v8_seed2_v4_real/step_records.csv","dissertation_formal_v4","8","2","HybridLLM","102","102","formal_low_v8_seed2_2_5","E_W","FREE"
"results/formal_experiment/dissertation_formal_v4/runs/seed2_v8/FE05_HYBRID_v8_seed2_v4_real/step_records.csv","dissertation_formal_v4","8","2","HybridLLM","102","102","formal_low_v8_seed2_2_6","E_W","FREE"
"results/formal_experiment/dissertation_formal_v4/runs/seed2_v8/FE05_HYBRID_v8_seed2_v4_real/step_records.csv","dissertation_formal_v4","8","2","HybridLLM","103","103","formal_low_v8_seed2_2_5","E_W","FREE"
"results/formal_experiment/dissertation_formal_v4/runs/seed2_v8/FE05_HYBRID_v8_seed2_v4_real/step_records.csv","dissertation_formal_v4","8","2","HybridLLM","103","103","formal_low_v8_seed2_2_6","E_W","FREE"
"results/formal_experiment/dissertation_formal_v4/runs/seed2_v8/FE05_HYBRID_v8_seed2_v4_real/step_records.csv","dissertation_formal_v4","8","2","HybridLLM","104","104","formal_low_v8_seed2_2_5","E_W","FREE"
"results/formal_experiment/dissertation_formal_v4/runs/seed2_v8/FE05_HYBRID_v8_seed2_v4_real/step_records.csv","dissertation_formal_v4","8","2","HybridLLM","104","104","formal_low_v8_seed2_2_6","E_W","FREE"
"results/formal_experiment/dissertation_formal_v4/runs/seed2_v8/FE05_HYBRID_v8_seed2_v4_real/step_records.csv","dissertation_formal_v4","8","2","HybridLLM","105","105","formal_low_v8_seed2_2_5","E_W","FREE"
"results/formal_experiment/dissertation_formal_v4/runs/seed2_v8/FE05_HYBRID_v8_seed2_v4_real/step_records.csv","dissertation_formal_v4","8","2","HybridLLM","106","106","formal_low_v8_seed2_2_5","E_W","FREE"
"results/formal_experiment/dissertation_formal_v4/runs/seed2_v8/FE06_HYBRID_SAFETY_v8_seed2_v4_real/step_records.csv","dissertation_formal_v4","8","2","HybridLLMSafety","0","0","formal_low_v8_seed2_2_0","W_E","FREE"
"results/formal_experiment/dissertation_formal_v4/runs/seed2_v8/FE06_HYBRID_SAFETY_v8_seed2_v4_real/step_records.csv","dissertation_formal_v4","8","2","HybridLLMSafety","1","1","formal_low_v8_seed2_2_0","W_E","FREE"
"results/formal_experiment/dissertation_formal_v4/runs/seed2_v8/FE06_HYBRID_SAFETY_v8_seed2_v4_real/step_records.csv","dissertation_formal_v4","8","2","HybridLLMSafety","2","2","formal_low_v8_seed2_2_0","W_E","FREE"
"results/formal_experiment/dissertation_formal_v4/runs/seed2_v8/FE06_HYBRID_SAFETY_v8_seed2_v4_real/step_records.csv","dissertation_formal_v4","8","2","HybridLLMSafety","3","3","formal_low_v8_seed2_2_0","W_E","FREE"
"results/formal_experiment/dissertation_formal_v4/runs/seed2_v8/FE06_HYBRID_SAFETY_v8_seed2_v4_real/step_records.csv","dissertation_formal_v4","8","2","HybridLLMSafety","4","4","formal_low_v8_seed2_2_0","W_E","FREE"
"results/formal_experiment/dissertation_formal_v4/runs/seed2_v8/FE06_HYBRID_SAFETY_v8_seed2_v4_real/step_records.csv","dissertation_formal_v4","8","2","HybridLLMSafety","4","4","formal_low_v8_seed2_2_1","W_E","FREE"
"results/formal_experiment/dissertation_formal_v4/runs/seed2_v8/FE06_HYBRID_SAFETY_v8_seed2_v4_real/step_records.csv","dissertation_formal_v4","8","2","HybridLLMSafety","5","5","formal_low_v8_seed2_2_0","W_E","FREE"
"results/formal_experiment/dissertation_formal_v4/runs/seed2_v8/FE06_HYBRID_SAFETY_v8_seed2_v4_real/step_records.csv","dissertation_formal_v4","8","2","HybridLLMSafety","5","5","formal_low_v8_seed2_2_1","W_E","FREE"
"results/formal_experiment/dissertation_formal_v4/runs/seed2_v8/FE06_HYBRID_SAFETY_v8_seed2_v4_real/step_records.csv","dissertation_formal_v4","8","2","HybridLLMSafety","6","6","formal_low_v8_seed2_2_0","W_E","FREE"
"results/formal_experiment/dissertation_formal_v4/runs/seed2_v8/FE06_HYBRID_SAFETY_v8_seed2_v4_real/step_records.csv","dissertation_formal_v4","8","2","HybridLLMSafety","6","6","formal_low_v8_seed2_2_1","W_E","FREE"
"results/formal_experiment/dissertation_formal_v4/runs/seed2_v8/FE06_HYBRID_SAFETY_v8_seed2_v4_real/step_records.csv","dissertation_formal_v4","8","2","HybridLLMSafety","7","7","formal_low_v8_seed2_2_0","W_E","PROCEED"
"results/formal_experiment/dissertation_formal_v4/runs/seed2_v8/FE06_HYBRID_SAFETY_v8_seed2_v4_real/step_records.csv","dissertation_formal_v4","8","2","HybridLLMSafety","7","7","formal_low_v8_seed2_2_1","W_E","FREE"
"results/formal_experiment/dissertation_formal_v4/runs/seed2_v8/FE06_HYBRID_SAFETY_v8_seed2_v4_real/step_records.csv","dissertation_formal_v4","8","2","HybridLLMSafety","8","8","formal_low_v8_seed2_2_0","W_E","PROCEED"
"results/formal_experiment/dissertation_formal_v4/runs/seed2_v8/FE06_HYBRID_SAFETY_v8_seed2_v4_real/step_records.csv","dissertation_formal_v4","8","2","HybridLLMSafety","8","8","formal_low_v8_seed2_2_1","W_E","FREE"
"results/formal_experiment/dissertation_formal_v4/runs/seed2_v8/FE06_HYBRID_SAFETY_v8_seed2_v4_real/step_records.csv","dissertation_formal_v4","8","2","HybridLLMSafety","9","9","formal_low_v8_seed2_2_0","W_E","PROCEED"
"results/formal_experiment/dissertation_formal_v4/runs/seed2_v8/FE06_HYBRID_SAFETY_v8_seed2_v4_real/step_records.csv","dissertation_formal_v4","8","2","HybridLLMSafety","9","9","formal_low_v8_seed2_2_1","W_E","FREE"
"results/formal_experiment/dissertation_formal_v4/runs/seed2_v8/FE06_HYBRID_SAFETY_v8_seed2_v4_real/step_records.csv","dissertation_formal_v4","8","2","HybridLLMSafety","9","9","formal_low_v8_seed2_2_2","N_S","FREE"
"results/formal_experiment/dissertation_formal_v4/runs/seed2_v8/FE06_HYBRID_SAFETY_v8_seed2_v4_real/step_records.csv","dissertation_formal_v4","8","2","HybridLLMSafety","10","10","formal_low_v8_seed2_2_0","W_E","PROCEED"
"results/formal_experiment/dissertation_formal_v4/runs/seed2_v8/FE06_HYBRID_SAFETY_v8_seed2_v4_real/step_records.csv","dissertation_formal_v4","8","2","HybridLLMSafety","10","10","formal_low_v8_seed2_2_1","W_E","FREE"
"results/formal_experiment/dissertation_formal_v4/runs/seed2_v8/FE06_HYBRID_SAFETY_v8_seed2_v4_real/step_records.csv","dissertation_formal_v4","8","2","HybridLLMSafety","10","10","formal_low_v8_seed2_2_2","N_S","FREE"
"results/formal_experiment/dissertation_formal_v4/runs/seed2_v8/FE06_HYBRID_SAFETY_v8_seed2_v4_real/step_records.csv","dissertation_formal_v4","8","2","HybridLLMSafety","11","11","formal_low_v8_seed2_2_0","W_E","PROCEED"
"results/formal_experiment/dissertation_formal_v4/runs/seed2_v8/FE06_HYBRID_SAFETY_v8_seed2_v4_real/step_records.csv","dissertation_formal_v4","8","2","HybridLLMSafety","11","11","formal_low_v8_seed2_2_1","W_E","FREE"
"results/formal_experiment/dissertation_formal_v4/runs/seed2_v8/FE06_HYBRID_SAFETY_v8_seed2_v4_real/step_records.csv","dissertation_formal_v4","8","2","HybridLLMSafety","11","11","formal_low_v8_seed2_2_2","N_S","FREE"
"results/formal_experiment/dissertation_formal_v4/runs/seed2_v8/FE06_HYBRID_SAFETY_v8_seed2_v4_real/step_records.csv","dissertation_formal_v4","8","2","HybridLLMSafety","12","12","formal_low_v8_seed2_2_0","W_E","PROCEED"
"results/formal_experiment/dissertation_formal_v4/runs/seed2_v8/FE06_HYBRID_SAFETY_v8_seed2_v4_real/step_records.csv","dissertation_formal_v4","8","2","HybridLLMSafety","12","12","formal_low_v8_seed2_2_1","W_E","PROCEED"
"results/formal_experiment/dissertation_formal_v4/runs/seed2_v8/FE06_HYBRID_SAFETY_v8_seed2_v4_real/step_records.csv","dissertation_formal_v4","8","2","HybridLLMSafety","12","12","formal_low_v8_seed2_2_2","N_S","FREE"
"results/formal_experiment/dissertation_formal_v4/runs/seed2_v8/FE06_HYBRID_SAFETY_v8_seed2_v4_real/step_records.csv","dissertation_formal_v4","8","2","HybridLLMSafety","13","13","formal_low_v8_seed2_2_0","W_E","PROCEED"
"results/formal_experiment/dissertation_formal_v4/runs/seed2_v8/FE06_HYBRID_SAFETY_v8_seed2_v4_real/step_records.csv","dissertation_formal_v4","8","2","HybridLLMSafety","13","13","formal_low_v8_seed2_2_1","W_E","PROCEED"
"results/formal_experiment/dissertation_formal_v4/runs/seed2_v8/FE06_HYBRID_SAFETY_v8_seed2_v4_real/step_records.csv","dissertation_formal_v4","8","2","HybridLLMSafety","13","13","formal_low_v8_seed2_2_2","N_S","FREE"
"results/formal_experiment/dissertation_formal_v4/runs/seed2_v8/FE06_HYBRID_SAFETY_v8_seed2_v4_real/step_records.csv","dissertation_formal_v4","8","2","HybridLLMSafety","14","14","formal_low_v8_seed2_2_0","W_E","FREE"
"results/formal_experiment/dissertation_formal_v4/runs/seed2_v8/FE06_HYBRID_SAFETY_v8_seed2_v4_real/step_records.csv","dissertation_formal_v4","8","2","HybridLLMSafety","14","14","formal_low_v8_seed2_2_1","W_E","PROCEED"
"results/formal_experiment/dissertation_formal_v4/runs/seed2_v8/FE06_HYBRID_SAFETY_v8_seed2_v4_real/step_records.csv","dissertation_formal_v4","8","2","HybridLLMSafety","14","14","formal_low_v8_seed2_2_2","N_S","WAIT"
"results/formal_experiment/dissertation_formal_v4/runs/seed2_v8/FE06_HYBRID_SAFETY_v8_seed2_v4_real/step_records.csv","dissertation_formal_v4","8","2","HybridLLMSafety","14","14","formal_low_v8_seed2_2_3","N_S","FREE"
"results/formal_experiment/dissertation_formal_v4/runs/seed2_v8/FE06_HYBRID_SAFETY_v8_seed2_v4_real/step_records.csv","dissertation_formal_v4","8","2","HybridLLMSafety","15","15","formal_low_v8_seed2_2_0","W_E","FREE"
"results/formal_experiment/dissertation_formal_v4/runs/seed2_v8/FE06_HYBRID_SAFETY_v8_seed2_v4_real/step_records.csv","dissertation_formal_v4","8","2","HybridLLMSafety","15","15","formal_low_v8_seed2_2_1","W_E","PROCEED"
"results/formal_experiment/dissertation_formal_v4/runs/seed2_v8/FE06_HYBRID_SAFETY_v8_seed2_v4_real/step_records.csv","dissertation_formal_v4","8","2","HybridLLMSafety","15","15","formal_low_v8_seed2_2_2","N_S","WAIT"
"results/formal_experiment/dissertation_formal_v4/runs/seed2_v8/FE06_HYBRID_SAFETY_v8_seed2_v4_real/step_records.csv","dissertation_formal_v4","8","2","HybridLLMSafety","15","15","formal_low_v8_seed2_2_3","N_S","FREE"
"results/formal_experiment/dissertation_formal_v4/runs/seed2_v8/FE06_HYBRID_SAFETY_v8_seed2_v4_real/step_records.csv","dissertation_formal_v4","8","2","HybridLLMSafety","16","16","formal_low_v8_seed2_2_0","W_E","FREE"
"results/formal_experiment/dissertation_formal_v4/runs/seed2_v8/FE06_HYBRID_SAFETY_v8_seed2_v4_real/step_records.csv","dissertation_formal_v4","8","2","HybridLLMSafety","16","16","formal_low_v8_seed2_2_1","W_E","PROCEED"
"results/formal_experiment/dissertation_formal_v4/runs/seed2_v8/FE06_HYBRID_SAFETY_v8_seed2_v4_real/step_records.csv","dissertation_formal_v4","8","2","HybridLLMSafety","16","16","formal_low_v8_seed2_2_2","N_S","WAIT"
"results/formal_experiment/dissertation_formal_v4/runs/seed2_v8/FE06_HYBRID_SAFETY_v8_seed2_v4_real/step_records.csv","dissertation_formal_v4","8","2","HybridLLMSafety","16","16","formal_low_v8_seed2_2_3","N_S","FREE"
"results/formal_experiment/dissertation_formal_v4/runs/seed2_v8/FE06_HYBRID_SAFETY_v8_seed2_v4_real/step_records.csv","dissertation_formal_v4","8","2","HybridLLMSafety","17","17","formal_low_v8_seed2_2_0","W_E","FREE"
"results/formal_experiment/dissertation_formal_v4/runs/seed2_v8/FE06_HYBRID_SAFETY_v8_seed2_v4_real/step_records.csv","dissertation_formal_v4","8","2","HybridLLMSafety","17","17","formal_low_v8_seed2_2_1","W_E","PROCEED"
"results/formal_experiment/dissertation_formal_v4/runs/seed2_v8/FE06_HYBRID_SAFETY_v8_seed2_v4_real/step_records.csv","dissertation_formal_v4","8","2","HybridLLMSafety","17","17","formal_low_v8_seed2_2_2","N_S","WAIT"
"results/formal_experiment/dissertation_formal_v4/runs/seed2_v8/FE06_HYBRID_SAFETY_v8_seed2_v4_real/step_records.csv","dissertation_formal_v4","8","2","HybridLLMSafety","17","17","formal_low_v8_seed2_2_3","N_S","FREE"
"results/formal_experiment/dissertation_formal_v4/runs/seed2_v8/FE06_HYBRID_SAFETY_v8_seed2_v4_real/step_records.csv","dissertation_formal_v4","8","2","HybridLLMSafety","18","18","formal_low_v8_seed2_2_0","W_E","FREE"
"results/formal_experiment/dissertation_formal_v4/runs/seed2_v8/FE06_HYBRID_SAFETY_v8_seed2_v4_real/step_records.csv","dissertation_formal_v4","8","2","HybridLLMSafety","18","18","formal_low_v8_seed2_2_1","W_E","PROCEED"
"results/formal_experiment/dissertation_formal_v4/runs/seed2_v8/FE06_HYBRID_SAFETY_v8_seed2_v4_real/step_records.csv","dissertation_formal_v4","8","2","HybridLLMSafety","18","18","formal_low_v8_seed2_2_2","N_S","WAIT"
"results/formal_experiment/dissertation_formal_v4/runs/seed2_v8/FE06_HYBRID_SAFETY_v8_seed2_v4_real/step_records.csv","dissertation_formal_v4","8","2","HybridLLMSafety","18","18","formal_low_v8_seed2_2_3","N_S","WAIT"
"results/formal_experiment/dissertation_formal_v4/runs/seed2_v8/FE06_HYBRID_SAFETY_v8_seed2_v4_real/step_records.csv","dissertation_formal_v4","8","2","HybridLLMSafety","19","19","formal_low_v8_seed2_2_0","W_E","FREE"
"results/formal_experiment/dissertation_formal_v4/runs/seed2_v8/FE06_HYBRID_SAFETY_v8_seed2_v4_real/step_records.csv","dissertation_formal_v4","8","2","HybridLLMSafety","19","19","formal_low_v8_seed2_2_1","W_E","FREE"
"results/formal_experiment/dissertation_formal_v4/runs/seed2_v8/FE06_HYBRID_SAFETY_v8_seed2_v4_real/step_records.csv","dissertation_formal_v4","8","2","HybridLLMSafety","19","19","formal_low_v8_seed2_2_2","N_S","PROCEED"
"results/formal_experiment/dissertation_formal_v4/runs/seed2_v8/FE06_HYBRID_SAFETY_v8_seed2_v4_real/step_records.csv","dissertation_formal_v4","8","2","HybridLLMSafety","19","19","formal_low_v8_seed2_2_3","N_S","PROCEED"
"results/formal_experiment/dissertation_formal_v4/runs/seed2_v8/FE06_HYBRID_SAFETY_v8_seed2_v4_real/step_records.csv","dissertation_formal_v4","8","2","HybridLLMSafety","20","20","formal_low_v8_seed2_2_0","W_E","FREE"
"results/formal_experiment/dissertation_formal_v4/runs/seed2_v8/FE06_HYBRID_SAFETY_v8_seed2_v4_real/step_records.csv","dissertation_formal_v4","8","2","HybridLLMSafety","20","20","formal_low_v8_seed2_2_1","W_E","FREE"
"results/formal_experiment/dissertation_formal_v4/runs/seed2_v8/FE06_HYBRID_SAFETY_v8_seed2_v4_real/step_records.csv","dissertation_formal_v4","8","2","HybridLLMSafety","20","20","formal_low_v8_seed2_2_2","N_S","PROCEED"
"results/formal_experiment/dissertation_formal_v4/runs/seed2_v8/FE06_HYBRID_SAFETY_v8_seed2_v4_real/step_records.csv","dissertation_formal_v4","8","2","HybridLLMSafety","20","20","formal_low_v8_seed2_2_3","N_S","PROCEED"
"results/formal_experiment/dissertation_formal_v4/runs/seed2_v8/FE06_HYBRID_SAFETY_v8_seed2_v4_real/step_records.csv","dissertation_formal_v4","8","2","HybridLLMSafety","21","21","formal_low_v8_seed2_2_0","W_E","FREE"
"results/formal_experiment/dissertation_formal_v4/runs/seed2_v8/FE06_HYBRID_SAFETY_v8_seed2_v4_real/step_records.csv","dissertation_formal_v4","8","2","HybridLLMSafety","21","21","formal_low_v8_seed2_2_1","W_E","FREE"
"results/formal_experiment/dissertation_formal_v4/runs/seed2_v8/FE06_HYBRID_SAFETY_v8_seed2_v4_real/step_records.csv","dissertation_formal_v4","8","2","HybridLLMSafety","21","21","formal_low_v8_seed2_2_2","N_S","PROCEED"
"results/formal_experiment/dissertation_formal_v4/runs/seed2_v8/FE06_HYBRID_SAFETY_v8_seed2_v4_real/step_records.csv","dissertation_formal_v4","8","2","HybridLLMSafety","21","21","formal_low_v8_seed2_2_3","N_S","PROCEED"
"results/formal_experiment/dissertation_formal_v4/runs/seed2_v8/FE06_HYBRID_SAFETY_v8_seed2_v4_real/step_records.csv","dissertation_formal_v4","8","2","HybridLLMSafety","22","22","formal_low_v8_seed2_2_1","W_E","FREE"
"results/formal_experiment/dissertation_formal_v4/runs/seed2_v8/FE06_HYBRID_SAFETY_v8_seed2_v4_real/step_records.csv","dissertation_formal_v4","8","2","HybridLLMSafety","22","22","formal_low_v8_seed2_2_2","N_S","PROCEED"
"results/formal_experiment/dissertation_formal_v4/runs/seed2_v8/FE06_HYBRID_SAFETY_v8_seed2_v4_real/step_records.csv","dissertation_formal_v4","8","2","HybridLLMSafety","22","22","formal_low_v8_seed2_2_3","N_S","PROCEED"
"results/formal_experiment/dissertation_formal_v4/runs/seed2_v8/FE06_HYBRID_SAFETY_v8_seed2_v4_real/step_records.csv","dissertation_formal_v4","8","2","HybridLLMSafety","23","23","formal_low_v8_seed2_2_1","W_E","FREE"
"results/formal_experiment/dissertation_formal_v4/runs/seed2_v8/FE06_HYBRID_SAFETY_v8_seed2_v4_real/step_records.csv","dissertation_formal_v4","8","2","HybridLLMSafety","23","23","formal_low_v8_seed2_2_2","N_S","PROCEED"
"results/formal_experiment/dissertation_formal_v4/runs/seed2_v8/FE06_HYBRID_SAFETY_v8_seed2_v4_real/step_records.csv","dissertation_formal_v4","8","2","HybridLLMSafety","23","23","formal_low_v8_seed2_2_3","N_S","PROCEED"
"results/formal_experiment/dissertation_formal_v4/runs/seed2_v8/FE06_HYBRID_SAFETY_v8_seed2_v4_real/step_records.csv","dissertation_formal_v4","8","2","HybridLLMSafety","23","23","formal_low_v8_seed2_2_4","W_E","FREE"
"results/formal_experiment/dissertation_formal_v4/runs/seed2_v8/FE06_HYBRID_SAFETY_v8_seed2_v4_real/step_records.csv","dissertation_formal_v4","8","2","HybridLLMSafety","24","24","formal_low_v8_seed2_2_1","W_E","FREE"
"results/formal_experiment/dissertation_formal_v4/runs/seed2_v8/FE06_HYBRID_SAFETY_v8_seed2_v4_real/step_records.csv","dissertation_formal_v4","8","2","HybridLLMSafety","24","24","formal_low_v8_seed2_2_2","N_S","PROCEED"
"results/formal_experiment/dissertation_formal_v4/runs/seed2_v8/FE06_HYBRID_SAFETY_v8_seed2_v4_real/step_records.csv","dissertation_formal_v4","8","2","HybridLLMSafety","24","24","formal_low_v8_seed2_2_3","N_S","PROCEED"
"results/formal_experiment/dissertation_formal_v4/runs/seed2_v8/FE06_HYBRID_SAFETY_v8_seed2_v4_real/step_records.csv","dissertation_formal_v4","8","2","HybridLLMSafety","24","24","formal_low_v8_seed2_2_4","W_E","FREE"
"results/formal_experiment/dissertation_formal_v4/runs/seed2_v8/FE06_HYBRID_SAFETY_v8_seed2_v4_real/step_records.csv","dissertation_formal_v4","8","2","HybridLLMSafety","25","25","formal_low_v8_seed2_2_1","W_E","FREE"
"results/formal_experiment/dissertation_formal_v4/runs/seed2_v8/FE06_HYBRID_SAFETY_v8_seed2_v4_real/step_records.csv","dissertation_formal_v4","8","2","HybridLLMSafety","25","25","formal_low_v8_seed2_2_2","N_S","PROCEED"
"results/formal_experiment/dissertation_formal_v4/runs/seed2_v8/FE06_HYBRID_SAFETY_v8_seed2_v4_real/step_records.csv","dissertation_formal_v4","8","2","HybridLLMSafety","25","25","formal_low_v8_seed2_2_3","N_S","PROCEED"
"results/formal_experiment/dissertation_formal_v4/runs/seed2_v8/FE06_HYBRID_SAFETY_v8_seed2_v4_real/step_records.csv","dissertation_formal_v4","8","2","HybridLLMSafety","25","25","formal_low_v8_seed2_2_4","W_E","FREE"
"results/formal_experiment/dissertation_formal_v4/runs/seed2_v8/FE06_HYBRID_SAFETY_v8_seed2_v4_real/step_records.csv","dissertation_formal_v4","8","2","HybridLLMSafety","26","26","formal_low_v8_seed2_2_1","W_E","FREE"
"results/formal_experiment/dissertation_formal_v4/runs/seed2_v8/FE06_HYBRID_SAFETY_v8_seed2_v4_real/step_records.csv","dissertation_formal_v4","8","2","HybridLLMSafety","26","26","formal_low_v8_seed2_2_2","N_S","PROCEED"
"results/formal_experiment/dissertation_formal_v4/runs/seed2_v8/FE06_HYBRID_SAFETY_v8_seed2_v4_real/step_records.csv","dissertation_formal_v4","8","2","HybridLLMSafety","26","26","formal_low_v8_seed2_2_3","N_S","PROCEED"
"results/formal_experiment/dissertation_formal_v4/runs/seed2_v8/FE06_HYBRID_SAFETY_v8_seed2_v4_real/step_records.csv","dissertation_formal_v4","8","2","HybridLLMSafety","26","26","formal_low_v8_seed2_2_4","W_E","FREE"
"results/formal_experiment/dissertation_formal_v4/runs/seed2_v8/FE06_HYBRID_SAFETY_v8_seed2_v4_real/step_records.csv","dissertation_formal_v4","8","2","HybridLLMSafety","27","27","formal_low_v8_seed2_2_2","N_S","PROCEED"
"results/formal_experiment/dissertation_formal_v4/runs/seed2_v8/FE06_HYBRID_SAFETY_v8_seed2_v4_real/step_records.csv","dissertation_formal_v4","8","2","HybridLLMSafety","27","27","formal_low_v8_seed2_2_3","N_S","PROCEED"
"results/formal_experiment/dissertation_formal_v4/runs/seed2_v8/FE06_HYBRID_SAFETY_v8_seed2_v4_real/step_records.csv","dissertation_formal_v4","8","2","HybridLLMSafety","27","27","formal_low_v8_seed2_2_4","W_E","FREE"
"results/formal_experiment/dissertation_formal_v4/runs/seed2_v8/FE06_HYBRID_SAFETY_v8_seed2_v4_real/step_records.csv","dissertation_formal_v4","8","2","HybridLLMSafety","28","28","formal_low_v8_seed2_2_2","N_S","PROCEED"
"results/formal_experiment/dissertation_formal_v4/runs/seed2_v8/FE06_HYBRID_SAFETY_v8_seed2_v4_real/step_records.csv","dissertation_formal_v4","8","2","HybridLLMSafety","28","28","formal_low_v8_seed2_2_3","N_S","PROCEED"
"results/formal_experiment/dissertation_formal_v4/runs/seed2_v8/FE06_HYBRID_SAFETY_v8_seed2_v4_real/step_records.csv","dissertation_formal_v4","8","2","HybridLLMSafety","28","28","formal_low_v8_seed2_2_4","W_E","FREE"
"results/formal_experiment/dissertation_formal_v4/runs/seed2_v8/FE06_HYBRID_SAFETY_v8_seed2_v4_real/step_records.csv","dissertation_formal_v4","8","2","HybridLLMSafety","29","29","formal_low_v8_seed2_2_2","N_S","PROCEED"
"results/formal_experiment/dissertation_formal_v4/runs/seed2_v8/FE06_HYBRID_SAFETY_v8_seed2_v4_real/step_records.csv","dissertation_formal_v4","8","2","HybridLLMSafety","29","29","formal_low_v8_seed2_2_3","N_S","PROCEED"
"results/formal_experiment/dissertation_formal_v4/runs/seed2_v8/FE06_HYBRID_SAFETY_v8_seed2_v4_real/step_records.csv","dissertation_formal_v4","8","2","HybridLLMSafety","29","29","formal_low_v8_seed2_2_4","W_E","FREE"
"results/formal_experiment/dissertation_formal_v4/runs/seed2_v8/FE06_HYBRID_SAFETY_v8_seed2_v4_real/step_records.csv","dissertation_formal_v4","8","2","HybridLLMSafety","29","29","formal_low_v8_seed2_2_5","E_W","FREE"
"results/formal_experiment/dissertation_formal_v4/runs/seed2_v8/FE06_HYBRID_SAFETY_v8_seed2_v4_real/step_records.csv","dissertation_formal_v4","8","2","HybridLLMSafety","30","30","formal_low_v8_seed2_2_2","N_S","WAIT"
"results/formal_experiment/dissertation_formal_v4/runs/seed2_v8/FE06_HYBRID_SAFETY_v8_seed2_v4_real/step_records.csv","dissertation_formal_v4","8","2","HybridLLMSafety","30","30","formal_low_v8_seed2_2_3","N_S","WAIT"
"results/formal_experiment/dissertation_formal_v4/runs/seed2_v8/FE06_HYBRID_SAFETY_v8_seed2_v4_real/step_records.csv","dissertation_formal_v4","8","2","HybridLLMSafety","30","30","formal_low_v8_seed2_2_4","W_E","PROCEED"
"results/formal_experiment/dissertation_formal_v4/runs/seed2_v8/FE06_HYBRID_SAFETY_v8_seed2_v4_real/step_records.csv","dissertation_formal_v4","8","2","HybridLLMSafety","30","30","formal_low_v8_seed2_2_5","E_W","FREE"
"results/formal_experiment/dissertation_formal_v4/runs/seed2_v8/FE06_HYBRID_SAFETY_v8_seed2_v4_real/step_records.csv","dissertation_formal_v4","8","2","HybridLLMSafety","31","31","formal_low_v8_seed2_2_2","N_S","WAIT"
"results/formal_experiment/dissertation_formal_v4/runs/seed2_v8/FE06_HYBRID_SAFETY_v8_seed2_v4_real/step_records.csv","dissertation_formal_v4","8","2","HybridLLMSafety","31","31","formal_low_v8_seed2_2_3","N_S","WAIT"
"results/formal_experiment/dissertation_formal_v4/runs/seed2_v8/FE06_HYBRID_SAFETY_v8_seed2_v4_real/step_records.csv","dissertation_formal_v4","8","2","HybridLLMSafety","31","31","formal_low_v8_seed2_2_4","W_E","PROCEED"
"results/formal_experiment/dissertation_formal_v4/runs/seed2_v8/FE06_HYBRID_SAFETY_v8_seed2_v4_real/step_records.csv","dissertation_formal_v4","8","2","HybridLLMSafety","31","31","formal_low_v8_seed2_2_5","E_W","FREE"
"results/formal_experiment/dissertation_formal_v4/runs/seed2_v8/FE06_HYBRID_SAFETY_v8_seed2_v4_real/step_records.csv","dissertation_formal_v4","8","2","HybridLLMSafety","32","32","formal_low_v8_seed2_2_2","N_S","WAIT"
"results/formal_experiment/dissertation_formal_v4/runs/seed2_v8/FE06_HYBRID_SAFETY_v8_seed2_v4_real/step_records.csv","dissertation_formal_v4","8","2","HybridLLMSafety","32","32","formal_low_v8_seed2_2_3","N_S","WAIT"
"results/formal_experiment/dissertation_formal_v4/runs/seed2_v8/FE06_HYBRID_SAFETY_v8_seed2_v4_real/step_records.csv","dissertation_formal_v4","8","2","HybridLLMSafety","32","32","formal_low_v8_seed2_2_4","W_E","PROCEED"
"results/formal_experiment/dissertation_formal_v4/runs/seed2_v8/FE06_HYBRID_SAFETY_v8_seed2_v4_real/step_records.csv","dissertation_formal_v4","8","2","HybridLLMSafety","32","32","formal_low_v8_seed2_2_5","E_W","FREE"
"results/formal_experiment/dissertation_formal_v4/runs/seed2_v8/FE06_HYBRID_SAFETY_v8_seed2_v4_real/step_records.csv","dissertation_formal_v4","8","2","HybridLLMSafety","33","33","formal_low_v8_seed2_2_2","N_S","WAIT"
"results/formal_experiment/dissertation_formal_v4/runs/seed2_v8/FE06_HYBRID_SAFETY_v8_seed2_v4_real/step_records.csv","dissertation_formal_v4","8","2","HybridLLMSafety","33","33","formal_low_v8_seed2_2_3","N_S","WAIT"
"results/formal_experiment/dissertation_formal_v4/runs/seed2_v8/FE06_HYBRID_SAFETY_v8_seed2_v4_real/step_records.csv","dissertation_formal_v4","8","2","HybridLLMSafety","33","33","formal_low_v8_seed2_2_4","W_E","PROCEED"
"results/formal_experiment/dissertation_formal_v4/runs/seed2_v8/FE06_HYBRID_SAFETY_v8_seed2_v4_real/step_records.csv","dissertation_formal_v4","8","2","HybridLLMSafety","33","33","formal_low_v8_seed2_2_5","E_W","FREE"
"results/formal_experiment/dissertation_formal_v4/runs/seed2_v8/FE06_HYBRID_SAFETY_v8_seed2_v4_real/step_records.csv","dissertation_formal_v4","8","2","HybridLLMSafety","34","34","formal_low_v8_seed2_2_2","N_S","WAIT"
"results/formal_experiment/dissertation_formal_v4/runs/seed2_v8/FE06_HYBRID_SAFETY_v8_seed2_v4_real/step_records.csv","dissertation_formal_v4","8","2","HybridLLMSafety","34","34","formal_low_v8_seed2_2_3","N_S","WAIT"
"results/formal_experiment/dissertation_formal_v4/runs/seed2_v8/FE06_HYBRID_SAFETY_v8_seed2_v4_real/step_records.csv","dissertation_formal_v4","8","2","HybridLLMSafety","34","34","formal_low_v8_seed2_2_4","W_E","PROCEED"
"results/formal_experiment/dissertation_formal_v4/runs/seed2_v8/FE06_HYBRID_SAFETY_v8_seed2_v4_real/step_records.csv","dissertation_formal_v4","8","2","HybridLLMSafety","34","34","formal_low_v8_seed2_2_5","E_W","FREE"
"results/formal_experiment/dissertation_formal_v4/runs/seed2_v8/FE06_HYBRID_SAFETY_v8_seed2_v4_real/step_records.csv","dissertation_formal_v4","8","2","HybridLLMSafety","35","35","formal_low_v8_seed2_2_2","N_S","WAIT"
"results/formal_experiment/dissertation_formal_v4/runs/seed2_v8/FE06_HYBRID_SAFETY_v8_seed2_v4_real/step_records.csv","dissertation_formal_v4","8","2","HybridLLMSafety","35","35","formal_low_v8_seed2_2_3","N_S","WAIT"
"results/formal_experiment/dissertation_formal_v4/runs/seed2_v8/FE06_HYBRID_SAFETY_v8_seed2_v4_real/step_records.csv","dissertation_formal_v4","8","2","HybridLLMSafety","35","35","formal_low_v8_seed2_2_4","W_E","PROCEED"
"results/formal_experiment/dissertation_formal_v4/runs/seed2_v8/FE06_HYBRID_SAFETY_v8_seed2_v4_real/step_records.csv","dissertation_formal_v4","8","2","HybridLLMSafety","35","35","formal_low_v8_seed2_2_5","E_W","FREE"
"results/formal_experiment/dissertation_formal_v4/runs/seed2_v8/FE06_HYBRID_SAFETY_v8_seed2_v4_real/step_records.csv","dissertation_formal_v4","8","2","HybridLLMSafety","36","36","formal_low_v8_seed2_2_2","N_S","WAIT"
"results/formal_experiment/dissertation_formal_v4/runs/seed2_v8/FE06_HYBRID_SAFETY_v8_seed2_v4_real/step_records.csv","dissertation_formal_v4","8","2","HybridLLMSafety","36","36","formal_low_v8_seed2_2_3","N_S","WAIT"
"results/formal_experiment/dissertation_formal_v4/runs/seed2_v8/FE06_HYBRID_SAFETY_v8_seed2_v4_real/step_records.csv","dissertation_formal_v4","8","2","HybridLLMSafety","36","36","formal_low_v8_seed2_2_4","W_E","PROCEED"
"results/formal_experiment/dissertation_formal_v4/runs/seed2_v8/FE06_HYBRID_SAFETY_v8_seed2_v4_real/step_records.csv","dissertation_formal_v4","8","2","HybridLLMSafety","36","36","formal_low_v8_seed2_2_5","E_W","FREE"
"results/formal_experiment/dissertation_formal_v4/runs/seed2_v8/FE06_HYBRID_SAFETY_v8_seed2_v4_real/step_records.csv","dissertation_formal_v4","8","2","HybridLLMSafety","37","37","formal_low_v8_seed2_2_2","N_S","PROCEED"
"results/formal_experiment/dissertation_formal_v4/runs/seed2_v8/FE06_HYBRID_SAFETY_v8_seed2_v4_real/step_records.csv","dissertation_formal_v4","8","2","HybridLLMSafety","37","37","formal_low_v8_seed2_2_3","N_S","PROCEED"
"results/formal_experiment/dissertation_formal_v4/runs/seed2_v8/FE06_HYBRID_SAFETY_v8_seed2_v4_real/step_records.csv","dissertation_formal_v4","8","2","HybridLLMSafety","37","37","formal_low_v8_seed2_2_4","W_E","FREE"
"results/formal_experiment/dissertation_formal_v4/runs/seed2_v8/FE06_HYBRID_SAFETY_v8_seed2_v4_real/step_records.csv","dissertation_formal_v4","8","2","HybridLLMSafety","37","37","formal_low_v8_seed2_2_5","E_W","FREE"
"results/formal_experiment/dissertation_formal_v4/runs/seed2_v8/FE06_HYBRID_SAFETY_v8_seed2_v4_real/step_records.csv","dissertation_formal_v4","8","2","HybridLLMSafety","37","37","formal_low_v8_seed2_2_6","E_W","FREE"
"results/formal_experiment/dissertation_formal_v4/runs/seed2_v8/FE06_HYBRID_SAFETY_v8_seed2_v4_real/step_records.csv","dissertation_formal_v4","8","2","HybridLLMSafety","38","38","formal_low_v8_seed2_2_2","N_S","PROCEED"
"results/formal_experiment/dissertation_formal_v4/runs/seed2_v8/FE06_HYBRID_SAFETY_v8_seed2_v4_real/step_records.csv","dissertation_formal_v4","8","2","HybridLLMSafety","38","38","formal_low_v8_seed2_2_3","N_S","PROCEED"
"results/formal_experiment/dissertation_formal_v4/runs/seed2_v8/FE06_HYBRID_SAFETY_v8_seed2_v4_real/step_records.csv","dissertation_formal_v4","8","2","HybridLLMSafety","38","38","formal_low_v8_seed2_2_4","W_E","FREE"
"results/formal_experiment/dissertation_formal_v4/runs/seed2_v8/FE06_HYBRID_SAFETY_v8_seed2_v4_real/step_records.csv","dissertation_formal_v4","8","2","HybridLLMSafety","38","38","formal_low_v8_seed2_2_5","E_W","FREE"
"results/formal_experiment/dissertation_formal_v4/runs/seed2_v8/FE06_HYBRID_SAFETY_v8_seed2_v4_real/step_records.csv","dissertation_formal_v4","8","2","HybridLLMSafety","38","38","formal_low_v8_seed2_2_6","E_W","FREE"
"results/formal_experiment/dissertation_formal_v4/runs/seed2_v8/FE06_HYBRID_SAFETY_v8_seed2_v4_real/step_records.csv","dissertation_formal_v4","8","2","HybridLLMSafety","39","39","formal_low_v8_seed2_2_2","N_S","WAIT"
"results/formal_experiment/dissertation_formal_v4/runs/seed2_v8/FE06_HYBRID_SAFETY_v8_seed2_v4_real/step_records.csv","dissertation_formal_v4","8","2","HybridLLMSafety","39","39","formal_low_v8_seed2_2_3","N_S","WAIT"
"results/formal_experiment/dissertation_formal_v4/runs/seed2_v8/FE06_HYBRID_SAFETY_v8_seed2_v4_real/step_records.csv","dissertation_formal_v4","8","2","HybridLLMSafety","39","39","formal_low_v8_seed2_2_4","W_E","FREE"
"results/formal_experiment/dissertation_formal_v4/runs/seed2_v8/FE06_HYBRID_SAFETY_v8_seed2_v4_real/step_records.csv","dissertation_formal_v4","8","2","HybridLLMSafety","39","39","formal_low_v8_seed2_2_5","E_W","PROCEED"
"results/formal_experiment/dissertation_formal_v4/runs/seed2_v8/FE06_HYBRID_SAFETY_v8_seed2_v4_real/step_records.csv","dissertation_formal_v4","8","2","HybridLLMSafety","39","39","formal_low_v8_seed2_2_6","E_W","FREE"
"results/formal_experiment/dissertation_formal_v4/runs/seed2_v8/FE06_HYBRID_SAFETY_v8_seed2_v4_real/step_records.csv","dissertation_formal_v4","8","2","HybridLLMSafety","40","40","formal_low_v8_seed2_2_2","N_S","WAIT"
"results/formal_experiment/dissertation_formal_v4/runs/seed2_v8/FE06_HYBRID_SAFETY_v8_seed2_v4_real/step_records.csv","dissertation_formal_v4","8","2","HybridLLMSafety","40","40","formal_low_v8_seed2_2_3","N_S","WAIT"
"results/formal_experiment/dissertation_formal_v4/runs/seed2_v8/FE06_HYBRID_SAFETY_v8_seed2_v4_real/step_records.csv","dissertation_formal_v4","8","2","HybridLLMSafety","40","40","formal_low_v8_seed2_2_4","W_E","FREE"
"results/formal_experiment/dissertation_formal_v4/runs/seed2_v8/FE06_HYBRID_SAFETY_v8_seed2_v4_real/step_records.csv","dissertation_formal_v4","8","2","HybridLLMSafety","40","40","formal_low_v8_seed2_2_5","E_W","PROCEED"
"results/formal_experiment/dissertation_formal_v4/runs/seed2_v8/FE06_HYBRID_SAFETY_v8_seed2_v4_real/step_records.csv","dissertation_formal_v4","8","2","HybridLLMSafety","40","40","formal_low_v8_seed2_2_6","E_W","FREE"
"results/formal_experiment/dissertation_formal_v4/runs/seed2_v8/FE06_HYBRID_SAFETY_v8_seed2_v4_real/step_records.csv","dissertation_formal_v4","8","2","HybridLLMSafety","41","41","formal_low_v8_seed2_2_2","N_S","WAIT"
"results/formal_experiment/dissertation_formal_v4/runs/seed2_v8/FE06_HYBRID_SAFETY_v8_seed2_v4_real/step_records.csv","dissertation_formal_v4","8","2","HybridLLMSafety","41","41","formal_low_v8_seed2_2_3","N_S","WAIT"
"results/formal_experiment/dissertation_formal_v4/runs/seed2_v8/FE06_HYBRID_SAFETY_v8_seed2_v4_real/step_records.csv","dissertation_formal_v4","8","2","HybridLLMSafety","41","41","formal_low_v8_seed2_2_4","W_E","FREE"
"results/formal_experiment/dissertation_formal_v4/runs/seed2_v8/FE06_HYBRID_SAFETY_v8_seed2_v4_real/step_records.csv","dissertation_formal_v4","8","2","HybridLLMSafety","41","41","formal_low_v8_seed2_2_5","E_W","PROCEED"
"results/formal_experiment/dissertation_formal_v4/runs/seed2_v8/FE06_HYBRID_SAFETY_v8_seed2_v4_real/step_records.csv","dissertation_formal_v4","8","2","HybridLLMSafety","41","41","formal_low_v8_seed2_2_6","E_W","FREE"
"results/formal_experiment/dissertation_formal_v4/runs/seed2_v8/FE06_HYBRID_SAFETY_v8_seed2_v4_real/step_records.csv","dissertation_formal_v4","8","2","HybridLLMSafety","42","42","formal_low_v8_seed2_2_2","N_S","WAIT"
"results/formal_experiment/dissertation_formal_v4/runs/seed2_v8/FE06_HYBRID_SAFETY_v8_seed2_v4_real/step_records.csv","dissertation_formal_v4","8","2","HybridLLMSafety","42","42","formal_low_v8_seed2_2_3","N_S","WAIT"
"results/formal_experiment/dissertation_formal_v4/runs/seed2_v8/FE06_HYBRID_SAFETY_v8_seed2_v4_real/step_records.csv","dissertation_formal_v4","8","2","HybridLLMSafety","42","42","formal_low_v8_seed2_2_4","W_E","FREE"
"results/formal_experiment/dissertation_formal_v4/runs/seed2_v8/FE06_HYBRID_SAFETY_v8_seed2_v4_real/step_records.csv","dissertation_formal_v4","8","2","HybridLLMSafety","42","42","formal_low_v8_seed2_2_5","E_W","PROCEED"
"results/formal_experiment/dissertation_formal_v4/runs/seed2_v8/FE06_HYBRID_SAFETY_v8_seed2_v4_real/step_records.csv","dissertation_formal_v4","8","2","HybridLLMSafety","42","42","formal_low_v8_seed2_2_6","E_W","FREE"
"results/formal_experiment/dissertation_formal_v4/runs/seed2_v8/FE06_HYBRID_SAFETY_v8_seed2_v4_real/step_records.csv","dissertation_formal_v4","8","2","HybridLLMSafety","43","43","formal_low_v8_seed2_2_2","N_S","PROCEED"
"results/formal_experiment/dissertation_formal_v4/runs/seed2_v8/FE06_HYBRID_SAFETY_v8_seed2_v4_real/step_records.csv","dissertation_formal_v4","8","2","HybridLLMSafety","43","43","formal_low_v8_seed2_2_3","N_S","PROCEED"
"results/formal_experiment/dissertation_formal_v4/runs/seed2_v8/FE06_HYBRID_SAFETY_v8_seed2_v4_real/step_records.csv","dissertation_formal_v4","8","2","HybridLLMSafety","43","43","formal_low_v8_seed2_2_4","W_E","FREE"
"results/formal_experiment/dissertation_formal_v4/runs/seed2_v8/FE06_HYBRID_SAFETY_v8_seed2_v4_real/step_records.csv","dissertation_formal_v4","8","2","HybridLLMSafety","43","43","formal_low_v8_seed2_2_5","E_W","WAIT"
"results/formal_experiment/dissertation_formal_v4/runs/seed2_v8/FE06_HYBRID_SAFETY_v8_seed2_v4_real/step_records.csv","dissertation_formal_v4","8","2","HybridLLMSafety","43","43","formal_low_v8_seed2_2_6","E_W","FREE"
"results/formal_experiment/dissertation_formal_v4/runs/seed2_v8/FE06_HYBRID_SAFETY_v8_seed2_v4_real/step_records.csv","dissertation_formal_v4","8","2","HybridLLMSafety","44","44","formal_low_v8_seed2_2_2","N_S","PROCEED"
"results/formal_experiment/dissertation_formal_v4/runs/seed2_v8/FE06_HYBRID_SAFETY_v8_seed2_v4_real/step_records.csv","dissertation_formal_v4","8","2","HybridLLMSafety","44","44","formal_low_v8_seed2_2_3","N_S","PROCEED"
"results/formal_experiment/dissertation_formal_v4/runs/seed2_v8/FE06_HYBRID_SAFETY_v8_seed2_v4_real/step_records.csv","dissertation_formal_v4","8","2","HybridLLMSafety","44","44","formal_low_v8_seed2_2_4","W_E","FREE"
"results/formal_experiment/dissertation_formal_v4/runs/seed2_v8/FE06_HYBRID_SAFETY_v8_seed2_v4_real/step_records.csv","dissertation_formal_v4","8","2","HybridLLMSafety","44","44","formal_low_v8_seed2_2_5","E_W","WAIT"
"results/formal_experiment/dissertation_formal_v4/runs/seed2_v8/FE06_HYBRID_SAFETY_v8_seed2_v4_real/step_records.csv","dissertation_formal_v4","8","2","HybridLLMSafety","44","44","formal_low_v8_seed2_2_6","E_W","FREE"
"results/formal_experiment/dissertation_formal_v4/runs/seed2_v8/FE06_HYBRID_SAFETY_v8_seed2_v4_real/step_records.csv","dissertation_formal_v4","8","2","HybridLLMSafety","45","45","formal_low_v8_seed2_2_2","N_S","WAIT"
"results/formal_experiment/dissertation_formal_v4/runs/seed2_v8/FE06_HYBRID_SAFETY_v8_seed2_v4_real/step_records.csv","dissertation_formal_v4","8","2","HybridLLMSafety","45","45","formal_low_v8_seed2_2_3","N_S","WAIT"
"results/formal_experiment/dissertation_formal_v4/runs/seed2_v8/FE06_HYBRID_SAFETY_v8_seed2_v4_real/step_records.csv","dissertation_formal_v4","8","2","HybridLLMSafety","45","45","formal_low_v8_seed2_2_5","E_W","PROCEED"
"results/formal_experiment/dissertation_formal_v4/runs/seed2_v8/FE06_HYBRID_SAFETY_v8_seed2_v4_real/step_records.csv","dissertation_formal_v4","8","2","HybridLLMSafety","45","45","formal_low_v8_seed2_2_6","E_W","PROCEED"
"results/formal_experiment/dissertation_formal_v4/runs/seed2_v8/FE06_HYBRID_SAFETY_v8_seed2_v4_real/step_records.csv","dissertation_formal_v4","8","2","HybridLLMSafety","45","45","formal_low_v8_seed2_2_7","S_N","FREE"
"results/formal_experiment/dissertation_formal_v4/runs/seed2_v8/FE06_HYBRID_SAFETY_v8_seed2_v4_real/step_records.csv","dissertation_formal_v4","8","2","HybridLLMSafety","46","46","formal_low_v8_seed2_2_2","N_S","WAIT"
"results/formal_experiment/dissertation_formal_v4/runs/seed2_v8/FE06_HYBRID_SAFETY_v8_seed2_v4_real/step_records.csv","dissertation_formal_v4","8","2","HybridLLMSafety","46","46","formal_low_v8_seed2_2_3","N_S","WAIT"
"results/formal_experiment/dissertation_formal_v4/runs/seed2_v8/FE06_HYBRID_SAFETY_v8_seed2_v4_real/step_records.csv","dissertation_formal_v4","8","2","HybridLLMSafety","46","46","formal_low_v8_seed2_2_5","E_W","PROCEED"
"results/formal_experiment/dissertation_formal_v4/runs/seed2_v8/FE06_HYBRID_SAFETY_v8_seed2_v4_real/step_records.csv","dissertation_formal_v4","8","2","HybridLLMSafety","46","46","formal_low_v8_seed2_2_6","E_W","PROCEED"
"results/formal_experiment/dissertation_formal_v4/runs/seed2_v8/FE06_HYBRID_SAFETY_v8_seed2_v4_real/step_records.csv","dissertation_formal_v4","8","2","HybridLLMSafety","46","46","formal_low_v8_seed2_2_7","S_N","FREE"
"results/formal_experiment/dissertation_formal_v4/runs/seed2_v8/FE06_HYBRID_SAFETY_v8_seed2_v4_real/step_records.csv","dissertation_formal_v4","8","2","HybridLLMSafety","47","47","formal_low_v8_seed2_2_2","N_S","WAIT"
"results/formal_experiment/dissertation_formal_v4/runs/seed2_v8/FE06_HYBRID_SAFETY_v8_seed2_v4_real/step_records.csv","dissertation_formal_v4","8","2","HybridLLMSafety","47","47","formal_low_v8_seed2_2_3","N_S","WAIT"
"results/formal_experiment/dissertation_formal_v4/runs/seed2_v8/FE06_HYBRID_SAFETY_v8_seed2_v4_real/step_records.csv","dissertation_formal_v4","8","2","HybridLLMSafety","47","47","formal_low_v8_seed2_2_5","E_W","PROCEED"
"results/formal_experiment/dissertation_formal_v4/runs/seed2_v8/FE06_HYBRID_SAFETY_v8_seed2_v4_real/step_records.csv","dissertation_formal_v4","8","2","HybridLLMSafety","47","47","formal_low_v8_seed2_2_6","E_W","PROCEED"
"results/formal_experiment/dissertation_formal_v4/runs/seed2_v8/FE06_HYBRID_SAFETY_v8_seed2_v4_real/step_records.csv","dissertation_formal_v4","8","2","HybridLLMSafety","47","47","formal_low_v8_seed2_2_7","S_N","FREE"
"results/formal_experiment/dissertation_formal_v4/runs/seed2_v8/FE06_HYBRID_SAFETY_v8_seed2_v4_real/step_records.csv","dissertation_formal_v4","8","2","HybridLLMSafety","48","48","formal_low_v8_seed2_2_2","N_S","WAIT"
"results/formal_experiment/dissertation_formal_v4/runs/seed2_v8/FE06_HYBRID_SAFETY_v8_seed2_v4_real/step_records.csv","dissertation_formal_v4","8","2","HybridLLMSafety","48","48","formal_low_v8_seed2_2_3","N_S","WAIT"
"results/formal_experiment/dissertation_formal_v4/runs/seed2_v8/FE06_HYBRID_SAFETY_v8_seed2_v4_real/step_records.csv","dissertation_formal_v4","8","2","HybridLLMSafety","48","48","formal_low_v8_seed2_2_5","E_W","PROCEED"
"results/formal_experiment/dissertation_formal_v4/runs/seed2_v8/FE06_HYBRID_SAFETY_v8_seed2_v4_real/step_records.csv","dissertation_formal_v4","8","2","HybridLLMSafety","48","48","formal_low_v8_seed2_2_6","E_W","PROCEED"
"results/formal_experiment/dissertation_formal_v4/runs/seed2_v8/FE06_HYBRID_SAFETY_v8_seed2_v4_real/step_records.csv","dissertation_formal_v4","8","2","HybridLLMSafety","48","48","formal_low_v8_seed2_2_7","S_N","FREE"
"results/formal_experiment/dissertation_formal_v4/runs/seed2_v8/FE06_HYBRID_SAFETY_v8_seed2_v4_real/step_records.csv","dissertation_formal_v4","8","2","HybridLLMSafety","49","49","formal_low_v8_seed2_2_2","N_S","WAIT"
"results/formal_experiment/dissertation_formal_v4/runs/seed2_v8/FE06_HYBRID_SAFETY_v8_seed2_v4_real/step_records.csv","dissertation_formal_v4","8","2","HybridLLMSafety","49","49","formal_low_v8_seed2_2_3","N_S","WAIT"
"results/formal_experiment/dissertation_formal_v4/runs/seed2_v8/FE06_HYBRID_SAFETY_v8_seed2_v4_real/step_records.csv","dissertation_formal_v4","8","2","HybridLLMSafety","49","49","formal_low_v8_seed2_2_5","E_W","PROCEED"
"results/formal_experiment/dissertation_formal_v4/runs/seed2_v8/FE06_HYBRID_SAFETY_v8_seed2_v4_real/step_records.csv","dissertation_formal_v4","8","2","HybridLLMSafety","49","49","formal_low_v8_seed2_2_6","E_W","PROCEED"
"results/formal_experiment/dissertation_formal_v4/runs/seed2_v8/FE06_HYBRID_SAFETY_v8_seed2_v4_real/step_records.csv","dissertation_formal_v4","8","2","HybridLLMSafety","49","49","formal_low_v8_seed2_2_7","S_N","FREE"
"results/formal_experiment/dissertation_formal_v4/runs/seed2_v8/FE06_HYBRID_SAFETY_v8_seed2_v4_real/step_records.csv","dissertation_formal_v4","8","2","HybridLLMSafety","50","50","formal_low_v8_seed2_2_2","N_S","PROCEED"
"results/formal_experiment/dissertation_formal_v4/runs/seed2_v8/FE06_HYBRID_SAFETY_v8_seed2_v4_real/step_records.csv","dissertation_formal_v4","8","2","HybridLLMSafety","50","50","formal_low_v8_seed2_2_3","N_S","PROCEED"
"results/formal_experiment/dissertation_formal_v4/runs/seed2_v8/FE06_HYBRID_SAFETY_v8_seed2_v4_real/step_records.csv","dissertation_formal_v4","8","2","HybridLLMSafety","50","50","formal_low_v8_seed2_2_5","E_W","WAIT"
"results/formal_experiment/dissertation_formal_v4/runs/seed2_v8/FE06_HYBRID_SAFETY_v8_seed2_v4_real/step_records.csv","dissertation_formal_v4","8","2","HybridLLMSafety","50","50","formal_low_v8_seed2_2_6","E_W","WAIT"
"results/formal_experiment/dissertation_formal_v4/runs/seed2_v8/FE06_HYBRID_SAFETY_v8_seed2_v4_real/step_records.csv","dissertation_formal_v4","8","2","HybridLLMSafety","50","50","formal_low_v8_seed2_2_7","S_N","FREE"
"results/formal_experiment/dissertation_formal_v4/runs/seed2_v8/FE06_HYBRID_SAFETY_v8_seed2_v4_real/step_records.csv","dissertation_formal_v4","8","2","HybridLLMSafety","51","51","formal_low_v8_seed2_2_2","N_S","PROCEED"
"results/formal_experiment/dissertation_formal_v4/runs/seed2_v8/FE06_HYBRID_SAFETY_v8_seed2_v4_real/step_records.csv","dissertation_formal_v4","8","2","HybridLLMSafety","51","51","formal_low_v8_seed2_2_3","N_S","PROCEED"
"results/formal_experiment/dissertation_formal_v4/runs/seed2_v8/FE06_HYBRID_SAFETY_v8_seed2_v4_real/step_records.csv","dissertation_formal_v4","8","2","HybridLLMSafety","51","51","formal_low_v8_seed2_2_5","E_W","WAIT"
"results/formal_experiment/dissertation_formal_v4/runs/seed2_v8/FE06_HYBRID_SAFETY_v8_seed2_v4_real/step_records.csv","dissertation_formal_v4","8","2","HybridLLMSafety","51","51","formal_low_v8_seed2_2_6","E_W","WAIT"
"results/formal_experiment/dissertation_formal_v4/runs/seed2_v8/FE06_HYBRID_SAFETY_v8_seed2_v4_real/step_records.csv","dissertation_formal_v4","8","2","HybridLLMSafety","51","51","formal_low_v8_seed2_2_7","S_N","PROCEED"
"results/formal_experiment/dissertation_formal_v4/runs/seed2_v8/FE06_HYBRID_SAFETY_v8_seed2_v4_real/step_records.csv","dissertation_formal_v4","8","2","HybridLLMSafety","52","52","formal_low_v8_seed2_2_2","N_S","PROCEED"
"results/formal_experiment/dissertation_formal_v4/runs/seed2_v8/FE06_HYBRID_SAFETY_v8_seed2_v4_real/step_records.csv","dissertation_formal_v4","8","2","HybridLLMSafety","52","52","formal_low_v8_seed2_2_3","N_S","PROCEED"
"results/formal_experiment/dissertation_formal_v4/runs/seed2_v8/FE06_HYBRID_SAFETY_v8_seed2_v4_real/step_records.csv","dissertation_formal_v4","8","2","HybridLLMSafety","52","52","formal_low_v8_seed2_2_5","E_W","WAIT"
"results/formal_experiment/dissertation_formal_v4/runs/seed2_v8/FE06_HYBRID_SAFETY_v8_seed2_v4_real/step_records.csv","dissertation_formal_v4","8","2","HybridLLMSafety","52","52","formal_low_v8_seed2_2_6","E_W","WAIT"
"results/formal_experiment/dissertation_formal_v4/runs/seed2_v8/FE06_HYBRID_SAFETY_v8_seed2_v4_real/step_records.csv","dissertation_formal_v4","8","2","HybridLLMSafety","52","52","formal_low_v8_seed2_2_7","S_N","PROCEED"
"results/formal_experiment/dissertation_formal_v4/runs/seed2_v8/FE06_HYBRID_SAFETY_v8_seed2_v4_real/step_records.csv","dissertation_formal_v4","8","2","HybridLLMSafety","53","53","formal_low_v8_seed2_2_2","N_S","PROCEED"
"results/formal_experiment/dissertation_formal_v4/runs/seed2_v8/FE06_HYBRID_SAFETY_v8_seed2_v4_real/step_records.csv","dissertation_formal_v4","8","2","HybridLLMSafety","53","53","formal_low_v8_seed2_2_3","N_S","PROCEED"
"results/formal_experiment/dissertation_formal_v4/runs/seed2_v8/FE06_HYBRID_SAFETY_v8_seed2_v4_real/step_records.csv","dissertation_formal_v4","8","2","HybridLLMSafety","53","53","formal_low_v8_seed2_2_5","E_W","WAIT"
"results/formal_experiment/dissertation_formal_v4/runs/seed2_v8/FE06_HYBRID_SAFETY_v8_seed2_v4_real/step_records.csv","dissertation_formal_v4","8","2","HybridLLMSafety","53","53","formal_low_v8_seed2_2_6","E_W","WAIT"
"results/formal_experiment/dissertation_formal_v4/runs/seed2_v8/FE06_HYBRID_SAFETY_v8_seed2_v4_real/step_records.csv","dissertation_formal_v4","8","2","HybridLLMSafety","53","53","formal_low_v8_seed2_2_7","S_N","PROCEED"
"results/formal_experiment/dissertation_formal_v4/runs/seed2_v8/FE06_HYBRID_SAFETY_v8_seed2_v4_real/step_records.csv","dissertation_formal_v4","8","2","HybridLLMSafety","54","54","formal_low_v8_seed2_2_2","N_S","PROCEED"
"results/formal_experiment/dissertation_formal_v4/runs/seed2_v8/FE06_HYBRID_SAFETY_v8_seed2_v4_real/step_records.csv","dissertation_formal_v4","8","2","HybridLLMSafety","54","54","formal_low_v8_seed2_2_3","N_S","PROCEED"
"results/formal_experiment/dissertation_formal_v4/runs/seed2_v8/FE06_HYBRID_SAFETY_v8_seed2_v4_real/step_records.csv","dissertation_formal_v4","8","2","HybridLLMSafety","54","54","formal_low_v8_seed2_2_5","E_W","WAIT"
"results/formal_experiment/dissertation_formal_v4/runs/seed2_v8/FE06_HYBRID_SAFETY_v8_seed2_v4_real/step_records.csv","dissertation_formal_v4","8","2","HybridLLMSafety","54","54","formal_low_v8_seed2_2_6","E_W","WAIT"
"results/formal_experiment/dissertation_formal_v4/runs/seed2_v8/FE06_HYBRID_SAFETY_v8_seed2_v4_real/step_records.csv","dissertation_formal_v4","8","2","HybridLLMSafety","54","54","formal_low_v8_seed2_2_7","S_N","PROCEED"
"results/formal_experiment/dissertation_formal_v4/runs/seed2_v8/FE06_HYBRID_SAFETY_v8_seed2_v4_real/step_records.csv","dissertation_formal_v4","8","2","HybridLLMSafety","55","55","formal_low_v8_seed2_2_2","N_S","PROCEED"
"results/formal_experiment/dissertation_formal_v4/runs/seed2_v8/FE06_HYBRID_SAFETY_v8_seed2_v4_real/step_records.csv","dissertation_formal_v4","8","2","HybridLLMSafety","55","55","formal_low_v8_seed2_2_3","N_S","PROCEED"
"results/formal_experiment/dissertation_formal_v4/runs/seed2_v8/FE06_HYBRID_SAFETY_v8_seed2_v4_real/step_records.csv","dissertation_formal_v4","8","2","HybridLLMSafety","55","55","formal_low_v8_seed2_2_5","E_W","WAIT"
"results/formal_experiment/dissertation_formal_v4/runs/seed2_v8/FE06_HYBRID_SAFETY_v8_seed2_v4_real/step_records.csv","dissertation_formal_v4","8","2","HybridLLMSafety","55","55","formal_low_v8_seed2_2_6","E_W","WAIT"
"results/formal_experiment/dissertation_formal_v4/runs/seed2_v8/FE06_HYBRID_SAFETY_v8_seed2_v4_real/step_records.csv","dissertation_formal_v4","8","2","HybridLLMSafety","55","55","formal_low_v8_seed2_2_7","S_N","PROCEED"
"results/formal_experiment/dissertation_formal_v4/runs/seed2_v8/FE06_HYBRID_SAFETY_v8_seed2_v4_real/step_records.csv","dissertation_formal_v4","8","2","HybridLLMSafety","56","56","formal_low_v8_seed2_2_2","N_S","PROCEED"
"results/formal_experiment/dissertation_formal_v4/runs/seed2_v8/FE06_HYBRID_SAFETY_v8_seed2_v4_real/step_records.csv","dissertation_formal_v4","8","2","HybridLLMSafety","56","56","formal_low_v8_seed2_2_3","N_S","PROCEED"
"results/formal_experiment/dissertation_formal_v4/runs/seed2_v8/FE06_HYBRID_SAFETY_v8_seed2_v4_real/step_records.csv","dissertation_formal_v4","8","2","HybridLLMSafety","56","56","formal_low_v8_seed2_2_5","E_W","WAIT"
"results/formal_experiment/dissertation_formal_v4/runs/seed2_v8/FE06_HYBRID_SAFETY_v8_seed2_v4_real/step_records.csv","dissertation_formal_v4","8","2","HybridLLMSafety","56","56","formal_low_v8_seed2_2_6","E_W","WAIT"
"results/formal_experiment/dissertation_formal_v4/runs/seed2_v8/FE06_HYBRID_SAFETY_v8_seed2_v4_real/step_records.csv","dissertation_formal_v4","8","2","HybridLLMSafety","56","56","formal_low_v8_seed2_2_7","S_N","PROCEED"
"results/formal_experiment/dissertation_formal_v4/runs/seed2_v8/FE06_HYBRID_SAFETY_v8_seed2_v4_real/step_records.csv","dissertation_formal_v4","8","2","HybridLLMSafety","57","57","formal_low_v8_seed2_2_2","N_S","PROCEED"
"results/formal_experiment/dissertation_formal_v4/runs/seed2_v8/FE06_HYBRID_SAFETY_v8_seed2_v4_real/step_records.csv","dissertation_formal_v4","8","2","HybridLLMSafety","57","57","formal_low_v8_seed2_2_3","N_S","PROCEED"
"results/formal_experiment/dissertation_formal_v4/runs/seed2_v8/FE06_HYBRID_SAFETY_v8_seed2_v4_real/step_records.csv","dissertation_formal_v4","8","2","HybridLLMSafety","57","57","formal_low_v8_seed2_2_5","E_W","WAIT"
"results/formal_experiment/dissertation_formal_v4/runs/seed2_v8/FE06_HYBRID_SAFETY_v8_seed2_v4_real/step_records.csv","dissertation_formal_v4","8","2","HybridLLMSafety","57","57","formal_low_v8_seed2_2_6","E_W","WAIT"
"results/formal_experiment/dissertation_formal_v4/runs/seed2_v8/FE06_HYBRID_SAFETY_v8_seed2_v4_real/step_records.csv","dissertation_formal_v4","8","2","HybridLLMSafety","57","57","formal_low_v8_seed2_2_7","S_N","PROCEED"
"results/formal_experiment/dissertation_formal_v4/runs/seed2_v8/FE06_HYBRID_SAFETY_v8_seed2_v4_real/step_records.csv","dissertation_formal_v4","8","2","HybridLLMSafety","58","58","formal_low_v8_seed2_2_2","N_S","FREE"
"results/formal_experiment/dissertation_formal_v4/runs/seed2_v8/FE06_HYBRID_SAFETY_v8_seed2_v4_real/step_records.csv","dissertation_formal_v4","8","2","HybridLLMSafety","58","58","formal_low_v8_seed2_2_3","N_S","FREE"
"results/formal_experiment/dissertation_formal_v4/runs/seed2_v8/FE06_HYBRID_SAFETY_v8_seed2_v4_real/step_records.csv","dissertation_formal_v4","8","2","HybridLLMSafety","58","58","formal_low_v8_seed2_2_5","E_W","WAIT"
"results/formal_experiment/dissertation_formal_v4/runs/seed2_v8/FE06_HYBRID_SAFETY_v8_seed2_v4_real/step_records.csv","dissertation_formal_v4","8","2","HybridLLMSafety","58","58","formal_low_v8_seed2_2_6","E_W","WAIT"
"results/formal_experiment/dissertation_formal_v4/runs/seed2_v8/FE06_HYBRID_SAFETY_v8_seed2_v4_real/step_records.csv","dissertation_formal_v4","8","2","HybridLLMSafety","58","58","formal_low_v8_seed2_2_7","S_N","PROCEED"
"results/formal_experiment/dissertation_formal_v4/runs/seed2_v8/FE06_HYBRID_SAFETY_v8_seed2_v4_real/step_records.csv","dissertation_formal_v4","8","2","HybridLLMSafety","59","59","formal_low_v8_seed2_2_2","N_S","FREE"
"results/formal_experiment/dissertation_formal_v4/runs/seed2_v8/FE06_HYBRID_SAFETY_v8_seed2_v4_real/step_records.csv","dissertation_formal_v4","8","2","HybridLLMSafety","59","59","formal_low_v8_seed2_2_3","N_S","FREE"
"results/formal_experiment/dissertation_formal_v4/runs/seed2_v8/FE06_HYBRID_SAFETY_v8_seed2_v4_real/step_records.csv","dissertation_formal_v4","8","2","HybridLLMSafety","59","59","formal_low_v8_seed2_2_5","E_W","PROCEED"
"results/formal_experiment/dissertation_formal_v4/runs/seed2_v8/FE06_HYBRID_SAFETY_v8_seed2_v4_real/step_records.csv","dissertation_formal_v4","8","2","HybridLLMSafety","59","59","formal_low_v8_seed2_2_6","E_W","PROCEED"
"results/formal_experiment/dissertation_formal_v4/runs/seed2_v8/FE06_HYBRID_SAFETY_v8_seed2_v4_real/step_records.csv","dissertation_formal_v4","8","2","HybridLLMSafety","59","59","formal_low_v8_seed2_2_7","S_N","FREE"
"results/formal_experiment/dissertation_formal_v4/runs/seed2_v8/FE06_HYBRID_SAFETY_v8_seed2_v4_real/step_records.csv","dissertation_formal_v4","8","2","HybridLLMSafety","60","60","formal_low_v8_seed2_2_2","N_S","FREE"
"results/formal_experiment/dissertation_formal_v4/runs/seed2_v8/FE06_HYBRID_SAFETY_v8_seed2_v4_real/step_records.csv","dissertation_formal_v4","8","2","HybridLLMSafety","60","60","formal_low_v8_seed2_2_3","N_S","FREE"
"results/formal_experiment/dissertation_formal_v4/runs/seed2_v8/FE06_HYBRID_SAFETY_v8_seed2_v4_real/step_records.csv","dissertation_formal_v4","8","2","HybridLLMSafety","60","60","formal_low_v8_seed2_2_5","E_W","PROCEED"
"results/formal_experiment/dissertation_formal_v4/runs/seed2_v8/FE06_HYBRID_SAFETY_v8_seed2_v4_real/step_records.csv","dissertation_formal_v4","8","2","HybridLLMSafety","60","60","formal_low_v8_seed2_2_6","E_W","PROCEED"
"results/formal_experiment/dissertation_formal_v4/runs/seed2_v8/FE06_HYBRID_SAFETY_v8_seed2_v4_real/step_records.csv","dissertation_formal_v4","8","2","HybridLLMSafety","60","60","formal_low_v8_seed2_2_7","S_N","FREE"
"results/formal_experiment/dissertation_formal_v4/runs/seed2_v8/FE06_HYBRID_SAFETY_v8_seed2_v4_real/step_records.csv","dissertation_formal_v4","8","2","HybridLLMSafety","61","61","formal_low_v8_seed2_2_2","N_S","FREE"
"results/formal_experiment/dissertation_formal_v4/runs/seed2_v8/FE06_HYBRID_SAFETY_v8_seed2_v4_real/step_records.csv","dissertation_formal_v4","8","2","HybridLLMSafety","61","61","formal_low_v8_seed2_2_3","N_S","FREE"
"results/formal_experiment/dissertation_formal_v4/runs/seed2_v8/FE06_HYBRID_SAFETY_v8_seed2_v4_real/step_records.csv","dissertation_formal_v4","8","2","HybridLLMSafety","61","61","formal_low_v8_seed2_2_5","E_W","PROCEED"
"results/formal_experiment/dissertation_formal_v4/runs/seed2_v8/FE06_HYBRID_SAFETY_v8_seed2_v4_real/step_records.csv","dissertation_formal_v4","8","2","HybridLLMSafety","61","61","formal_low_v8_seed2_2_6","E_W","PROCEED"
"results/formal_experiment/dissertation_formal_v4/runs/seed2_v8/FE06_HYBRID_SAFETY_v8_seed2_v4_real/step_records.csv","dissertation_formal_v4","8","2","HybridLLMSafety","61","61","formal_low_v8_seed2_2_7","S_N","FREE"
"results/formal_experiment/dissertation_formal_v4/runs/seed2_v8/FE06_HYBRID_SAFETY_v8_seed2_v4_real/step_records.csv","dissertation_formal_v4","8","2","HybridLLMSafety","62","62","formal_low_v8_seed2_2_2","N_S","FREE"
"results/formal_experiment/dissertation_formal_v4/runs/seed2_v8/FE06_HYBRID_SAFETY_v8_seed2_v4_real/step_records.csv","dissertation_formal_v4","8","2","HybridLLMSafety","62","62","formal_low_v8_seed2_2_3","N_S","FREE"
"results/formal_experiment/dissertation_formal_v4/runs/seed2_v8/FE06_HYBRID_SAFETY_v8_seed2_v4_real/step_records.csv","dissertation_formal_v4","8","2","HybridLLMSafety","62","62","formal_low_v8_seed2_2_5","E_W","PROCEED"
"results/formal_experiment/dissertation_formal_v4/runs/seed2_v8/FE06_HYBRID_SAFETY_v8_seed2_v4_real/step_records.csv","dissertation_formal_v4","8","2","HybridLLMSafety","62","62","formal_low_v8_seed2_2_6","E_W","PROCEED"
"results/formal_experiment/dissertation_formal_v4/runs/seed2_v8/FE06_HYBRID_SAFETY_v8_seed2_v4_real/step_records.csv","dissertation_formal_v4","8","2","HybridLLMSafety","62","62","formal_low_v8_seed2_2_7","S_N","FREE"
"results/formal_experiment/dissertation_formal_v4/runs/seed2_v8/FE06_HYBRID_SAFETY_v8_seed2_v4_real/step_records.csv","dissertation_formal_v4","8","2","HybridLLMSafety","63","63","formal_low_v8_seed2_2_5","E_W","PROCEED"
"results/formal_experiment/dissertation_formal_v4/runs/seed2_v8/FE06_HYBRID_SAFETY_v8_seed2_v4_real/step_records.csv","dissertation_formal_v4","8","2","HybridLLMSafety","63","63","formal_low_v8_seed2_2_6","E_W","PROCEED"
"results/formal_experiment/dissertation_formal_v4/runs/seed2_v8/FE06_HYBRID_SAFETY_v8_seed2_v4_real/step_records.csv","dissertation_formal_v4","8","2","HybridLLMSafety","63","63","formal_low_v8_seed2_2_7","S_N","FREE"
"results/formal_experiment/dissertation_formal_v4/runs/seed2_v8/FE06_HYBRID_SAFETY_v8_seed2_v4_real/step_records.csv","dissertation_formal_v4","8","2","HybridLLMSafety","64","64","formal_low_v8_seed2_2_5","E_W","PROCEED"
"results/formal_experiment/dissertation_formal_v4/runs/seed2_v8/FE06_HYBRID_SAFETY_v8_seed2_v4_real/step_records.csv","dissertation_formal_v4","8","2","HybridLLMSafety","64","64","formal_low_v8_seed2_2_6","E_W","PROCEED"
"results/formal_experiment/dissertation_formal_v4/runs/seed2_v8/FE06_HYBRID_SAFETY_v8_seed2_v4_real/step_records.csv","dissertation_formal_v4","8","2","HybridLLMSafety","65","65","formal_low_v8_seed2_2_5","E_W","PROCEED"
"results/formal_experiment/dissertation_formal_v4/runs/seed2_v8/FE06_HYBRID_SAFETY_v8_seed2_v4_real/step_records.csv","dissertation_formal_v4","8","2","HybridLLMSafety","65","65","formal_low_v8_seed2_2_6","E_W","PROCEED"
"results/formal_experiment/dissertation_formal_v4/runs/seed2_v8/FE06_HYBRID_SAFETY_v8_seed2_v4_real/step_records.csv","dissertation_formal_v4","8","2","HybridLLMSafety","66","66","formal_low_v8_seed2_2_5","E_W","PROCEED"
"results/formal_experiment/dissertation_formal_v4/runs/seed2_v8/FE06_HYBRID_SAFETY_v8_seed2_v4_real/step_records.csv","dissertation_formal_v4","8","2","HybridLLMSafety","66","66","formal_low_v8_seed2_2_6","E_W","PROCEED"
"results/formal_experiment/dissertation_formal_v4/runs/seed2_v8/FE06_HYBRID_SAFETY_v8_seed2_v4_real/step_records.csv","dissertation_formal_v4","8","2","HybridLLMSafety","67","67","formal_low_v8_seed2_2_5","E_W","PROCEED"
"results/formal_experiment/dissertation_formal_v4/runs/seed2_v8/FE06_HYBRID_SAFETY_v8_seed2_v4_real/step_records.csv","dissertation_formal_v4","8","2","HybridLLMSafety","67","67","formal_low_v8_seed2_2_6","E_W","PROCEED"
"results/formal_experiment/dissertation_formal_v4/runs/seed2_v8/FE06_HYBRID_SAFETY_v8_seed2_v4_real/step_records.csv","dissertation_formal_v4","8","2","HybridLLMSafety","68","68","formal_low_v8_seed2_2_5","E_W","PROCEED"
"results/formal_experiment/dissertation_formal_v4/runs/seed2_v8/FE06_HYBRID_SAFETY_v8_seed2_v4_real/step_records.csv","dissertation_formal_v4","8","2","HybridLLMSafety","68","68","formal_low_v8_seed2_2_6","E_W","PROCEED"
"results/formal_experiment/dissertation_formal_v4/runs/seed2_v8/FE06_HYBRID_SAFETY_v8_seed2_v4_real/step_records.csv","dissertation_formal_v4","8","2","HybridLLMSafety","69","69","formal_low_v8_seed2_2_5","E_W","PROCEED"
"results/formal_experiment/dissertation_formal_v4/runs/seed2_v8/FE06_HYBRID_SAFETY_v8_seed2_v4_real/step_records.csv","dissertation_formal_v4","8","2","HybridLLMSafety","69","69","formal_low_v8_seed2_2_6","E_W","PROCEED"
"results/formal_experiment/dissertation_formal_v4/runs/seed2_v8/FE06_HYBRID_SAFETY_v8_seed2_v4_real/step_records.csv","dissertation_formal_v4","8","2","HybridLLMSafety","70","70","formal_low_v8_seed2_2_5","E_W","PROCEED"
"results/formal_experiment/dissertation_formal_v4/runs/seed2_v8/FE06_HYBRID_SAFETY_v8_seed2_v4_real/step_records.csv","dissertation_formal_v4","8","2","HybridLLMSafety","70","70","formal_low_v8_seed2_2_6","E_W","PROCEED"
"results/formal_experiment/dissertation_formal_v4/runs/seed2_v8/FE06_HYBRID_SAFETY_v8_seed2_v4_real/step_records.csv","dissertation_formal_v4","8","2","HybridLLMSafety","71","71","formal_low_v8_seed2_2_5","E_W","PROCEED"
"results/formal_experiment/dissertation_formal_v4/runs/seed2_v8/FE06_HYBRID_SAFETY_v8_seed2_v4_real/step_records.csv","dissertation_formal_v4","8","2","HybridLLMSafety","71","71","formal_low_v8_seed2_2_6","E_W","PROCEED"
"results/formal_experiment/dissertation_formal_v4/runs/seed2_v8/FE06_HYBRID_SAFETY_v8_seed2_v4_real/step_records.csv","dissertation_formal_v4","8","2","HybridLLMSafety","72","72","formal_low_v8_seed2_2_5","E_W","PROCEED"
"results/formal_experiment/dissertation_formal_v4/runs/seed2_v8/FE06_HYBRID_SAFETY_v8_seed2_v4_real/step_records.csv","dissertation_formal_v4","8","2","HybridLLMSafety","72","72","formal_low_v8_seed2_2_6","E_W","PROCEED"
"results/formal_experiment/dissertation_formal_v4/runs/seed2_v8/FE06_HYBRID_SAFETY_v8_seed2_v4_real/step_records.csv","dissertation_formal_v4","8","2","HybridLLMSafety","73","73","formal_low_v8_seed2_2_5","E_W","PROCEED"
"results/formal_experiment/dissertation_formal_v4/runs/seed2_v8/FE06_HYBRID_SAFETY_v8_seed2_v4_real/step_records.csv","dissertation_formal_v4","8","2","HybridLLMSafety","73","73","formal_low_v8_seed2_2_6","E_W","PROCEED"
"results/formal_experiment/dissertation_formal_v4/runs/seed2_v8/FE06_HYBRID_SAFETY_v8_seed2_v4_real/step_records.csv","dissertation_formal_v4","8","2","HybridLLMSafety","74","74","formal_low_v8_seed2_2_5","E_W","PROCEED"
"results/formal_experiment/dissertation_formal_v4/runs/seed2_v8/FE06_HYBRID_SAFETY_v8_seed2_v4_real/step_records.csv","dissertation_formal_v4","8","2","HybridLLMSafety","74","74","formal_low_v8_seed2_2_6","E_W","PROCEED"
"results/formal_experiment/dissertation_formal_v4/runs/seed2_v8/FE06_HYBRID_SAFETY_v8_seed2_v4_real/step_records.csv","dissertation_formal_v4","8","2","HybridLLMSafety","75","75","formal_low_v8_seed2_2_5","E_W","PROCEED"
"results/formal_experiment/dissertation_formal_v4/runs/seed2_v8/FE06_HYBRID_SAFETY_v8_seed2_v4_real/step_records.csv","dissertation_formal_v4","8","2","HybridLLMSafety","75","75","formal_low_v8_seed2_2_6","E_W","PROCEED"
"results/formal_experiment/dissertation_formal_v4/runs/seed2_v8/FE06_HYBRID_SAFETY_v8_seed2_v4_real/step_records.csv","dissertation_formal_v4","8","2","HybridLLMSafety","76","76","formal_low_v8_seed2_2_5","E_W","PROCEED"
"results/formal_experiment/dissertation_formal_v4/runs/seed2_v8/FE06_HYBRID_SAFETY_v8_seed2_v4_real/step_records.csv","dissertation_formal_v4","8","2","HybridLLMSafety","76","76","formal_low_v8_seed2_2_6","E_W","PROCEED"
"results/formal_experiment/dissertation_formal_v4/runs/seed2_v8/FE06_HYBRID_SAFETY_v8_seed2_v4_real/step_records.csv","dissertation_formal_v4","8","2","HybridLLMSafety","77","77","formal_low_v8_seed2_2_5","E_W","PROCEED"
"results/formal_experiment/dissertation_formal_v4/runs/seed2_v8/FE06_HYBRID_SAFETY_v8_seed2_v4_real/step_records.csv","dissertation_formal_v4","8","2","HybridLLMSafety","77","77","formal_low_v8_seed2_2_6","E_W","PROCEED"
"results/formal_experiment/dissertation_formal_v4/runs/seed2_v8/FE06_HYBRID_SAFETY_v8_seed2_v4_real/step_records.csv","dissertation_formal_v4","8","2","HybridLLMSafety","78","78","formal_low_v8_seed2_2_5","E_W","PROCEED"
"results/formal_experiment/dissertation_formal_v4/runs/seed2_v8/FE06_HYBRID_SAFETY_v8_seed2_v4_real/step_records.csv","dissertation_formal_v4","8","2","HybridLLMSafety","78","78","formal_low_v8_seed2_2_6","E_W","PROCEED"
"results/formal_experiment/dissertation_formal_v4/runs/seed2_v8/FE06_HYBRID_SAFETY_v8_seed2_v4_real/step_records.csv","dissertation_formal_v4","8","2","HybridLLMSafety","79","79","formal_low_v8_seed2_2_5","E_W","PROCEED"
"results/formal_experiment/dissertation_formal_v4/runs/seed2_v8/FE06_HYBRID_SAFETY_v8_seed2_v4_real/step_records.csv","dissertation_formal_v4","8","2","HybridLLMSafety","79","79","formal_low_v8_seed2_2_6","E_W","PROCEED"
"results/formal_experiment/dissertation_formal_v4/runs/seed2_v8/FE06_HYBRID_SAFETY_v8_seed2_v4_real/step_records.csv","dissertation_formal_v4","8","2","HybridLLMSafety","80","80","formal_low_v8_seed2_2_5","E_W","PROCEED"
"results/formal_experiment/dissertation_formal_v4/runs/seed2_v8/FE06_HYBRID_SAFETY_v8_seed2_v4_real/step_records.csv","dissertation_formal_v4","8","2","HybridLLMSafety","80","80","formal_low_v8_seed2_2_6","E_W","PROCEED"
"results/formal_experiment/dissertation_formal_v4/runs/seed2_v8/FE06_HYBRID_SAFETY_v8_seed2_v4_real/step_records.csv","dissertation_formal_v4","8","2","HybridLLMSafety","81","81","formal_low_v8_seed2_2_5","E_W","PROCEED"
"results/formal_experiment/dissertation_formal_v4/runs/seed2_v8/FE06_HYBRID_SAFETY_v8_seed2_v4_real/step_records.csv","dissertation_formal_v4","8","2","HybridLLMSafety","81","81","formal_low_v8_seed2_2_6","E_W","PROCEED"
"results/formal_experiment/dissertation_formal_v4/runs/seed2_v8/FE06_HYBRID_SAFETY_v8_seed2_v4_real/step_records.csv","dissertation_formal_v4","8","2","HybridLLMSafety","82","82","formal_low_v8_seed2_2_5","E_W","PROCEED"
"results/formal_experiment/dissertation_formal_v4/runs/seed2_v8/FE06_HYBRID_SAFETY_v8_seed2_v4_real/step_records.csv","dissertation_formal_v4","8","2","HybridLLMSafety","82","82","formal_low_v8_seed2_2_6","E_W","PROCEED"
"results/formal_experiment/dissertation_formal_v4/runs/seed2_v8/FE06_HYBRID_SAFETY_v8_seed2_v4_real/step_records.csv","dissertation_formal_v4","8","2","HybridLLMSafety","83","83","formal_low_v8_seed2_2_5","E_W","PROCEED"
"results/formal_experiment/dissertation_formal_v4/runs/seed2_v8/FE06_HYBRID_SAFETY_v8_seed2_v4_real/step_records.csv","dissertation_formal_v4","8","2","HybridLLMSafety","83","83","formal_low_v8_seed2_2_6","E_W","PROCEED"
"results/formal_experiment/dissertation_formal_v4/runs/seed2_v8/FE06_HYBRID_SAFETY_v8_seed2_v4_real/step_records.csv","dissertation_formal_v4","8","2","HybridLLMSafety","84","84","formal_low_v8_seed2_2_5","E_W","PROCEED"
"results/formal_experiment/dissertation_formal_v4/runs/seed2_v8/FE06_HYBRID_SAFETY_v8_seed2_v4_real/step_records.csv","dissertation_formal_v4","8","2","HybridLLMSafety","84","84","formal_low_v8_seed2_2_6","E_W","PROCEED"
"results/formal_experiment/dissertation_formal_v4/runs/seed2_v8/FE06_HYBRID_SAFETY_v8_seed2_v4_real/step_records.csv","dissertation_formal_v4","8","2","HybridLLMSafety","85","85","formal_low_v8_seed2_2_5","E_W","PROCEED"
"results/formal_experiment/dissertation_formal_v4/runs/seed2_v8/FE06_HYBRID_SAFETY_v8_seed2_v4_real/step_records.csv","dissertation_formal_v4","8","2","HybridLLMSafety","85","85","formal_low_v8_seed2_2_6","E_W","PROCEED"
"results/formal_experiment/dissertation_formal_v4/runs/seed2_v8/FE06_HYBRID_SAFETY_v8_seed2_v4_real/step_records.csv","dissertation_formal_v4","8","2","HybridLLMSafety","86","86","formal_low_v8_seed2_2_5","E_W","PROCEED"
"results/formal_experiment/dissertation_formal_v4/runs/seed2_v8/FE06_HYBRID_SAFETY_v8_seed2_v4_real/step_records.csv","dissertation_formal_v4","8","2","HybridLLMSafety","86","86","formal_low_v8_seed2_2_6","E_W","PROCEED"
"results/formal_experiment/dissertation_formal_v4/runs/seed2_v8/FE06_HYBRID_SAFETY_v8_seed2_v4_real/step_records.csv","dissertation_formal_v4","8","2","HybridLLMSafety","87","87","formal_low_v8_seed2_2_5","E_W","PROCEED"
"results/formal_experiment/dissertation_formal_v4/runs/seed2_v8/FE06_HYBRID_SAFETY_v8_seed2_v4_real/step_records.csv","dissertation_formal_v4","8","2","HybridLLMSafety","87","87","formal_low_v8_seed2_2_6","E_W","PROCEED"
"results/formal_experiment/dissertation_formal_v4/runs/seed2_v8/FE06_HYBRID_SAFETY_v8_seed2_v4_real/step_records.csv","dissertation_formal_v4","8","2","HybridLLMSafety","88","88","formal_low_v8_seed2_2_5","E_W","PROCEED"
"results/formal_experiment/dissertation_formal_v4/runs/seed2_v8/FE06_HYBRID_SAFETY_v8_seed2_v4_real/step_records.csv","dissertation_formal_v4","8","2","HybridLLMSafety","88","88","formal_low_v8_seed2_2_6","E_W","PROCEED"
"results/formal_experiment/dissertation_formal_v4/runs/seed2_v8/FE06_HYBRID_SAFETY_v8_seed2_v4_real/step_records.csv","dissertation_formal_v4","8","2","HybridLLMSafety","89","89","formal_low_v8_seed2_2_5","E_W","PROCEED"
"results/formal_experiment/dissertation_formal_v4/runs/seed2_v8/FE06_HYBRID_SAFETY_v8_seed2_v4_real/step_records.csv","dissertation_formal_v4","8","2","HybridLLMSafety","89","89","formal_low_v8_seed2_2_6","E_W","PROCEED"
"results/formal_experiment/dissertation_formal_v4/runs/seed2_v8/FE06_HYBRID_SAFETY_v8_seed2_v4_real/step_records.csv","dissertation_formal_v4","8","2","HybridLLMSafety","90","90","formal_low_v8_seed2_2_5","E_W","PROCEED"
"results/formal_experiment/dissertation_formal_v4/runs/seed2_v8/FE06_HYBRID_SAFETY_v8_seed2_v4_real/step_records.csv","dissertation_formal_v4","8","2","HybridLLMSafety","90","90","formal_low_v8_seed2_2_6","E_W","PROCEED"
"results/formal_experiment/dissertation_formal_v4/runs/seed2_v8/FE06_HYBRID_SAFETY_v8_seed2_v4_real/step_records.csv","dissertation_formal_v4","8","2","HybridLLMSafety","91","91","formal_low_v8_seed2_2_5","E_W","PROCEED"
"results/formal_experiment/dissertation_formal_v4/runs/seed2_v8/FE06_HYBRID_SAFETY_v8_seed2_v4_real/step_records.csv","dissertation_formal_v4","8","2","HybridLLMSafety","91","91","formal_low_v8_seed2_2_6","E_W","PROCEED"
"results/formal_experiment/dissertation_formal_v4/runs/seed2_v8/FE06_HYBRID_SAFETY_v8_seed2_v4_real/step_records.csv","dissertation_formal_v4","8","2","HybridLLMSafety","92","92","formal_low_v8_seed2_2_5","E_W","PROCEED"
"results/formal_experiment/dissertation_formal_v4/runs/seed2_v8/FE06_HYBRID_SAFETY_v8_seed2_v4_real/step_records.csv","dissertation_formal_v4","8","2","HybridLLMSafety","92","92","formal_low_v8_seed2_2_6","E_W","PROCEED"
"results/formal_experiment/dissertation_formal_v4/runs/seed2_v8/FE06_HYBRID_SAFETY_v8_seed2_v4_real/step_records.csv","dissertation_formal_v4","8","2","HybridLLMSafety","93","93","formal_low_v8_seed2_2_5","E_W","PROCEED"
"results/formal_experiment/dissertation_formal_v4/runs/seed2_v8/FE06_HYBRID_SAFETY_v8_seed2_v4_real/step_records.csv","dissertation_formal_v4","8","2","HybridLLMSafety","93","93","formal_low_v8_seed2_2_6","E_W","PROCEED"
"results/formal_experiment/dissertation_formal_v4/runs/seed2_v8/FE06_HYBRID_SAFETY_v8_seed2_v4_real/step_records.csv","dissertation_formal_v4","8","2","HybridLLMSafety","94","94","formal_low_v8_seed2_2_5","E_W","PROCEED"
"results/formal_experiment/dissertation_formal_v4/runs/seed2_v8/FE06_HYBRID_SAFETY_v8_seed2_v4_real/step_records.csv","dissertation_formal_v4","8","2","HybridLLMSafety","94","94","formal_low_v8_seed2_2_6","E_W","PROCEED"
"results/formal_experiment/dissertation_formal_v4/runs/seed2_v8/FE06_HYBRID_SAFETY_v8_seed2_v4_real/step_records.csv","dissertation_formal_v4","8","2","HybridLLMSafety","95","95","formal_low_v8_seed2_2_5","E_W","PROCEED"
"results/formal_experiment/dissertation_formal_v4/runs/seed2_v8/FE06_HYBRID_SAFETY_v8_seed2_v4_real/step_records.csv","dissertation_formal_v4","8","2","HybridLLMSafety","95","95","formal_low_v8_seed2_2_6","E_W","PROCEED"
"results/formal_experiment/dissertation_formal_v4/runs/seed2_v8/FE06_HYBRID_SAFETY_v8_seed2_v4_real/step_records.csv","dissertation_formal_v4","8","2","HybridLLMSafety","96","96","formal_low_v8_seed2_2_5","E_W","PROCEED"
"results/formal_experiment/dissertation_formal_v4/runs/seed2_v8/FE06_HYBRID_SAFETY_v8_seed2_v4_real/step_records.csv","dissertation_formal_v4","8","2","HybridLLMSafety","96","96","formal_low_v8_seed2_2_6","E_W","PROCEED"
"results/formal_experiment/dissertation_formal_v4/runs/seed2_v8/FE06_HYBRID_SAFETY_v8_seed2_v4_real/step_records.csv","dissertation_formal_v4","8","2","HybridLLMSafety","97","97","formal_low_v8_seed2_2_5","E_W","PROCEED"
"results/formal_experiment/dissertation_formal_v4/runs/seed2_v8/FE06_HYBRID_SAFETY_v8_seed2_v4_real/step_records.csv","dissertation_formal_v4","8","2","HybridLLMSafety","97","97","formal_low_v8_seed2_2_6","E_W","PROCEED"
"results/formal_experiment/dissertation_formal_v4/runs/seed2_v8/FE06_HYBRID_SAFETY_v8_seed2_v4_real/step_records.csv","dissertation_formal_v4","8","2","HybridLLMSafety","98","98","formal_low_v8_seed2_2_5","E_W","FREE"
"results/formal_experiment/dissertation_formal_v4/runs/seed2_v8/FE06_HYBRID_SAFETY_v8_seed2_v4_real/step_records.csv","dissertation_formal_v4","8","2","HybridLLMSafety","98","98","formal_low_v8_seed2_2_6","E_W","FREE"
"results/formal_experiment/dissertation_formal_v4/runs/seed2_v8/FE06_HYBRID_SAFETY_v8_seed2_v4_real/step_records.csv","dissertation_formal_v4","8","2","HybridLLMSafety","99","99","formal_low_v8_seed2_2_5","E_W","FREE"
"results/formal_experiment/dissertation_formal_v4/runs/seed2_v8/FE06_HYBRID_SAFETY_v8_seed2_v4_real/step_records.csv","dissertation_formal_v4","8","2","HybridLLMSafety","99","99","formal_low_v8_seed2_2_6","E_W","FREE"
"results/formal_experiment/dissertation_formal_v4/runs/seed2_v8/FE06_HYBRID_SAFETY_v8_seed2_v4_real/step_records.csv","dissertation_formal_v4","8","2","HybridLLMSafety","100","100","formal_low_v8_seed2_2_5","E_W","FREE"
"results/formal_experiment/dissertation_formal_v4/runs/seed2_v8/FE06_HYBRID_SAFETY_v8_seed2_v4_real/step_records.csv","dissertation_formal_v4","8","2","HybridLLMSafety","100","100","formal_low_v8_seed2_2_6","E_W","FREE"
"results/formal_experiment/dissertation_formal_v4/runs/seed2_v8/FE06_HYBRID_SAFETY_v8_seed2_v4_real/step_records.csv","dissertation_formal_v4","8","2","HybridLLMSafety","101","101","formal_low_v8_seed2_2_5","E_W","FREE"
"results/formal_experiment/dissertation_formal_v4/runs/seed2_v8/FE06_HYBRID_SAFETY_v8_seed2_v4_real/step_records.csv","dissertation_formal_v4","8","2","HybridLLMSafety","101","101","formal_low_v8_seed2_2_6","E_W","FREE"
"results/formal_experiment/dissertation_formal_v4/runs/seed2_v8/FE06_HYBRID_SAFETY_v8_seed2_v4_real/step_records.csv","dissertation_formal_v4","8","2","HybridLLMSafety","102","102","formal_low_v8_seed2_2_5","E_W","FREE"
"results/formal_experiment/dissertation_formal_v4/runs/seed2_v8/FE06_HYBRID_SAFETY_v8_seed2_v4_real/step_records.csv","dissertation_formal_v4","8","2","HybridLLMSafety","102","102","formal_low_v8_seed2_2_6","E_W","FREE"
"results/formal_experiment/dissertation_formal_v4/runs/seed2_v8/FE06_HYBRID_SAFETY_v8_seed2_v4_real/step_records.csv","dissertation_formal_v4","8","2","HybridLLMSafety","103","103","formal_low_v8_seed2_2_5","E_W","FREE"
"results/formal_experiment/dissertation_formal_v4/runs/seed2_v8/FE06_HYBRID_SAFETY_v8_seed2_v4_real/step_records.csv","dissertation_formal_v4","8","2","HybridLLMSafety","103","103","formal_low_v8_seed2_2_6","E_W","FREE"
"results/formal_experiment/dissertation_formal_v4/runs/seed2_v8/FE06_HYBRID_SAFETY_v8_seed2_v4_real/step_records.csv","dissertation_formal_v4","8","2","HybridLLMSafety","104","104","formal_low_v8_seed2_2_5","E_W","FREE"
"results/formal_experiment/dissertation_formal_v4/runs/seed2_v8/FE06_HYBRID_SAFETY_v8_seed2_v4_real/step_records.csv","dissertation_formal_v4","8","2","HybridLLMSafety","104","104","formal_low_v8_seed2_2_6","E_W","FREE"
"results/formal_experiment/dissertation_formal_v4/runs/seed2_v8/FE06_HYBRID_SAFETY_v8_seed2_v4_real/step_records.csv","dissertation_formal_v4","8","2","HybridLLMSafety","105","105","formal_low_v8_seed2_2_5","E_W","FREE"
"results/formal_experiment/dissertation_formal_v4/runs/seed2_v8/FE06_HYBRID_SAFETY_v8_seed2_v4_real/step_records.csv","dissertation_formal_v4","8","2","HybridLLMSafety","106","106","formal_low_v8_seed2_2_5","E_W","FREE"
"results/formal_experiment/dissertation_formal_v4/runs/seed3_v8/FE04_RAW_LLM_v8_seed3_v4_real/step_records.csv","dissertation_formal_v4","8","3","RawLLM","0","0","formal_low_v8_seed3_3_0","N_S","FREE"
"results/formal_experiment/dissertation_formal_v4/runs/seed3_v8/FE04_RAW_LLM_v8_seed3_v4_real/step_records.csv","dissertation_formal_v4","8","3","RawLLM","1","1","formal_low_v8_seed3_3_0","N_S","FREE"
"results/formal_experiment/dissertation_formal_v4/runs/seed3_v8/FE04_RAW_LLM_v8_seed3_v4_real/step_records.csv","dissertation_formal_v4","8","3","RawLLM","2","2","formal_low_v8_seed3_3_0","N_S","FREE"
"results/formal_experiment/dissertation_formal_v4/runs/seed3_v8/FE04_RAW_LLM_v8_seed3_v4_real/step_records.csv","dissertation_formal_v4","8","3","RawLLM","3","3","formal_low_v8_seed3_3_0","N_S","FREE"
"results/formal_experiment/dissertation_formal_v4/runs/seed3_v8/FE04_RAW_LLM_v8_seed3_v4_real/step_records.csv","dissertation_formal_v4","8","3","RawLLM","4","4","formal_low_v8_seed3_3_0","N_S","FREE"
"results/formal_experiment/dissertation_formal_v4/runs/seed3_v8/FE04_RAW_LLM_v8_seed3_v4_real/step_records.csv","dissertation_formal_v4","8","3","RawLLM","5","5","formal_low_v8_seed3_3_0","N_S","PROCEED"
"results/formal_experiment/dissertation_formal_v4/runs/seed3_v8/FE04_RAW_LLM_v8_seed3_v4_real/step_records.csv","dissertation_formal_v4","8","3","RawLLM","6","6","formal_low_v8_seed3_3_0","N_S","PROCEED"
"results/formal_experiment/dissertation_formal_v4/runs/seed3_v8/FE04_RAW_LLM_v8_seed3_v4_real/step_records.csv","dissertation_formal_v4","8","3","RawLLM","7","7","formal_low_v8_seed3_3_0","N_S","PROCEED"
"results/formal_experiment/dissertation_formal_v4/runs/seed3_v8/FE04_RAW_LLM_v8_seed3_v4_real/step_records.csv","dissertation_formal_v4","8","3","RawLLM","7","7","formal_low_v8_seed3_3_1","E_W","FREE"
"results/formal_experiment/dissertation_formal_v4/runs/seed3_v8/FE04_RAW_LLM_v8_seed3_v4_real/step_records.csv","dissertation_formal_v4","8","3","RawLLM","8","8","formal_low_v8_seed3_3_0","N_S","PROCEED"
"results/formal_experiment/dissertation_formal_v4/runs/seed3_v8/FE04_RAW_LLM_v8_seed3_v4_real/step_records.csv","dissertation_formal_v4","8","3","RawLLM","8","8","formal_low_v8_seed3_3_1","E_W","FREE"
"results/formal_experiment/dissertation_formal_v4/runs/seed3_v8/FE04_RAW_LLM_v8_seed3_v4_real/step_records.csv","dissertation_formal_v4","8","3","RawLLM","9","9","formal_low_v8_seed3_3_0","N_S","PROCEED"
"results/formal_experiment/dissertation_formal_v4/runs/seed3_v8/FE04_RAW_LLM_v8_seed3_v4_real/step_records.csv","dissertation_formal_v4","8","3","RawLLM","9","9","formal_low_v8_seed3_3_1","E_W","FREE"
"results/formal_experiment/dissertation_formal_v4/runs/seed3_v8/FE04_RAW_LLM_v8_seed3_v4_real/step_records.csv","dissertation_formal_v4","8","3","RawLLM","10","10","formal_low_v8_seed3_3_0","N_S","PROCEED"
"results/formal_experiment/dissertation_formal_v4/runs/seed3_v8/FE04_RAW_LLM_v8_seed3_v4_real/step_records.csv","dissertation_formal_v4","8","3","RawLLM","10","10","formal_low_v8_seed3_3_1","E_W","FREE"
"results/formal_experiment/dissertation_formal_v4/runs/seed3_v8/FE04_RAW_LLM_v8_seed3_v4_real/step_records.csv","dissertation_formal_v4","8","3","RawLLM","11","11","formal_low_v8_seed3_3_0","N_S","PROCEED"
"results/formal_experiment/dissertation_formal_v4/runs/seed3_v8/FE04_RAW_LLM_v8_seed3_v4_real/step_records.csv","dissertation_formal_v4","8","3","RawLLM","11","11","formal_low_v8_seed3_3_1","E_W","FREE"
"results/formal_experiment/dissertation_formal_v4/runs/seed3_v8/FE04_RAW_LLM_v8_seed3_v4_real/step_records.csv","dissertation_formal_v4","8","3","RawLLM","12","12","formal_low_v8_seed3_3_0","N_S","PROCEED"
"results/formal_experiment/dissertation_formal_v4/runs/seed3_v8/FE04_RAW_LLM_v8_seed3_v4_real/step_records.csv","dissertation_formal_v4","8","3","RawLLM","12","12","formal_low_v8_seed3_3_1","E_W","FREE"
"results/formal_experiment/dissertation_formal_v4/runs/seed3_v8/FE04_RAW_LLM_v8_seed3_v4_real/step_records.csv","dissertation_formal_v4","8","3","RawLLM","13","13","formal_low_v8_seed3_3_0","N_S","PROCEED"
"results/formal_experiment/dissertation_formal_v4/runs/seed3_v8/FE04_RAW_LLM_v8_seed3_v4_real/step_records.csv","dissertation_formal_v4","8","3","RawLLM","13","13","formal_low_v8_seed3_3_1","E_W","FREE"
"results/formal_experiment/dissertation_formal_v4/runs/seed3_v8/FE04_RAW_LLM_v8_seed3_v4_real/step_records.csv","dissertation_formal_v4","8","3","RawLLM","14","14","formal_low_v8_seed3_3_0","N_S","PROCEED"
"results/formal_experiment/dissertation_formal_v4/runs/seed3_v8/FE04_RAW_LLM_v8_seed3_v4_real/step_records.csv","dissertation_formal_v4","8","3","RawLLM","14","14","formal_low_v8_seed3_3_1","E_W","FREE"
"results/formal_experiment/dissertation_formal_v4/runs/seed3_v8/FE04_RAW_LLM_v8_seed3_v4_real/step_records.csv","dissertation_formal_v4","8","3","RawLLM","15","15","formal_low_v8_seed3_3_0","N_S","PROCEED"
"results/formal_experiment/dissertation_formal_v4/runs/seed3_v8/FE04_RAW_LLM_v8_seed3_v4_real/step_records.csv","dissertation_formal_v4","8","3","RawLLM","15","15","formal_low_v8_seed3_3_1","E_W","FREE"
"results/formal_experiment/dissertation_formal_v4/runs/seed3_v8/FE04_RAW_LLM_v8_seed3_v4_real/step_records.csv","dissertation_formal_v4","8","3","RawLLM","16","16","formal_low_v8_seed3_3_0","N_S","WAIT"
"results/formal_experiment/dissertation_formal_v4/runs/seed3_v8/FE04_RAW_LLM_v8_seed3_v4_real/step_records.csv","dissertation_formal_v4","8","3","RawLLM","16","16","formal_low_v8_seed3_3_1","E_W","PROCEED"
"results/formal_experiment/dissertation_formal_v4/runs/seed3_v8/FE04_RAW_LLM_v8_seed3_v4_real/step_records.csv","dissertation_formal_v4","8","3","RawLLM","17","17","formal_low_v8_seed3_3_0","N_S","WAIT"
"results/formal_experiment/dissertation_formal_v4/runs/seed3_v8/FE04_RAW_LLM_v8_seed3_v4_real/step_records.csv","dissertation_formal_v4","8","3","RawLLM","17","17","formal_low_v8_seed3_3_1","E_W","PROCEED"
"results/formal_experiment/dissertation_formal_v4/runs/seed3_v8/FE04_RAW_LLM_v8_seed3_v4_real/step_records.csv","dissertation_formal_v4","8","3","RawLLM","18","18","formal_low_v8_seed3_3_0","N_S","WAIT"
"results/formal_experiment/dissertation_formal_v4/runs/seed3_v8/FE04_RAW_LLM_v8_seed3_v4_real/step_records.csv","dissertation_formal_v4","8","3","RawLLM","18","18","formal_low_v8_seed3_3_1","E_W","PROCEED"
"results/formal_experiment/dissertation_formal_v4/runs/seed3_v8/FE04_RAW_LLM_v8_seed3_v4_real/step_records.csv","dissertation_formal_v4","8","3","RawLLM","19","19","formal_low_v8_seed3_3_0","N_S","WAIT"
"results/formal_experiment/dissertation_formal_v4/runs/seed3_v8/FE04_RAW_LLM_v8_seed3_v4_real/step_records.csv","dissertation_formal_v4","8","3","RawLLM","19","19","formal_low_v8_seed3_3_1","E_W","PROCEED"
"results/formal_experiment/dissertation_formal_v4/runs/seed3_v8/FE04_RAW_LLM_v8_seed3_v4_real/step_records.csv","dissertation_formal_v4","8","3","RawLLM","19","19","formal_low_v8_seed3_3_2","S_N","FREE"
"results/formal_experiment/dissertation_formal_v4/runs/seed3_v8/FE04_RAW_LLM_v8_seed3_v4_real/step_records.csv","dissertation_formal_v4","8","3","RawLLM","20","20","formal_low_v8_seed3_3_0","N_S","WAIT"
"results/formal_experiment/dissertation_formal_v4/runs/seed3_v8/FE04_RAW_LLM_v8_seed3_v4_real/step_records.csv","dissertation_formal_v4","8","3","RawLLM","20","20","formal_low_v8_seed3_3_1","E_W","PROCEED"
"results/formal_experiment/dissertation_formal_v4/runs/seed3_v8/FE04_RAW_LLM_v8_seed3_v4_real/step_records.csv","dissertation_formal_v4","8","3","RawLLM","20","20","formal_low_v8_seed3_3_2","S_N","FREE"
"results/formal_experiment/dissertation_formal_v4/runs/seed3_v8/FE04_RAW_LLM_v8_seed3_v4_real/step_records.csv","dissertation_formal_v4","8","3","RawLLM","21","21","formal_low_v8_seed3_3_0","N_S","WAIT"
"results/formal_experiment/dissertation_formal_v4/runs/seed3_v8/FE04_RAW_LLM_v8_seed3_v4_real/step_records.csv","dissertation_formal_v4","8","3","RawLLM","21","21","formal_low_v8_seed3_3_1","E_W","PROCEED"
"results/formal_experiment/dissertation_formal_v4/runs/seed3_v8/FE04_RAW_LLM_v8_seed3_v4_real/step_records.csv","dissertation_formal_v4","8","3","RawLLM","21","21","formal_low_v8_seed3_3_2","S_N","FREE"
"results/formal_experiment/dissertation_formal_v4/runs/seed3_v8/FE04_RAW_LLM_v8_seed3_v4_real/step_records.csv","dissertation_formal_v4","8","3","RawLLM","22","22","formal_low_v8_seed3_3_0","N_S","WAIT"
"results/formal_experiment/dissertation_formal_v4/runs/seed3_v8/FE04_RAW_LLM_v8_seed3_v4_real/step_records.csv","dissertation_formal_v4","8","3","RawLLM","22","22","formal_low_v8_seed3_3_1","E_W","PROCEED"
"results/formal_experiment/dissertation_formal_v4/runs/seed3_v8/FE04_RAW_LLM_v8_seed3_v4_real/step_records.csv","dissertation_formal_v4","8","3","RawLLM","22","22","formal_low_v8_seed3_3_2","S_N","FREE"
"results/formal_experiment/dissertation_formal_v4/runs/seed3_v8/FE04_RAW_LLM_v8_seed3_v4_real/step_records.csv","dissertation_formal_v4","8","3","RawLLM","23","23","formal_low_v8_seed3_3_0","N_S","PROCEED"
"results/formal_experiment/dissertation_formal_v4/runs/seed3_v8/FE04_RAW_LLM_v8_seed3_v4_real/step_records.csv","dissertation_formal_v4","8","3","RawLLM","23","23","formal_low_v8_seed3_3_1","E_W","FREE"
"results/formal_experiment/dissertation_formal_v4/runs/seed3_v8/FE04_RAW_LLM_v8_seed3_v4_real/step_records.csv","dissertation_formal_v4","8","3","RawLLM","23","23","formal_low_v8_seed3_3_2","S_N","FREE"
"results/formal_experiment/dissertation_formal_v4/runs/seed3_v8/FE04_RAW_LLM_v8_seed3_v4_real/step_records.csv","dissertation_formal_v4","8","3","RawLLM","24","24","formal_low_v8_seed3_3_0","N_S","PROCEED"
"results/formal_experiment/dissertation_formal_v4/runs/seed3_v8/FE04_RAW_LLM_v8_seed3_v4_real/step_records.csv","dissertation_formal_v4","8","3","RawLLM","24","24","formal_low_v8_seed3_3_1","E_W","FREE"
"results/formal_experiment/dissertation_formal_v4/runs/seed3_v8/FE04_RAW_LLM_v8_seed3_v4_real/step_records.csv","dissertation_formal_v4","8","3","RawLLM","24","24","formal_low_v8_seed3_3_2","S_N","PROCEED"
"results/formal_experiment/dissertation_formal_v4/runs/seed3_v8/FE04_RAW_LLM_v8_seed3_v4_real/step_records.csv","dissertation_formal_v4","8","3","RawLLM","25","25","formal_low_v8_seed3_3_0","N_S","PROCEED"
"results/formal_experiment/dissertation_formal_v4/runs/seed3_v8/FE04_RAW_LLM_v8_seed3_v4_real/step_records.csv","dissertation_formal_v4","8","3","RawLLM","25","25","formal_low_v8_seed3_3_1","E_W","FREE"
"results/formal_experiment/dissertation_formal_v4/runs/seed3_v8/FE04_RAW_LLM_v8_seed3_v4_real/step_records.csv","dissertation_formal_v4","8","3","RawLLM","25","25","formal_low_v8_seed3_3_2","S_N","PROCEED"
"results/formal_experiment/dissertation_formal_v4/runs/seed3_v8/FE04_RAW_LLM_v8_seed3_v4_real/step_records.csv","dissertation_formal_v4","8","3","RawLLM","25","25","formal_low_v8_seed3_3_3","E_W","FREE"
"results/formal_experiment/dissertation_formal_v4/runs/seed3_v8/FE04_RAW_LLM_v8_seed3_v4_real/step_records.csv","dissertation_formal_v4","8","3","RawLLM","26","26","formal_low_v8_seed3_3_0","N_S","PROCEED"
"results/formal_experiment/dissertation_formal_v4/runs/seed3_v8/FE04_RAW_LLM_v8_seed3_v4_real/step_records.csv","dissertation_formal_v4","8","3","RawLLM","26","26","formal_low_v8_seed3_3_1","E_W","FREE"
"results/formal_experiment/dissertation_formal_v4/runs/seed3_v8/FE04_RAW_LLM_v8_seed3_v4_real/step_records.csv","dissertation_formal_v4","8","3","RawLLM","26","26","formal_low_v8_seed3_3_2","S_N","PROCEED"
"results/formal_experiment/dissertation_formal_v4/runs/seed3_v8/FE04_RAW_LLM_v8_seed3_v4_real/step_records.csv","dissertation_formal_v4","8","3","RawLLM","26","26","formal_low_v8_seed3_3_3","E_W","FREE"
"results/formal_experiment/dissertation_formal_v4/runs/seed3_v8/FE04_RAW_LLM_v8_seed3_v4_real/step_records.csv","dissertation_formal_v4","8","3","RawLLM","27","27","formal_low_v8_seed3_3_0","N_S","PROCEED"
"results/formal_experiment/dissertation_formal_v4/runs/seed3_v8/FE04_RAW_LLM_v8_seed3_v4_real/step_records.csv","dissertation_formal_v4","8","3","RawLLM","27","27","formal_low_v8_seed3_3_1","E_W","FREE"
"results/formal_experiment/dissertation_formal_v4/runs/seed3_v8/FE04_RAW_LLM_v8_seed3_v4_real/step_records.csv","dissertation_formal_v4","8","3","RawLLM","27","27","formal_low_v8_seed3_3_2","S_N","PROCEED"
"results/formal_experiment/dissertation_formal_v4/runs/seed3_v8/FE04_RAW_LLM_v8_seed3_v4_real/step_records.csv","dissertation_formal_v4","8","3","RawLLM","27","27","formal_low_v8_seed3_3_3","E_W","FREE"
"results/formal_experiment/dissertation_formal_v4/runs/seed3_v8/FE04_RAW_LLM_v8_seed3_v4_real/step_records.csv","dissertation_formal_v4","8","3","RawLLM","28","28","formal_low_v8_seed3_3_0","N_S","PROCEED"
"results/formal_experiment/dissertation_formal_v4/runs/seed3_v8/FE04_RAW_LLM_v8_seed3_v4_real/step_records.csv","dissertation_formal_v4","8","3","RawLLM","28","28","formal_low_v8_seed3_3_1","E_W","FREE"
"results/formal_experiment/dissertation_formal_v4/runs/seed3_v8/FE04_RAW_LLM_v8_seed3_v4_real/step_records.csv","dissertation_formal_v4","8","3","RawLLM","28","28","formal_low_v8_seed3_3_2","S_N","PROCEED"
"results/formal_experiment/dissertation_formal_v4/runs/seed3_v8/FE04_RAW_LLM_v8_seed3_v4_real/step_records.csv","dissertation_formal_v4","8","3","RawLLM","28","28","formal_low_v8_seed3_3_3","E_W","FREE"
"results/formal_experiment/dissertation_formal_v4/runs/seed3_v8/FE04_RAW_LLM_v8_seed3_v4_real/step_records.csv","dissertation_formal_v4","8","3","RawLLM","29","29","formal_low_v8_seed3_3_0","N_S","PROCEED"
"results/formal_experiment/dissertation_formal_v4/runs/seed3_v8/FE04_RAW_LLM_v8_seed3_v4_real/step_records.csv","dissertation_formal_v4","8","3","RawLLM","29","29","formal_low_v8_seed3_3_1","E_W","FREE"
"results/formal_experiment/dissertation_formal_v4/runs/seed3_v8/FE04_RAW_LLM_v8_seed3_v4_real/step_records.csv","dissertation_formal_v4","8","3","RawLLM","29","29","formal_low_v8_seed3_3_2","S_N","PROCEED"
"results/formal_experiment/dissertation_formal_v4/runs/seed3_v8/FE04_RAW_LLM_v8_seed3_v4_real/step_records.csv","dissertation_formal_v4","8","3","RawLLM","29","29","formal_low_v8_seed3_3_3","E_W","FREE"
"results/formal_experiment/dissertation_formal_v4/runs/seed3_v8/FE04_RAW_LLM_v8_seed3_v4_real/step_records.csv","dissertation_formal_v4","8","3","RawLLM","30","30","formal_low_v8_seed3_3_0","N_S","PROCEED"
"results/formal_experiment/dissertation_formal_v4/runs/seed3_v8/FE04_RAW_LLM_v8_seed3_v4_real/step_records.csv","dissertation_formal_v4","8","3","RawLLM","30","30","formal_low_v8_seed3_3_2","S_N","PROCEED"
"results/formal_experiment/dissertation_formal_v4/runs/seed3_v8/FE04_RAW_LLM_v8_seed3_v4_real/step_records.csv","dissertation_formal_v4","8","3","RawLLM","30","30","formal_low_v8_seed3_3_3","E_W","FREE"
"results/formal_experiment/dissertation_formal_v4/runs/seed3_v8/FE04_RAW_LLM_v8_seed3_v4_real/step_records.csv","dissertation_formal_v4","8","3","RawLLM","31","31","formal_low_v8_seed3_3_0","N_S","PROCEED"
"results/formal_experiment/dissertation_formal_v4/runs/seed3_v8/FE04_RAW_LLM_v8_seed3_v4_real/step_records.csv","dissertation_formal_v4","8","3","RawLLM","31","31","formal_low_v8_seed3_3_2","S_N","PROCEED"
"results/formal_experiment/dissertation_formal_v4/runs/seed3_v8/FE04_RAW_LLM_v8_seed3_v4_real/step_records.csv","dissertation_formal_v4","8","3","RawLLM","31","31","formal_low_v8_seed3_3_3","E_W","FREE"
"results/formal_experiment/dissertation_formal_v4/runs/seed3_v8/FE04_RAW_LLM_v8_seed3_v4_real/step_records.csv","dissertation_formal_v4","8","3","RawLLM","32","32","formal_low_v8_seed3_3_0","N_S","PROCEED"
"results/formal_experiment/dissertation_formal_v4/runs/seed3_v8/FE04_RAW_LLM_v8_seed3_v4_real/step_records.csv","dissertation_formal_v4","8","3","RawLLM","32","32","formal_low_v8_seed3_3_2","S_N","PROCEED"
"results/formal_experiment/dissertation_formal_v4/runs/seed3_v8/FE04_RAW_LLM_v8_seed3_v4_real/step_records.csv","dissertation_formal_v4","8","3","RawLLM","32","32","formal_low_v8_seed3_3_3","E_W","FREE"
"results/formal_experiment/dissertation_formal_v4/runs/seed3_v8/FE04_RAW_LLM_v8_seed3_v4_real/step_records.csv","dissertation_formal_v4","8","3","RawLLM","33","33","formal_low_v8_seed3_3_0","N_S","WAIT"
"results/formal_experiment/dissertation_formal_v4/runs/seed3_v8/FE04_RAW_LLM_v8_seed3_v4_real/step_records.csv","dissertation_formal_v4","8","3","RawLLM","33","33","formal_low_v8_seed3_3_2","S_N","WAIT"
"results/formal_experiment/dissertation_formal_v4/runs/seed3_v8/FE04_RAW_LLM_v8_seed3_v4_real/step_records.csv","dissertation_formal_v4","8","3","RawLLM","33","33","formal_low_v8_seed3_3_3","E_W","PROCEED"
"results/formal_experiment/dissertation_formal_v4/runs/seed3_v8/FE04_RAW_LLM_v8_seed3_v4_real/step_records.csv","dissertation_formal_v4","8","3","RawLLM","34","34","formal_low_v8_seed3_3_0","N_S","WAIT"
"results/formal_experiment/dissertation_formal_v4/runs/seed3_v8/FE04_RAW_LLM_v8_seed3_v4_real/step_records.csv","dissertation_formal_v4","8","3","RawLLM","34","34","formal_low_v8_seed3_3_2","S_N","WAIT"
"results/formal_experiment/dissertation_formal_v4/runs/seed3_v8/FE04_RAW_LLM_v8_seed3_v4_real/step_records.csv","dissertation_formal_v4","8","3","RawLLM","34","34","formal_low_v8_seed3_3_3","E_W","PROCEED"
"results/formal_experiment/dissertation_formal_v4/runs/seed3_v8/FE04_RAW_LLM_v8_seed3_v4_real/step_records.csv","dissertation_formal_v4","8","3","RawLLM","34","34","formal_low_v8_seed3_3_4","E_W","FREE"
"results/formal_experiment/dissertation_formal_v4/runs/seed3_v8/FE04_RAW_LLM_v8_seed3_v4_real/step_records.csv","dissertation_formal_v4","8","3","RawLLM","35","35","formal_low_v8_seed3_3_0","N_S","WAIT"
"results/formal_experiment/dissertation_formal_v4/runs/seed3_v8/FE04_RAW_LLM_v8_seed3_v4_real/step_records.csv","dissertation_formal_v4","8","3","RawLLM","35","35","formal_low_v8_seed3_3_2","S_N","WAIT"
"results/formal_experiment/dissertation_formal_v4/runs/seed3_v8/FE04_RAW_LLM_v8_seed3_v4_real/step_records.csv","dissertation_formal_v4","8","3","RawLLM","35","35","formal_low_v8_seed3_3_3","E_W","PROCEED"
"results/formal_experiment/dissertation_formal_v4/runs/seed3_v8/FE04_RAW_LLM_v8_seed3_v4_real/step_records.csv","dissertation_formal_v4","8","3","RawLLM","35","35","formal_low_v8_seed3_3_4","E_W","FREE"
"results/formal_experiment/dissertation_formal_v4/runs/seed3_v8/FE04_RAW_LLM_v8_seed3_v4_real/step_records.csv","dissertation_formal_v4","8","3","RawLLM","36","36","formal_low_v8_seed3_3_0","N_S","WAIT"
"results/formal_experiment/dissertation_formal_v4/runs/seed3_v8/FE04_RAW_LLM_v8_seed3_v4_real/step_records.csv","dissertation_formal_v4","8","3","RawLLM","36","36","formal_low_v8_seed3_3_2","S_N","WAIT"
"results/formal_experiment/dissertation_formal_v4/runs/seed3_v8/FE04_RAW_LLM_v8_seed3_v4_real/step_records.csv","dissertation_formal_v4","8","3","RawLLM","36","36","formal_low_v8_seed3_3_3","E_W","PROCEED"
"results/formal_experiment/dissertation_formal_v4/runs/seed3_v8/FE04_RAW_LLM_v8_seed3_v4_real/step_records.csv","dissertation_formal_v4","8","3","RawLLM","36","36","formal_low_v8_seed3_3_4","E_W","FREE"
"results/formal_experiment/dissertation_formal_v4/runs/seed3_v8/FE04_RAW_LLM_v8_seed3_v4_real/step_records.csv","dissertation_formal_v4","8","3","RawLLM","37","37","formal_low_v8_seed3_3_0","N_S","WAIT"
"results/formal_experiment/dissertation_formal_v4/runs/seed3_v8/FE04_RAW_LLM_v8_seed3_v4_real/step_records.csv","dissertation_formal_v4","8","3","RawLLM","37","37","formal_low_v8_seed3_3_2","S_N","WAIT"
"results/formal_experiment/dissertation_formal_v4/runs/seed3_v8/FE04_RAW_LLM_v8_seed3_v4_real/step_records.csv","dissertation_formal_v4","8","3","RawLLM","37","37","formal_low_v8_seed3_3_3","E_W","PROCEED"
"results/formal_experiment/dissertation_formal_v4/runs/seed3_v8/FE04_RAW_LLM_v8_seed3_v4_real/step_records.csv","dissertation_formal_v4","8","3","RawLLM","37","37","formal_low_v8_seed3_3_4","E_W","FREE"
"results/formal_experiment/dissertation_formal_v4/runs/seed3_v8/FE04_RAW_LLM_v8_seed3_v4_real/step_records.csv","dissertation_formal_v4","8","3","RawLLM","38","38","formal_low_v8_seed3_3_0","N_S","WAIT"
"results/formal_experiment/dissertation_formal_v4/runs/seed3_v8/FE04_RAW_LLM_v8_seed3_v4_real/step_records.csv","dissertation_formal_v4","8","3","RawLLM","38","38","formal_low_v8_seed3_3_2","S_N","WAIT"
"results/formal_experiment/dissertation_formal_v4/runs/seed3_v8/FE04_RAW_LLM_v8_seed3_v4_real/step_records.csv","dissertation_formal_v4","8","3","RawLLM","38","38","formal_low_v8_seed3_3_3","E_W","PROCEED"
"results/formal_experiment/dissertation_formal_v4/runs/seed3_v8/FE04_RAW_LLM_v8_seed3_v4_real/step_records.csv","dissertation_formal_v4","8","3","RawLLM","38","38","formal_low_v8_seed3_3_4","E_W","FREE"
"results/formal_experiment/dissertation_formal_v4/runs/seed3_v8/FE04_RAW_LLM_v8_seed3_v4_real/step_records.csv","dissertation_formal_v4","8","3","RawLLM","39","39","formal_low_v8_seed3_3_0","N_S","WAIT"
"results/formal_experiment/dissertation_formal_v4/runs/seed3_v8/FE04_RAW_LLM_v8_seed3_v4_real/step_records.csv","dissertation_formal_v4","8","3","RawLLM","39","39","formal_low_v8_seed3_3_2","S_N","WAIT"
"results/formal_experiment/dissertation_formal_v4/runs/seed3_v8/FE04_RAW_LLM_v8_seed3_v4_real/step_records.csv","dissertation_formal_v4","8","3","RawLLM","39","39","formal_low_v8_seed3_3_3","E_W","PROCEED"
"results/formal_experiment/dissertation_formal_v4/runs/seed3_v8/FE04_RAW_LLM_v8_seed3_v4_real/step_records.csv","dissertation_formal_v4","8","3","RawLLM","39","39","formal_low_v8_seed3_3_4","E_W","FREE"
"results/formal_experiment/dissertation_formal_v4/runs/seed3_v8/FE04_RAW_LLM_v8_seed3_v4_real/step_records.csv","dissertation_formal_v4","8","3","RawLLM","40","40","formal_low_v8_seed3_3_0","N_S","PROCEED"
"results/formal_experiment/dissertation_formal_v4/runs/seed3_v8/FE04_RAW_LLM_v8_seed3_v4_real/step_records.csv","dissertation_formal_v4","8","3","RawLLM","40","40","formal_low_v8_seed3_3_2","S_N","PROCEED"
"results/formal_experiment/dissertation_formal_v4/runs/seed3_v8/FE04_RAW_LLM_v8_seed3_v4_real/step_records.csv","dissertation_formal_v4","8","3","RawLLM","40","40","formal_low_v8_seed3_3_3","E_W","FREE"
"results/formal_experiment/dissertation_formal_v4/runs/seed3_v8/FE04_RAW_LLM_v8_seed3_v4_real/step_records.csv","dissertation_formal_v4","8","3","RawLLM","40","40","formal_low_v8_seed3_3_4","E_W","FREE"
"results/formal_experiment/dissertation_formal_v4/runs/seed3_v8/FE04_RAW_LLM_v8_seed3_v4_real/step_records.csv","dissertation_formal_v4","8","3","RawLLM","41","41","formal_low_v8_seed3_3_0","N_S","PROCEED"
"results/formal_experiment/dissertation_formal_v4/runs/seed3_v8/FE04_RAW_LLM_v8_seed3_v4_real/step_records.csv","dissertation_formal_v4","8","3","RawLLM","41","41","formal_low_v8_seed3_3_2","S_N","PROCEED"
"results/formal_experiment/dissertation_formal_v4/runs/seed3_v8/FE04_RAW_LLM_v8_seed3_v4_real/step_records.csv","dissertation_formal_v4","8","3","RawLLM","41","41","formal_low_v8_seed3_3_3","E_W","FREE"
"results/formal_experiment/dissertation_formal_v4/runs/seed3_v8/FE04_RAW_LLM_v8_seed3_v4_real/step_records.csv","dissertation_formal_v4","8","3","RawLLM","41","41","formal_low_v8_seed3_3_4","E_W","FREE"
"results/formal_experiment/dissertation_formal_v4/runs/seed3_v8/FE04_RAW_LLM_v8_seed3_v4_real/step_records.csv","dissertation_formal_v4","8","3","RawLLM","42","42","formal_low_v8_seed3_3_0","N_S","WAIT"
"results/formal_experiment/dissertation_formal_v4/runs/seed3_v8/FE04_RAW_LLM_v8_seed3_v4_real/step_records.csv","dissertation_formal_v4","8","3","RawLLM","42","42","formal_low_v8_seed3_3_2","S_N","WAIT"
"results/formal_experiment/dissertation_formal_v4/runs/seed3_v8/FE04_RAW_LLM_v8_seed3_v4_real/step_records.csv","dissertation_formal_v4","8","3","RawLLM","42","42","formal_low_v8_seed3_3_3","E_W","FREE"
"results/formal_experiment/dissertation_formal_v4/runs/seed3_v8/FE04_RAW_LLM_v8_seed3_v4_real/step_records.csv","dissertation_formal_v4","8","3","RawLLM","42","42","formal_low_v8_seed3_3_4","E_W","PROCEED"
"results/formal_experiment/dissertation_formal_v4/runs/seed3_v8/FE04_RAW_LLM_v8_seed3_v4_real/step_records.csv","dissertation_formal_v4","8","3","RawLLM","43","43","formal_low_v8_seed3_3_0","N_S","WAIT"
"results/formal_experiment/dissertation_formal_v4/runs/seed3_v8/FE04_RAW_LLM_v8_seed3_v4_real/step_records.csv","dissertation_formal_v4","8","3","RawLLM","43","43","formal_low_v8_seed3_3_2","S_N","WAIT"
"results/formal_experiment/dissertation_formal_v4/runs/seed3_v8/FE04_RAW_LLM_v8_seed3_v4_real/step_records.csv","dissertation_formal_v4","8","3","RawLLM","43","43","formal_low_v8_seed3_3_3","E_W","FREE"
"results/formal_experiment/dissertation_formal_v4/runs/seed3_v8/FE04_RAW_LLM_v8_seed3_v4_real/step_records.csv","dissertation_formal_v4","8","3","RawLLM","43","43","formal_low_v8_seed3_3_4","E_W","PROCEED"
"results/formal_experiment/dissertation_formal_v4/runs/seed3_v8/FE04_RAW_LLM_v8_seed3_v4_real/step_records.csv","dissertation_formal_v4","8","3","RawLLM","44","44","formal_low_v8_seed3_3_0","N_S","WAIT"
"results/formal_experiment/dissertation_formal_v4/runs/seed3_v8/FE04_RAW_LLM_v8_seed3_v4_real/step_records.csv","dissertation_formal_v4","8","3","RawLLM","44","44","formal_low_v8_seed3_3_2","S_N","WAIT"
"results/formal_experiment/dissertation_formal_v4/runs/seed3_v8/FE04_RAW_LLM_v8_seed3_v4_real/step_records.csv","dissertation_formal_v4","8","3","RawLLM","44","44","formal_low_v8_seed3_3_3","E_W","FREE"
"results/formal_experiment/dissertation_formal_v4/runs/seed3_v8/FE04_RAW_LLM_v8_seed3_v4_real/step_records.csv","dissertation_formal_v4","8","3","RawLLM","44","44","formal_low_v8_seed3_3_4","E_W","PROCEED"
"results/formal_experiment/dissertation_formal_v4/runs/seed3_v8/FE04_RAW_LLM_v8_seed3_v4_real/step_records.csv","dissertation_formal_v4","8","3","RawLLM","45","45","formal_low_v8_seed3_3_0","N_S","WAIT"
"results/formal_experiment/dissertation_formal_v4/runs/seed3_v8/FE04_RAW_LLM_v8_seed3_v4_real/step_records.csv","dissertation_formal_v4","8","3","RawLLM","45","45","formal_low_v8_seed3_3_2","S_N","WAIT"
"results/formal_experiment/dissertation_formal_v4/runs/seed3_v8/FE04_RAW_LLM_v8_seed3_v4_real/step_records.csv","dissertation_formal_v4","8","3","RawLLM","45","45","formal_low_v8_seed3_3_3","E_W","FREE"
"results/formal_experiment/dissertation_formal_v4/runs/seed3_v8/FE04_RAW_LLM_v8_seed3_v4_real/step_records.csv","dissertation_formal_v4","8","3","RawLLM","45","45","formal_low_v8_seed3_3_4","E_W","PROCEED"
"results/formal_experiment/dissertation_formal_v4/runs/seed3_v8/FE04_RAW_LLM_v8_seed3_v4_real/step_records.csv","dissertation_formal_v4","8","3","RawLLM","45","45","formal_low_v8_seed3_3_5","N_S","FREE"
"results/formal_experiment/dissertation_formal_v4/runs/seed3_v8/FE04_RAW_LLM_v8_seed3_v4_real/step_records.csv","dissertation_formal_v4","8","3","RawLLM","46","46","formal_low_v8_seed3_3_0","N_S","WAIT"
"results/formal_experiment/dissertation_formal_v4/runs/seed3_v8/FE04_RAW_LLM_v8_seed3_v4_real/step_records.csv","dissertation_formal_v4","8","3","RawLLM","46","46","formal_low_v8_seed3_3_2","S_N","WAIT"
"results/formal_experiment/dissertation_formal_v4/runs/seed3_v8/FE04_RAW_LLM_v8_seed3_v4_real/step_records.csv","dissertation_formal_v4","8","3","RawLLM","46","46","formal_low_v8_seed3_3_3","E_W","FREE"
"results/formal_experiment/dissertation_formal_v4/runs/seed3_v8/FE04_RAW_LLM_v8_seed3_v4_real/step_records.csv","dissertation_formal_v4","8","3","RawLLM","46","46","formal_low_v8_seed3_3_4","E_W","PROCEED"
"results/formal_experiment/dissertation_formal_v4/runs/seed3_v8/FE04_RAW_LLM_v8_seed3_v4_real/step_records.csv","dissertation_formal_v4","8","3","RawLLM","46","46","formal_low_v8_seed3_3_5","N_S","FREE"
"results/formal_experiment/dissertation_formal_v4/runs/seed3_v8/FE04_RAW_LLM_v8_seed3_v4_real/step_records.csv","dissertation_formal_v4","8","3","RawLLM","47","47","formal_low_v8_seed3_3_0","N_S","PROCEED"
"results/formal_experiment/dissertation_formal_v4/runs/seed3_v8/FE04_RAW_LLM_v8_seed3_v4_real/step_records.csv","dissertation_formal_v4","8","3","RawLLM","47","47","formal_low_v8_seed3_3_2","S_N","PROCEED"
"results/formal_experiment/dissertation_formal_v4/runs/seed3_v8/FE04_RAW_LLM_v8_seed3_v4_real/step_records.csv","dissertation_formal_v4","8","3","RawLLM","47","47","formal_low_v8_seed3_3_4","E_W","WAIT"
"results/formal_experiment/dissertation_formal_v4/runs/seed3_v8/FE04_RAW_LLM_v8_seed3_v4_real/step_records.csv","dissertation_formal_v4","8","3","RawLLM","47","47","formal_low_v8_seed3_3_5","N_S","FREE"
"results/formal_experiment/dissertation_formal_v4/runs/seed3_v8/FE04_RAW_LLM_v8_seed3_v4_real/step_records.csv","dissertation_formal_v4","8","3","RawLLM","48","48","formal_low_v8_seed3_3_0","N_S","PROCEED"
"results/formal_experiment/dissertation_formal_v4/runs/seed3_v8/FE04_RAW_LLM_v8_seed3_v4_real/step_records.csv","dissertation_formal_v4","8","3","RawLLM","48","48","formal_low_v8_seed3_3_2","S_N","PROCEED"
"results/formal_experiment/dissertation_formal_v4/runs/seed3_v8/FE04_RAW_LLM_v8_seed3_v4_real/step_records.csv","dissertation_formal_v4","8","3","RawLLM","48","48","formal_low_v8_seed3_3_4","E_W","WAIT"
"results/formal_experiment/dissertation_formal_v4/runs/seed3_v8/FE04_RAW_LLM_v8_seed3_v4_real/step_records.csv","dissertation_formal_v4","8","3","RawLLM","48","48","formal_low_v8_seed3_3_5","N_S","FREE"
"results/formal_experiment/dissertation_formal_v4/runs/seed3_v8/FE04_RAW_LLM_v8_seed3_v4_real/step_records.csv","dissertation_formal_v4","8","3","RawLLM","49","49","formal_low_v8_seed3_3_0","N_S","PROCEED"
"results/formal_experiment/dissertation_formal_v4/runs/seed3_v8/FE04_RAW_LLM_v8_seed3_v4_real/step_records.csv","dissertation_formal_v4","8","3","RawLLM","49","49","formal_low_v8_seed3_3_2","S_N","PROCEED"
"results/formal_experiment/dissertation_formal_v4/runs/seed3_v8/FE04_RAW_LLM_v8_seed3_v4_real/step_records.csv","dissertation_formal_v4","8","3","RawLLM","49","49","formal_low_v8_seed3_3_4","E_W","WAIT"
"results/formal_experiment/dissertation_formal_v4/runs/seed3_v8/FE04_RAW_LLM_v8_seed3_v4_real/step_records.csv","dissertation_formal_v4","8","3","RawLLM","49","49","formal_low_v8_seed3_3_5","N_S","FREE"
"results/formal_experiment/dissertation_formal_v4/runs/seed3_v8/FE04_RAW_LLM_v8_seed3_v4_real/step_records.csv","dissertation_formal_v4","8","3","RawLLM","50","50","formal_low_v8_seed3_3_0","N_S","PROCEED"
"results/formal_experiment/dissertation_formal_v4/runs/seed3_v8/FE04_RAW_LLM_v8_seed3_v4_real/step_records.csv","dissertation_formal_v4","8","3","RawLLM","50","50","formal_low_v8_seed3_3_2","S_N","PROCEED"
"results/formal_experiment/dissertation_formal_v4/runs/seed3_v8/FE04_RAW_LLM_v8_seed3_v4_real/step_records.csv","dissertation_formal_v4","8","3","RawLLM","50","50","formal_low_v8_seed3_3_4","E_W","WAIT"
"results/formal_experiment/dissertation_formal_v4/runs/seed3_v8/FE04_RAW_LLM_v8_seed3_v4_real/step_records.csv","dissertation_formal_v4","8","3","RawLLM","50","50","formal_low_v8_seed3_3_5","N_S","PROCEED"
"results/formal_experiment/dissertation_formal_v4/runs/seed3_v8/FE04_RAW_LLM_v8_seed3_v4_real/step_records.csv","dissertation_formal_v4","8","3","RawLLM","50","50","formal_low_v8_seed3_3_6","N_S","FREE"
"results/formal_experiment/dissertation_formal_v4/runs/seed3_v8/FE04_RAW_LLM_v8_seed3_v4_real/step_records.csv","dissertation_formal_v4","8","3","RawLLM","51","51","formal_low_v8_seed3_3_0","N_S","PROCEED"
"results/formal_experiment/dissertation_formal_v4/runs/seed3_v8/FE04_RAW_LLM_v8_seed3_v4_real/step_records.csv","dissertation_formal_v4","8","3","RawLLM","51","51","formal_low_v8_seed3_3_2","S_N","PROCEED"
"results/formal_experiment/dissertation_formal_v4/runs/seed3_v8/FE04_RAW_LLM_v8_seed3_v4_real/step_records.csv","dissertation_formal_v4","8","3","RawLLM","51","51","formal_low_v8_seed3_3_4","E_W","WAIT"
"results/formal_experiment/dissertation_formal_v4/runs/seed3_v8/FE04_RAW_LLM_v8_seed3_v4_real/step_records.csv","dissertation_formal_v4","8","3","RawLLM","51","51","formal_low_v8_seed3_3_5","N_S","PROCEED"
"results/formal_experiment/dissertation_formal_v4/runs/seed3_v8/FE04_RAW_LLM_v8_seed3_v4_real/step_records.csv","dissertation_formal_v4","8","3","RawLLM","51","51","formal_low_v8_seed3_3_6","N_S","FREE"
"results/formal_experiment/dissertation_formal_v4/runs/seed3_v8/FE04_RAW_LLM_v8_seed3_v4_real/step_records.csv","dissertation_formal_v4","8","3","RawLLM","52","52","formal_low_v8_seed3_3_0","N_S","PROCEED"
"results/formal_experiment/dissertation_formal_v4/runs/seed3_v8/FE04_RAW_LLM_v8_seed3_v4_real/step_records.csv","dissertation_formal_v4","8","3","RawLLM","52","52","formal_low_v8_seed3_3_2","S_N","PROCEED"
"results/formal_experiment/dissertation_formal_v4/runs/seed3_v8/FE04_RAW_LLM_v8_seed3_v4_real/step_records.csv","dissertation_formal_v4","8","3","RawLLM","52","52","formal_low_v8_seed3_3_4","E_W","WAIT"
"results/formal_experiment/dissertation_formal_v4/runs/seed3_v8/FE04_RAW_LLM_v8_seed3_v4_real/step_records.csv","dissertation_formal_v4","8","3","RawLLM","52","52","formal_low_v8_seed3_3_5","N_S","PROCEED"
"results/formal_experiment/dissertation_formal_v4/runs/seed3_v8/FE04_RAW_LLM_v8_seed3_v4_real/step_records.csv","dissertation_formal_v4","8","3","RawLLM","52","52","formal_low_v8_seed3_3_6","N_S","FREE"
"results/formal_experiment/dissertation_formal_v4/runs/seed3_v8/FE04_RAW_LLM_v8_seed3_v4_real/step_records.csv","dissertation_formal_v4","8","3","RawLLM","53","53","formal_low_v8_seed3_3_0","N_S","PROCEED"
"results/formal_experiment/dissertation_formal_v4/runs/seed3_v8/FE04_RAW_LLM_v8_seed3_v4_real/step_records.csv","dissertation_formal_v4","8","3","RawLLM","53","53","formal_low_v8_seed3_3_2","S_N","PROCEED"
"results/formal_experiment/dissertation_formal_v4/runs/seed3_v8/FE04_RAW_LLM_v8_seed3_v4_real/step_records.csv","dissertation_formal_v4","8","3","RawLLM","53","53","formal_low_v8_seed3_3_4","E_W","WAIT"
"results/formal_experiment/dissertation_formal_v4/runs/seed3_v8/FE04_RAW_LLM_v8_seed3_v4_real/step_records.csv","dissertation_formal_v4","8","3","RawLLM","53","53","formal_low_v8_seed3_3_5","N_S","PROCEED"
"results/formal_experiment/dissertation_formal_v4/runs/seed3_v8/FE04_RAW_LLM_v8_seed3_v4_real/step_records.csv","dissertation_formal_v4","8","3","RawLLM","53","53","formal_low_v8_seed3_3_6","N_S","FREE"
"results/formal_experiment/dissertation_formal_v4/runs/seed3_v8/FE04_RAW_LLM_v8_seed3_v4_real/step_records.csv","dissertation_formal_v4","8","3","RawLLM","54","54","formal_low_v8_seed3_3_0","N_S","PROCEED"
"results/formal_experiment/dissertation_formal_v4/runs/seed3_v8/FE04_RAW_LLM_v8_seed3_v4_real/step_records.csv","dissertation_formal_v4","8","3","RawLLM","54","54","formal_low_v8_seed3_3_2","S_N","FREE"
"results/formal_experiment/dissertation_formal_v4/runs/seed3_v8/FE04_RAW_LLM_v8_seed3_v4_real/step_records.csv","dissertation_formal_v4","8","3","RawLLM","54","54","formal_low_v8_seed3_3_4","E_W","WAIT"
"results/formal_experiment/dissertation_formal_v4/runs/seed3_v8/FE04_RAW_LLM_v8_seed3_v4_real/step_records.csv","dissertation_formal_v4","8","3","RawLLM","54","54","formal_low_v8_seed3_3_5","N_S","PROCEED"
"results/formal_experiment/dissertation_formal_v4/runs/seed3_v8/FE04_RAW_LLM_v8_seed3_v4_real/step_records.csv","dissertation_formal_v4","8","3","RawLLM","54","54","formal_low_v8_seed3_3_6","N_S","PROCEED"
"results/formal_experiment/dissertation_formal_v4/runs/seed3_v8/FE04_RAW_LLM_v8_seed3_v4_real/step_records.csv","dissertation_formal_v4","8","3","RawLLM","54","54","formal_low_v8_seed3_3_7","W_E","FREE"
"results/formal_experiment/dissertation_formal_v4/runs/seed3_v8/FE04_RAW_LLM_v8_seed3_v4_real/step_records.csv","dissertation_formal_v4","8","3","RawLLM","55","55","formal_low_v8_seed3_3_0","N_S","FREE"
"results/formal_experiment/dissertation_formal_v4/runs/seed3_v8/FE04_RAW_LLM_v8_seed3_v4_real/step_records.csv","dissertation_formal_v4","8","3","RawLLM","55","55","formal_low_v8_seed3_3_2","S_N","FREE"
"results/formal_experiment/dissertation_formal_v4/runs/seed3_v8/FE04_RAW_LLM_v8_seed3_v4_real/step_records.csv","dissertation_formal_v4","8","3","RawLLM","55","55","formal_low_v8_seed3_3_4","E_W","WAIT"
"results/formal_experiment/dissertation_formal_v4/runs/seed3_v8/FE04_RAW_LLM_v8_seed3_v4_real/step_records.csv","dissertation_formal_v4","8","3","RawLLM","55","55","formal_low_v8_seed3_3_5","N_S","PROCEED"
"results/formal_experiment/dissertation_formal_v4/runs/seed3_v8/FE04_RAW_LLM_v8_seed3_v4_real/step_records.csv","dissertation_formal_v4","8","3","RawLLM","55","55","formal_low_v8_seed3_3_6","N_S","PROCEED"
"results/formal_experiment/dissertation_formal_v4/runs/seed3_v8/FE04_RAW_LLM_v8_seed3_v4_real/step_records.csv","dissertation_formal_v4","8","3","RawLLM","55","55","formal_low_v8_seed3_3_7","W_E","FREE"
"results/formal_experiment/dissertation_formal_v4/runs/seed3_v8/FE04_RAW_LLM_v8_seed3_v4_real/step_records.csv","dissertation_formal_v4","8","3","RawLLM","56","56","formal_low_v8_seed3_3_0","N_S","FREE"
"results/formal_experiment/dissertation_formal_v4/runs/seed3_v8/FE04_RAW_LLM_v8_seed3_v4_real/step_records.csv","dissertation_formal_v4","8","3","RawLLM","56","56","formal_low_v8_seed3_3_2","S_N","FREE"
"results/formal_experiment/dissertation_formal_v4/runs/seed3_v8/FE04_RAW_LLM_v8_seed3_v4_real/step_records.csv","dissertation_formal_v4","8","3","RawLLM","56","56","formal_low_v8_seed3_3_4","E_W","WAIT"
"results/formal_experiment/dissertation_formal_v4/runs/seed3_v8/FE04_RAW_LLM_v8_seed3_v4_real/step_records.csv","dissertation_formal_v4","8","3","RawLLM","56","56","formal_low_v8_seed3_3_5","N_S","PROCEED"
"results/formal_experiment/dissertation_formal_v4/runs/seed3_v8/FE04_RAW_LLM_v8_seed3_v4_real/step_records.csv","dissertation_formal_v4","8","3","RawLLM","56","56","formal_low_v8_seed3_3_6","N_S","PROCEED"
"results/formal_experiment/dissertation_formal_v4/runs/seed3_v8/FE04_RAW_LLM_v8_seed3_v4_real/step_records.csv","dissertation_formal_v4","8","3","RawLLM","56","56","formal_low_v8_seed3_3_7","W_E","FREE"
"results/formal_experiment/dissertation_formal_v4/runs/seed3_v8/FE04_RAW_LLM_v8_seed3_v4_real/step_records.csv","dissertation_formal_v4","8","3","RawLLM","57","57","formal_low_v8_seed3_3_0","N_S","FREE"
"results/formal_experiment/dissertation_formal_v4/runs/seed3_v8/FE04_RAW_LLM_v8_seed3_v4_real/step_records.csv","dissertation_formal_v4","8","3","RawLLM","57","57","formal_low_v8_seed3_3_2","S_N","FREE"
"results/formal_experiment/dissertation_formal_v4/runs/seed3_v8/FE04_RAW_LLM_v8_seed3_v4_real/step_records.csv","dissertation_formal_v4","8","3","RawLLM","57","57","formal_low_v8_seed3_3_4","E_W","WAIT"
"results/formal_experiment/dissertation_formal_v4/runs/seed3_v8/FE04_RAW_LLM_v8_seed3_v4_real/step_records.csv","dissertation_formal_v4","8","3","RawLLM","57","57","formal_low_v8_seed3_3_5","N_S","PROCEED"
"results/formal_experiment/dissertation_formal_v4/runs/seed3_v8/FE04_RAW_LLM_v8_seed3_v4_real/step_records.csv","dissertation_formal_v4","8","3","RawLLM","57","57","formal_low_v8_seed3_3_6","N_S","PROCEED"
"results/formal_experiment/dissertation_formal_v4/runs/seed3_v8/FE04_RAW_LLM_v8_seed3_v4_real/step_records.csv","dissertation_formal_v4","8","3","RawLLM","57","57","formal_low_v8_seed3_3_7","W_E","FREE"
"results/formal_experiment/dissertation_formal_v4/runs/seed3_v8/FE04_RAW_LLM_v8_seed3_v4_real/step_records.csv","dissertation_formal_v4","8","3","RawLLM","58","58","formal_low_v8_seed3_3_0","N_S","FREE"
"results/formal_experiment/dissertation_formal_v4/runs/seed3_v8/FE04_RAW_LLM_v8_seed3_v4_real/step_records.csv","dissertation_formal_v4","8","3","RawLLM","58","58","formal_low_v8_seed3_3_2","S_N","FREE"
"results/formal_experiment/dissertation_formal_v4/runs/seed3_v8/FE04_RAW_LLM_v8_seed3_v4_real/step_records.csv","dissertation_formal_v4","8","3","RawLLM","58","58","formal_low_v8_seed3_3_4","E_W","WAIT"
"results/formal_experiment/dissertation_formal_v4/runs/seed3_v8/FE04_RAW_LLM_v8_seed3_v4_real/step_records.csv","dissertation_formal_v4","8","3","RawLLM","58","58","formal_low_v8_seed3_3_5","N_S","FREE"
"results/formal_experiment/dissertation_formal_v4/runs/seed3_v8/FE04_RAW_LLM_v8_seed3_v4_real/step_records.csv","dissertation_formal_v4","8","3","RawLLM","58","58","formal_low_v8_seed3_3_6","N_S","PROCEED"
"results/formal_experiment/dissertation_formal_v4/runs/seed3_v8/FE04_RAW_LLM_v8_seed3_v4_real/step_records.csv","dissertation_formal_v4","8","3","RawLLM","58","58","formal_low_v8_seed3_3_7","W_E","FREE"
"results/formal_experiment/dissertation_formal_v4/runs/seed3_v8/FE04_RAW_LLM_v8_seed3_v4_real/step_records.csv","dissertation_formal_v4","8","3","RawLLM","59","59","formal_low_v8_seed3_3_0","N_S","FREE"
"results/formal_experiment/dissertation_formal_v4/runs/seed3_v8/FE04_RAW_LLM_v8_seed3_v4_real/step_records.csv","dissertation_formal_v4","8","3","RawLLM","59","59","formal_low_v8_seed3_3_4","E_W","WAIT"
"results/formal_experiment/dissertation_formal_v4/runs/seed3_v8/FE04_RAW_LLM_v8_seed3_v4_real/step_records.csv","dissertation_formal_v4","8","3","RawLLM","59","59","formal_low_v8_seed3_3_5","N_S","FREE"
"results/formal_experiment/dissertation_formal_v4/runs/seed3_v8/FE04_RAW_LLM_v8_seed3_v4_real/step_records.csv","dissertation_formal_v4","8","3","RawLLM","59","59","formal_low_v8_seed3_3_6","N_S","PROCEED"
"results/formal_experiment/dissertation_formal_v4/runs/seed3_v8/FE04_RAW_LLM_v8_seed3_v4_real/step_records.csv","dissertation_formal_v4","8","3","RawLLM","59","59","formal_low_v8_seed3_3_7","W_E","FREE"
"results/formal_experiment/dissertation_formal_v4/runs/seed3_v8/FE04_RAW_LLM_v8_seed3_v4_real/step_records.csv","dissertation_formal_v4","8","3","RawLLM","60","60","formal_low_v8_seed3_3_4","E_W","WAIT"
"results/formal_experiment/dissertation_formal_v4/runs/seed3_v8/FE04_RAW_LLM_v8_seed3_v4_real/step_records.csv","dissertation_formal_v4","8","3","RawLLM","60","60","formal_low_v8_seed3_3_5","N_S","FREE"
"results/formal_experiment/dissertation_formal_v4/runs/seed3_v8/FE04_RAW_LLM_v8_seed3_v4_real/step_records.csv","dissertation_formal_v4","8","3","RawLLM","60","60","formal_low_v8_seed3_3_6","N_S","PROCEED"
"results/formal_experiment/dissertation_formal_v4/runs/seed3_v8/FE04_RAW_LLM_v8_seed3_v4_real/step_records.csv","dissertation_formal_v4","8","3","RawLLM","60","60","formal_low_v8_seed3_3_7","W_E","FREE"
"results/formal_experiment/dissertation_formal_v4/runs/seed3_v8/FE04_RAW_LLM_v8_seed3_v4_real/step_records.csv","dissertation_formal_v4","8","3","RawLLM","61","61","formal_low_v8_seed3_3_4","E_W","PROCEED"
"results/formal_experiment/dissertation_formal_v4/runs/seed3_v8/FE04_RAW_LLM_v8_seed3_v4_real/step_records.csv","dissertation_formal_v4","8","3","RawLLM","61","61","formal_low_v8_seed3_3_5","N_S","FREE"
"results/formal_experiment/dissertation_formal_v4/runs/seed3_v8/FE04_RAW_LLM_v8_seed3_v4_real/step_records.csv","dissertation_formal_v4","8","3","RawLLM","61","61","formal_low_v8_seed3_3_6","N_S","FREE"
"results/formal_experiment/dissertation_formal_v4/runs/seed3_v8/FE04_RAW_LLM_v8_seed3_v4_real/step_records.csv","dissertation_formal_v4","8","3","RawLLM","61","61","formal_low_v8_seed3_3_7","W_E","FREE"
"results/formal_experiment/dissertation_formal_v4/runs/seed3_v8/FE04_RAW_LLM_v8_seed3_v4_real/step_records.csv","dissertation_formal_v4","8","3","RawLLM","62","62","formal_low_v8_seed3_3_4","E_W","PROCEED"
"results/formal_experiment/dissertation_formal_v4/runs/seed3_v8/FE04_RAW_LLM_v8_seed3_v4_real/step_records.csv","dissertation_formal_v4","8","3","RawLLM","62","62","formal_low_v8_seed3_3_5","N_S","FREE"
"results/formal_experiment/dissertation_formal_v4/runs/seed3_v8/FE04_RAW_LLM_v8_seed3_v4_real/step_records.csv","dissertation_formal_v4","8","3","RawLLM","62","62","formal_low_v8_seed3_3_6","N_S","FREE"
"results/formal_experiment/dissertation_formal_v4/runs/seed3_v8/FE04_RAW_LLM_v8_seed3_v4_real/step_records.csv","dissertation_formal_v4","8","3","RawLLM","62","62","formal_low_v8_seed3_3_7","W_E","PROCEED"
"results/formal_experiment/dissertation_formal_v4/runs/seed3_v8/FE04_RAW_LLM_v8_seed3_v4_real/step_records.csv","dissertation_formal_v4","8","3","RawLLM","63","63","formal_low_v8_seed3_3_4","E_W","PROCEED"
"results/formal_experiment/dissertation_formal_v4/runs/seed3_v8/FE04_RAW_LLM_v8_seed3_v4_real/step_records.csv","dissertation_formal_v4","8","3","RawLLM","63","63","formal_low_v8_seed3_3_5","N_S","FREE"
"results/formal_experiment/dissertation_formal_v4/runs/seed3_v8/FE04_RAW_LLM_v8_seed3_v4_real/step_records.csv","dissertation_formal_v4","8","3","RawLLM","63","63","formal_low_v8_seed3_3_6","N_S","FREE"
"results/formal_experiment/dissertation_formal_v4/runs/seed3_v8/FE04_RAW_LLM_v8_seed3_v4_real/step_records.csv","dissertation_formal_v4","8","3","RawLLM","63","63","formal_low_v8_seed3_3_7","W_E","PROCEED"
"results/formal_experiment/dissertation_formal_v4/runs/seed3_v8/FE04_RAW_LLM_v8_seed3_v4_real/step_records.csv","dissertation_formal_v4","8","3","RawLLM","64","64","formal_low_v8_seed3_3_4","E_W","PROCEED"
"results/formal_experiment/dissertation_formal_v4/runs/seed3_v8/FE04_RAW_LLM_v8_seed3_v4_real/step_records.csv","dissertation_formal_v4","8","3","RawLLM","64","64","formal_low_v8_seed3_3_5","N_S","FREE"
"results/formal_experiment/dissertation_formal_v4/runs/seed3_v8/FE04_RAW_LLM_v8_seed3_v4_real/step_records.csv","dissertation_formal_v4","8","3","RawLLM","64","64","formal_low_v8_seed3_3_6","N_S","FREE"
"results/formal_experiment/dissertation_formal_v4/runs/seed3_v8/FE04_RAW_LLM_v8_seed3_v4_real/step_records.csv","dissertation_formal_v4","8","3","RawLLM","64","64","formal_low_v8_seed3_3_7","W_E","PROCEED"
"results/formal_experiment/dissertation_formal_v4/runs/seed3_v8/FE04_RAW_LLM_v8_seed3_v4_real/step_records.csv","dissertation_formal_v4","8","3","RawLLM","65","65","formal_low_v8_seed3_3_4","E_W","PROCEED"
"results/formal_experiment/dissertation_formal_v4/runs/seed3_v8/FE04_RAW_LLM_v8_seed3_v4_real/step_records.csv","dissertation_formal_v4","8","3","RawLLM","65","65","formal_low_v8_seed3_3_6","N_S","FREE"
"results/formal_experiment/dissertation_formal_v4/runs/seed3_v8/FE04_RAW_LLM_v8_seed3_v4_real/step_records.csv","dissertation_formal_v4","8","3","RawLLM","65","65","formal_low_v8_seed3_3_7","W_E","PROCEED"
"results/formal_experiment/dissertation_formal_v4/runs/seed3_v8/FE04_RAW_LLM_v8_seed3_v4_real/step_records.csv","dissertation_formal_v4","8","3","RawLLM","66","66","formal_low_v8_seed3_3_4","E_W","PROCEED"
"results/formal_experiment/dissertation_formal_v4/runs/seed3_v8/FE04_RAW_LLM_v8_seed3_v4_real/step_records.csv","dissertation_formal_v4","8","3","RawLLM","66","66","formal_low_v8_seed3_3_7","W_E","PROCEED"
"results/formal_experiment/dissertation_formal_v4/runs/seed3_v8/FE04_RAW_LLM_v8_seed3_v4_real/step_records.csv","dissertation_formal_v4","8","3","RawLLM","67","67","formal_low_v8_seed3_3_4","E_W","PROCEED"
"results/formal_experiment/dissertation_formal_v4/runs/seed3_v8/FE04_RAW_LLM_v8_seed3_v4_real/step_records.csv","dissertation_formal_v4","8","3","RawLLM","67","67","formal_low_v8_seed3_3_7","W_E","PROCEED"
"results/formal_experiment/dissertation_formal_v4/runs/seed3_v8/FE04_RAW_LLM_v8_seed3_v4_real/step_records.csv","dissertation_formal_v4","8","3","RawLLM","68","68","formal_low_v8_seed3_3_4","E_W","PROCEED"
"results/formal_experiment/dissertation_formal_v4/runs/seed3_v8/FE04_RAW_LLM_v8_seed3_v4_real/step_records.csv","dissertation_formal_v4","8","3","RawLLM","68","68","formal_low_v8_seed3_3_7","W_E","PROCEED"
"results/formal_experiment/dissertation_formal_v4/runs/seed3_v8/FE04_RAW_LLM_v8_seed3_v4_real/step_records.csv","dissertation_formal_v4","8","3","RawLLM","69","69","formal_low_v8_seed3_3_4","E_W","PROCEED"
"results/formal_experiment/dissertation_formal_v4/runs/seed3_v8/FE04_RAW_LLM_v8_seed3_v4_real/step_records.csv","dissertation_formal_v4","8","3","RawLLM","69","69","formal_low_v8_seed3_3_7","W_E","PROCEED"
"results/formal_experiment/dissertation_formal_v4/runs/seed3_v8/FE04_RAW_LLM_v8_seed3_v4_real/step_records.csv","dissertation_formal_v4","8","3","RawLLM","70","70","formal_low_v8_seed3_3_4","E_W","PROCEED"
"results/formal_experiment/dissertation_formal_v4/runs/seed3_v8/FE04_RAW_LLM_v8_seed3_v4_real/step_records.csv","dissertation_formal_v4","8","3","RawLLM","70","70","formal_low_v8_seed3_3_7","W_E","PROCEED"
"results/formal_experiment/dissertation_formal_v4/runs/seed3_v8/FE04_RAW_LLM_v8_seed3_v4_real/step_records.csv","dissertation_formal_v4","8","3","RawLLM","71","71","formal_low_v8_seed3_3_4","E_W","PROCEED"
"results/formal_experiment/dissertation_formal_v4/runs/seed3_v8/FE04_RAW_LLM_v8_seed3_v4_real/step_records.csv","dissertation_formal_v4","8","3","RawLLM","71","71","formal_low_v8_seed3_3_7","W_E","PROCEED"
"results/formal_experiment/dissertation_formal_v4/runs/seed3_v8/FE04_RAW_LLM_v8_seed3_v4_real/step_records.csv","dissertation_formal_v4","8","3","RawLLM","72","72","formal_low_v8_seed3_3_4","E_W","PROCEED"
"results/formal_experiment/dissertation_formal_v4/runs/seed3_v8/FE04_RAW_LLM_v8_seed3_v4_real/step_records.csv","dissertation_formal_v4","8","3","RawLLM","72","72","formal_low_v8_seed3_3_7","W_E","PROCEED"
"results/formal_experiment/dissertation_formal_v4/runs/seed3_v8/FE04_RAW_LLM_v8_seed3_v4_real/step_records.csv","dissertation_formal_v4","8","3","RawLLM","73","73","formal_low_v8_seed3_3_4","E_W","PROCEED"
"results/formal_experiment/dissertation_formal_v4/runs/seed3_v8/FE04_RAW_LLM_v8_seed3_v4_real/step_records.csv","dissertation_formal_v4","8","3","RawLLM","73","73","formal_low_v8_seed3_3_7","W_E","PROCEED"
"results/formal_experiment/dissertation_formal_v4/runs/seed3_v8/FE04_RAW_LLM_v8_seed3_v4_real/step_records.csv","dissertation_formal_v4","8","3","RawLLM","74","74","formal_low_v8_seed3_3_4","E_W","PROCEED"
"results/formal_experiment/dissertation_formal_v4/runs/seed3_v8/FE04_RAW_LLM_v8_seed3_v4_real/step_records.csv","dissertation_formal_v4","8","3","RawLLM","74","74","formal_low_v8_seed3_3_7","W_E","PROCEED"
"results/formal_experiment/dissertation_formal_v4/runs/seed3_v8/FE04_RAW_LLM_v8_seed3_v4_real/step_records.csv","dissertation_formal_v4","8","3","RawLLM","75","75","formal_low_v8_seed3_3_4","E_W","PROCEED"
"results/formal_experiment/dissertation_formal_v4/runs/seed3_v8/FE04_RAW_LLM_v8_seed3_v4_real/step_records.csv","dissertation_formal_v4","8","3","RawLLM","75","75","formal_low_v8_seed3_3_7","W_E","PROCEED"
"results/formal_experiment/dissertation_formal_v4/runs/seed3_v8/FE04_RAW_LLM_v8_seed3_v4_real/step_records.csv","dissertation_formal_v4","8","3","RawLLM","76","76","formal_low_v8_seed3_3_4","E_W","PROCEED"
"results/formal_experiment/dissertation_formal_v4/runs/seed3_v8/FE04_RAW_LLM_v8_seed3_v4_real/step_records.csv","dissertation_formal_v4","8","3","RawLLM","76","76","formal_low_v8_seed3_3_7","W_E","PROCEED"
"results/formal_experiment/dissertation_formal_v4/runs/seed3_v8/FE04_RAW_LLM_v8_seed3_v4_real/step_records.csv","dissertation_formal_v4","8","3","RawLLM","77","77","formal_low_v8_seed3_3_4","E_W","PROCEED"
"results/formal_experiment/dissertation_formal_v4/runs/seed3_v8/FE04_RAW_LLM_v8_seed3_v4_real/step_records.csv","dissertation_formal_v4","8","3","RawLLM","77","77","formal_low_v8_seed3_3_7","W_E","PROCEED"
"results/formal_experiment/dissertation_formal_v4/runs/seed3_v8/FE04_RAW_LLM_v8_seed3_v4_real/step_records.csv","dissertation_formal_v4","8","3","RawLLM","78","78","formal_low_v8_seed3_3_4","E_W","PROCEED"
"results/formal_experiment/dissertation_formal_v4/runs/seed3_v8/FE04_RAW_LLM_v8_seed3_v4_real/step_records.csv","dissertation_formal_v4","8","3","RawLLM","78","78","formal_low_v8_seed3_3_7","W_E","PROCEED"
"results/formal_experiment/dissertation_formal_v4/runs/seed3_v8/FE04_RAW_LLM_v8_seed3_v4_real/step_records.csv","dissertation_formal_v4","8","3","RawLLM","79","79","formal_low_v8_seed3_3_4","E_W","PROCEED"
"results/formal_experiment/dissertation_formal_v4/runs/seed3_v8/FE04_RAW_LLM_v8_seed3_v4_real/step_records.csv","dissertation_formal_v4","8","3","RawLLM","79","79","formal_low_v8_seed3_3_7","W_E","PROCEED"
"results/formal_experiment/dissertation_formal_v4/runs/seed3_v8/FE04_RAW_LLM_v8_seed3_v4_real/step_records.csv","dissertation_formal_v4","8","3","RawLLM","80","80","formal_low_v8_seed3_3_4","E_W","PROCEED"
"results/formal_experiment/dissertation_formal_v4/runs/seed3_v8/FE04_RAW_LLM_v8_seed3_v4_real/step_records.csv","dissertation_formal_v4","8","3","RawLLM","80","80","formal_low_v8_seed3_3_7","W_E","PROCEED"
"results/formal_experiment/dissertation_formal_v4/runs/seed3_v8/FE04_RAW_LLM_v8_seed3_v4_real/step_records.csv","dissertation_formal_v4","8","3","RawLLM","81","81","formal_low_v8_seed3_3_4","E_W","PROCEED"
"results/formal_experiment/dissertation_formal_v4/runs/seed3_v8/FE04_RAW_LLM_v8_seed3_v4_real/step_records.csv","dissertation_formal_v4","8","3","RawLLM","81","81","formal_low_v8_seed3_3_7","W_E","PROCEED"
"results/formal_experiment/dissertation_formal_v4/runs/seed3_v8/FE04_RAW_LLM_v8_seed3_v4_real/step_records.csv","dissertation_formal_v4","8","3","RawLLM","82","82","formal_low_v8_seed3_3_4","E_W","PROCEED"
"results/formal_experiment/dissertation_formal_v4/runs/seed3_v8/FE04_RAW_LLM_v8_seed3_v4_real/step_records.csv","dissertation_formal_v4","8","3","RawLLM","82","82","formal_low_v8_seed3_3_7","W_E","PROCEED"
"results/formal_experiment/dissertation_formal_v4/runs/seed3_v8/FE04_RAW_LLM_v8_seed3_v4_real/step_records.csv","dissertation_formal_v4","8","3","RawLLM","83","83","formal_low_v8_seed3_3_4","E_W","PROCEED"
"results/formal_experiment/dissertation_formal_v4/runs/seed3_v8/FE04_RAW_LLM_v8_seed3_v4_real/step_records.csv","dissertation_formal_v4","8","3","RawLLM","83","83","formal_low_v8_seed3_3_7","W_E","PROCEED"
"results/formal_experiment/dissertation_formal_v4/runs/seed3_v8/FE04_RAW_LLM_v8_seed3_v4_real/step_records.csv","dissertation_formal_v4","8","3","RawLLM","84","84","formal_low_v8_seed3_3_4","E_W","PROCEED"
"results/formal_experiment/dissertation_formal_v4/runs/seed3_v8/FE04_RAW_LLM_v8_seed3_v4_real/step_records.csv","dissertation_formal_v4","8","3","RawLLM","84","84","formal_low_v8_seed3_3_7","W_E","PROCEED"
"results/formal_experiment/dissertation_formal_v4/runs/seed3_v8/FE04_RAW_LLM_v8_seed3_v4_real/step_records.csv","dissertation_formal_v4","8","3","RawLLM","85","85","formal_low_v8_seed3_3_4","E_W","PROCEED"
"results/formal_experiment/dissertation_formal_v4/runs/seed3_v8/FE04_RAW_LLM_v8_seed3_v4_real/step_records.csv","dissertation_formal_v4","8","3","RawLLM","85","85","formal_low_v8_seed3_3_7","W_E","PROCEED"
"results/formal_experiment/dissertation_formal_v4/runs/seed3_v8/FE04_RAW_LLM_v8_seed3_v4_real/step_records.csv","dissertation_formal_v4","8","3","RawLLM","86","86","formal_low_v8_seed3_3_4","E_W","PROCEED"
"results/formal_experiment/dissertation_formal_v4/runs/seed3_v8/FE04_RAW_LLM_v8_seed3_v4_real/step_records.csv","dissertation_formal_v4","8","3","RawLLM","86","86","formal_low_v8_seed3_3_7","W_E","PROCEED"
"results/formal_experiment/dissertation_formal_v4/runs/seed3_v8/FE04_RAW_LLM_v8_seed3_v4_real/step_records.csv","dissertation_formal_v4","8","3","RawLLM","87","87","formal_low_v8_seed3_3_4","E_W","PROCEED"
"results/formal_experiment/dissertation_formal_v4/runs/seed3_v8/FE04_RAW_LLM_v8_seed3_v4_real/step_records.csv","dissertation_formal_v4","8","3","RawLLM","87","87","formal_low_v8_seed3_3_7","W_E","PROCEED"
"results/formal_experiment/dissertation_formal_v4/runs/seed3_v8/FE04_RAW_LLM_v8_seed3_v4_real/step_records.csv","dissertation_formal_v4","8","3","RawLLM","88","88","formal_low_v8_seed3_3_4","E_W","PROCEED"
"results/formal_experiment/dissertation_formal_v4/runs/seed3_v8/FE04_RAW_LLM_v8_seed3_v4_real/step_records.csv","dissertation_formal_v4","8","3","RawLLM","88","88","formal_low_v8_seed3_3_7","W_E","PROCEED"
"results/formal_experiment/dissertation_formal_v4/runs/seed3_v8/FE04_RAW_LLM_v8_seed3_v4_real/step_records.csv","dissertation_formal_v4","8","3","RawLLM","89","89","formal_low_v8_seed3_3_4","E_W","PROCEED"
"results/formal_experiment/dissertation_formal_v4/runs/seed3_v8/FE04_RAW_LLM_v8_seed3_v4_real/step_records.csv","dissertation_formal_v4","8","3","RawLLM","89","89","formal_low_v8_seed3_3_7","W_E","PROCEED"
"results/formal_experiment/dissertation_formal_v4/runs/seed3_v8/FE04_RAW_LLM_v8_seed3_v4_real/step_records.csv","dissertation_formal_v4","8","3","RawLLM","90","90","formal_low_v8_seed3_3_4","E_W","PROCEED"
"results/formal_experiment/dissertation_formal_v4/runs/seed3_v8/FE04_RAW_LLM_v8_seed3_v4_real/step_records.csv","dissertation_formal_v4","8","3","RawLLM","90","90","formal_low_v8_seed3_3_7","W_E","PROCEED"
"results/formal_experiment/dissertation_formal_v4/runs/seed3_v8/FE04_RAW_LLM_v8_seed3_v4_real/step_records.csv","dissertation_formal_v4","8","3","RawLLM","91","91","formal_low_v8_seed3_3_4","E_W","PROCEED"
"results/formal_experiment/dissertation_formal_v4/runs/seed3_v8/FE04_RAW_LLM_v8_seed3_v4_real/step_records.csv","dissertation_formal_v4","8","3","RawLLM","91","91","formal_low_v8_seed3_3_7","W_E","PROCEED"
"results/formal_experiment/dissertation_formal_v4/runs/seed3_v8/FE04_RAW_LLM_v8_seed3_v4_real/step_records.csv","dissertation_formal_v4","8","3","RawLLM","92","92","formal_low_v8_seed3_3_4","E_W","PROCEED"
"results/formal_experiment/dissertation_formal_v4/runs/seed3_v8/FE04_RAW_LLM_v8_seed3_v4_real/step_records.csv","dissertation_formal_v4","8","3","RawLLM","92","92","formal_low_v8_seed3_3_7","W_E","PROCEED"
"results/formal_experiment/dissertation_formal_v4/runs/seed3_v8/FE04_RAW_LLM_v8_seed3_v4_real/step_records.csv","dissertation_formal_v4","8","3","RawLLM","93","93","formal_low_v8_seed3_3_4","E_W","PROCEED"
"results/formal_experiment/dissertation_formal_v4/runs/seed3_v8/FE04_RAW_LLM_v8_seed3_v4_real/step_records.csv","dissertation_formal_v4","8","3","RawLLM","93","93","formal_low_v8_seed3_3_7","W_E","PROCEED"
"results/formal_experiment/dissertation_formal_v4/runs/seed3_v8/FE04_RAW_LLM_v8_seed3_v4_real/step_records.csv","dissertation_formal_v4","8","3","RawLLM","94","94","formal_low_v8_seed3_3_4","E_W","PROCEED"
"results/formal_experiment/dissertation_formal_v4/runs/seed3_v8/FE04_RAW_LLM_v8_seed3_v4_real/step_records.csv","dissertation_formal_v4","8","3","RawLLM","94","94","formal_low_v8_seed3_3_7","W_E","PROCEED"
"results/formal_experiment/dissertation_formal_v4/runs/seed3_v8/FE04_RAW_LLM_v8_seed3_v4_real/step_records.csv","dissertation_formal_v4","8","3","RawLLM","95","95","formal_low_v8_seed3_3_4","E_W","PROCEED"
"results/formal_experiment/dissertation_formal_v4/runs/seed3_v8/FE04_RAW_LLM_v8_seed3_v4_real/step_records.csv","dissertation_formal_v4","8","3","RawLLM","95","95","formal_low_v8_seed3_3_7","W_E","PROCEED"
"results/formal_experiment/dissertation_formal_v4/runs/seed3_v8/FE04_RAW_LLM_v8_seed3_v4_real/step_records.csv","dissertation_formal_v4","8","3","RawLLM","96","96","formal_low_v8_seed3_3_4","E_W","PROCEED"
"results/formal_experiment/dissertation_formal_v4/runs/seed3_v8/FE04_RAW_LLM_v8_seed3_v4_real/step_records.csv","dissertation_formal_v4","8","3","RawLLM","96","96","formal_low_v8_seed3_3_7","W_E","PROCEED"
"results/formal_experiment/dissertation_formal_v4/runs/seed3_v8/FE04_RAW_LLM_v8_seed3_v4_real/step_records.csv","dissertation_formal_v4","8","3","RawLLM","97","97","formal_low_v8_seed3_3_4","E_W","FREE"
"results/formal_experiment/dissertation_formal_v4/runs/seed3_v8/FE04_RAW_LLM_v8_seed3_v4_real/step_records.csv","dissertation_formal_v4","8","3","RawLLM","97","97","formal_low_v8_seed3_3_7","W_E","FREE"
"results/formal_experiment/dissertation_formal_v4/runs/seed3_v8/FE04_RAW_LLM_v8_seed3_v4_real/step_records.csv","dissertation_formal_v4","8","3","RawLLM","98","98","formal_low_v8_seed3_3_4","E_W","FREE"
"results/formal_experiment/dissertation_formal_v4/runs/seed3_v8/FE04_RAW_LLM_v8_seed3_v4_real/step_records.csv","dissertation_formal_v4","8","3","RawLLM","98","98","formal_low_v8_seed3_3_7","W_E","FREE"
"results/formal_experiment/dissertation_formal_v4/runs/seed3_v8/FE04_RAW_LLM_v8_seed3_v4_real/step_records.csv","dissertation_formal_v4","8","3","RawLLM","99","99","formal_low_v8_seed3_3_4","E_W","FREE"
"results/formal_experiment/dissertation_formal_v4/runs/seed3_v8/FE04_RAW_LLM_v8_seed3_v4_real/step_records.csv","dissertation_formal_v4","8","3","RawLLM","99","99","formal_low_v8_seed3_3_7","W_E","FREE"
"results/formal_experiment/dissertation_formal_v4/runs/seed3_v8/FE04_RAW_LLM_v8_seed3_v4_real/step_records.csv","dissertation_formal_v4","8","3","RawLLM","100","100","formal_low_v8_seed3_3_4","E_W","FREE"
"results/formal_experiment/dissertation_formal_v4/runs/seed3_v8/FE04_RAW_LLM_v8_seed3_v4_real/step_records.csv","dissertation_formal_v4","8","3","RawLLM","100","100","formal_low_v8_seed3_3_7","W_E","FREE"
"results/formal_experiment/dissertation_formal_v4/runs/seed3_v8/FE04_RAW_LLM_v8_seed3_v4_real/step_records.csv","dissertation_formal_v4","8","3","RawLLM","101","101","formal_low_v8_seed3_3_4","E_W","FREE"
"results/formal_experiment/dissertation_formal_v4/runs/seed3_v8/FE04_RAW_LLM_v8_seed3_v4_real/step_records.csv","dissertation_formal_v4","8","3","RawLLM","101","101","formal_low_v8_seed3_3_7","W_E","FREE"
"results/formal_experiment/dissertation_formal_v4/runs/seed3_v8/FE04_RAW_LLM_v8_seed3_v4_real/step_records.csv","dissertation_formal_v4","8","3","RawLLM","102","102","formal_low_v8_seed3_3_4","E_W","FREE"
"results/formal_experiment/dissertation_formal_v4/runs/seed3_v8/FE04_RAW_LLM_v8_seed3_v4_real/step_records.csv","dissertation_formal_v4","8","3","RawLLM","102","102","formal_low_v8_seed3_3_7","W_E","FREE"
"results/formal_experiment/dissertation_formal_v4/runs/seed3_v8/FE04_RAW_LLM_v8_seed3_v4_real/step_records.csv","dissertation_formal_v4","8","3","RawLLM","103","103","formal_low_v8_seed3_3_4","E_W","FREE"
"results/formal_experiment/dissertation_formal_v4/runs/seed3_v8/FE04_RAW_LLM_v8_seed3_v4_real/step_records.csv","dissertation_formal_v4","8","3","RawLLM","103","103","formal_low_v8_seed3_3_7","W_E","FREE"
"results/formal_experiment/dissertation_formal_v4/runs/seed3_v8/FE04_RAW_LLM_v8_seed3_v4_real/step_records.csv","dissertation_formal_v4","8","3","RawLLM","104","104","formal_low_v8_seed3_3_7","W_E","FREE"
"results/formal_experiment/dissertation_formal_v4/runs/seed3_v8/FE04_RAW_LLM_v8_seed3_v4_real/step_records.csv","dissertation_formal_v4","8","3","RawLLM","105","105","formal_low_v8_seed3_3_7","W_E","FREE"
"results/formal_experiment/dissertation_formal_v4/runs/seed3_v8/FE05_HYBRID_v8_seed3_v4_real/step_records.csv","dissertation_formal_v4","8","3","HybridLLM","0","0","formal_low_v8_seed3_3_0","N_S","FREE"
"results/formal_experiment/dissertation_formal_v4/runs/seed3_v8/FE05_HYBRID_v8_seed3_v4_real/step_records.csv","dissertation_formal_v4","8","3","HybridLLM","1","1","formal_low_v8_seed3_3_0","N_S","FREE"
"results/formal_experiment/dissertation_formal_v4/runs/seed3_v8/FE05_HYBRID_v8_seed3_v4_real/step_records.csv","dissertation_formal_v4","8","3","HybridLLM","2","2","formal_low_v8_seed3_3_0","N_S","FREE"
"results/formal_experiment/dissertation_formal_v4/runs/seed3_v8/FE05_HYBRID_v8_seed3_v4_real/step_records.csv","dissertation_formal_v4","8","3","HybridLLM","3","3","formal_low_v8_seed3_3_0","N_S","FREE"
"results/formal_experiment/dissertation_formal_v4/runs/seed3_v8/FE05_HYBRID_v8_seed3_v4_real/step_records.csv","dissertation_formal_v4","8","3","HybridLLM","4","4","formal_low_v8_seed3_3_0","N_S","FREE"
"results/formal_experiment/dissertation_formal_v4/runs/seed3_v8/FE05_HYBRID_v8_seed3_v4_real/step_records.csv","dissertation_formal_v4","8","3","HybridLLM","5","5","formal_low_v8_seed3_3_0","N_S","PROCEED"
"results/formal_experiment/dissertation_formal_v4/runs/seed3_v8/FE05_HYBRID_v8_seed3_v4_real/step_records.csv","dissertation_formal_v4","8","3","HybridLLM","6","6","formal_low_v8_seed3_3_0","N_S","PROCEED"
"results/formal_experiment/dissertation_formal_v4/runs/seed3_v8/FE05_HYBRID_v8_seed3_v4_real/step_records.csv","dissertation_formal_v4","8","3","HybridLLM","7","7","formal_low_v8_seed3_3_0","N_S","PROCEED"
"results/formal_experiment/dissertation_formal_v4/runs/seed3_v8/FE05_HYBRID_v8_seed3_v4_real/step_records.csv","dissertation_formal_v4","8","3","HybridLLM","7","7","formal_low_v8_seed3_3_1","E_W","FREE"
"results/formal_experiment/dissertation_formal_v4/runs/seed3_v8/FE05_HYBRID_v8_seed3_v4_real/step_records.csv","dissertation_formal_v4","8","3","HybridLLM","8","8","formal_low_v8_seed3_3_0","N_S","PROCEED"
"results/formal_experiment/dissertation_formal_v4/runs/seed3_v8/FE05_HYBRID_v8_seed3_v4_real/step_records.csv","dissertation_formal_v4","8","3","HybridLLM","8","8","formal_low_v8_seed3_3_1","E_W","FREE"
"results/formal_experiment/dissertation_formal_v4/runs/seed3_v8/FE05_HYBRID_v8_seed3_v4_real/step_records.csv","dissertation_formal_v4","8","3","HybridLLM","9","9","formal_low_v8_seed3_3_0","N_S","PROCEED"
"results/formal_experiment/dissertation_formal_v4/runs/seed3_v8/FE05_HYBRID_v8_seed3_v4_real/step_records.csv","dissertation_formal_v4","8","3","HybridLLM","9","9","formal_low_v8_seed3_3_1","E_W","FREE"
"results/formal_experiment/dissertation_formal_v4/runs/seed3_v8/FE05_HYBRID_v8_seed3_v4_real/step_records.csv","dissertation_formal_v4","8","3","HybridLLM","10","10","formal_low_v8_seed3_3_0","N_S","PROCEED"
"results/formal_experiment/dissertation_formal_v4/runs/seed3_v8/FE05_HYBRID_v8_seed3_v4_real/step_records.csv","dissertation_formal_v4","8","3","HybridLLM","10","10","formal_low_v8_seed3_3_1","E_W","FREE"
"results/formal_experiment/dissertation_formal_v4/runs/seed3_v8/FE05_HYBRID_v8_seed3_v4_real/step_records.csv","dissertation_formal_v4","8","3","HybridLLM","11","11","formal_low_v8_seed3_3_0","N_S","PROCEED"
"results/formal_experiment/dissertation_formal_v4/runs/seed3_v8/FE05_HYBRID_v8_seed3_v4_real/step_records.csv","dissertation_formal_v4","8","3","HybridLLM","11","11","formal_low_v8_seed3_3_1","E_W","FREE"
"results/formal_experiment/dissertation_formal_v4/runs/seed3_v8/FE05_HYBRID_v8_seed3_v4_real/step_records.csv","dissertation_formal_v4","8","3","HybridLLM","12","12","formal_low_v8_seed3_3_0","N_S","PROCEED"
"results/formal_experiment/dissertation_formal_v4/runs/seed3_v8/FE05_HYBRID_v8_seed3_v4_real/step_records.csv","dissertation_formal_v4","8","3","HybridLLM","12","12","formal_low_v8_seed3_3_1","E_W","FREE"
"results/formal_experiment/dissertation_formal_v4/runs/seed3_v8/FE05_HYBRID_v8_seed3_v4_real/step_records.csv","dissertation_formal_v4","8","3","HybridLLM","13","13","formal_low_v8_seed3_3_0","N_S","PROCEED"
"results/formal_experiment/dissertation_formal_v4/runs/seed3_v8/FE05_HYBRID_v8_seed3_v4_real/step_records.csv","dissertation_formal_v4","8","3","HybridLLM","13","13","formal_low_v8_seed3_3_1","E_W","FREE"
"results/formal_experiment/dissertation_formal_v4/runs/seed3_v8/FE05_HYBRID_v8_seed3_v4_real/step_records.csv","dissertation_formal_v4","8","3","HybridLLM","14","14","formal_low_v8_seed3_3_0","N_S","PROCEED"
"results/formal_experiment/dissertation_formal_v4/runs/seed3_v8/FE05_HYBRID_v8_seed3_v4_real/step_records.csv","dissertation_formal_v4","8","3","HybridLLM","14","14","formal_low_v8_seed3_3_1","E_W","FREE"
"results/formal_experiment/dissertation_formal_v4/runs/seed3_v8/FE05_HYBRID_v8_seed3_v4_real/step_records.csv","dissertation_formal_v4","8","3","HybridLLM","15","15","formal_low_v8_seed3_3_0","N_S","PROCEED"
"results/formal_experiment/dissertation_formal_v4/runs/seed3_v8/FE05_HYBRID_v8_seed3_v4_real/step_records.csv","dissertation_formal_v4","8","3","HybridLLM","15","15","formal_low_v8_seed3_3_1","E_W","FREE"
"results/formal_experiment/dissertation_formal_v4/runs/seed3_v8/FE05_HYBRID_v8_seed3_v4_real/step_records.csv","dissertation_formal_v4","8","3","HybridLLM","16","16","formal_low_v8_seed3_3_0","N_S","WAIT"
"results/formal_experiment/dissertation_formal_v4/runs/seed3_v8/FE05_HYBRID_v8_seed3_v4_real/step_records.csv","dissertation_formal_v4","8","3","HybridLLM","16","16","formal_low_v8_seed3_3_1","E_W","PROCEED"
"results/formal_experiment/dissertation_formal_v4/runs/seed3_v8/FE05_HYBRID_v8_seed3_v4_real/step_records.csv","dissertation_formal_v4","8","3","HybridLLM","17","17","formal_low_v8_seed3_3_0","N_S","WAIT"
"results/formal_experiment/dissertation_formal_v4/runs/seed3_v8/FE05_HYBRID_v8_seed3_v4_real/step_records.csv","dissertation_formal_v4","8","3","HybridLLM","17","17","formal_low_v8_seed3_3_1","E_W","PROCEED"
"results/formal_experiment/dissertation_formal_v4/runs/seed3_v8/FE05_HYBRID_v8_seed3_v4_real/step_records.csv","dissertation_formal_v4","8","3","HybridLLM","18","18","formal_low_v8_seed3_3_0","N_S","WAIT"
"results/formal_experiment/dissertation_formal_v4/runs/seed3_v8/FE05_HYBRID_v8_seed3_v4_real/step_records.csv","dissertation_formal_v4","8","3","HybridLLM","18","18","formal_low_v8_seed3_3_1","E_W","PROCEED"
"results/formal_experiment/dissertation_formal_v4/runs/seed3_v8/FE05_HYBRID_v8_seed3_v4_real/step_records.csv","dissertation_formal_v4","8","3","HybridLLM","19","19","formal_low_v8_seed3_3_0","N_S","WAIT"
"results/formal_experiment/dissertation_formal_v4/runs/seed3_v8/FE05_HYBRID_v8_seed3_v4_real/step_records.csv","dissertation_formal_v4","8","3","HybridLLM","19","19","formal_low_v8_seed3_3_1","E_W","PROCEED"
"results/formal_experiment/dissertation_formal_v4/runs/seed3_v8/FE05_HYBRID_v8_seed3_v4_real/step_records.csv","dissertation_formal_v4","8","3","HybridLLM","19","19","formal_low_v8_seed3_3_2","S_N","FREE"
"results/formal_experiment/dissertation_formal_v4/runs/seed3_v8/FE05_HYBRID_v8_seed3_v4_real/step_records.csv","dissertation_formal_v4","8","3","HybridLLM","20","20","formal_low_v8_seed3_3_0","N_S","WAIT"
"results/formal_experiment/dissertation_formal_v4/runs/seed3_v8/FE05_HYBRID_v8_seed3_v4_real/step_records.csv","dissertation_formal_v4","8","3","HybridLLM","20","20","formal_low_v8_seed3_3_1","E_W","PROCEED"
"results/formal_experiment/dissertation_formal_v4/runs/seed3_v8/FE05_HYBRID_v8_seed3_v4_real/step_records.csv","dissertation_formal_v4","8","3","HybridLLM","20","20","formal_low_v8_seed3_3_2","S_N","FREE"
"results/formal_experiment/dissertation_formal_v4/runs/seed3_v8/FE05_HYBRID_v8_seed3_v4_real/step_records.csv","dissertation_formal_v4","8","3","HybridLLM","21","21","formal_low_v8_seed3_3_0","N_S","WAIT"
"results/formal_experiment/dissertation_formal_v4/runs/seed3_v8/FE05_HYBRID_v8_seed3_v4_real/step_records.csv","dissertation_formal_v4","8","3","HybridLLM","21","21","formal_low_v8_seed3_3_1","E_W","PROCEED"
"results/formal_experiment/dissertation_formal_v4/runs/seed3_v8/FE05_HYBRID_v8_seed3_v4_real/step_records.csv","dissertation_formal_v4","8","3","HybridLLM","21","21","formal_low_v8_seed3_3_2","S_N","FREE"
"results/formal_experiment/dissertation_formal_v4/runs/seed3_v8/FE05_HYBRID_v8_seed3_v4_real/step_records.csv","dissertation_formal_v4","8","3","HybridLLM","22","22","formal_low_v8_seed3_3_0","N_S","WAIT"
"results/formal_experiment/dissertation_formal_v4/runs/seed3_v8/FE05_HYBRID_v8_seed3_v4_real/step_records.csv","dissertation_formal_v4","8","3","HybridLLM","22","22","formal_low_v8_seed3_3_1","E_W","PROCEED"
"results/formal_experiment/dissertation_formal_v4/runs/seed3_v8/FE05_HYBRID_v8_seed3_v4_real/step_records.csv","dissertation_formal_v4","8","3","HybridLLM","22","22","formal_low_v8_seed3_3_2","S_N","FREE"
"results/formal_experiment/dissertation_formal_v4/runs/seed3_v8/FE05_HYBRID_v8_seed3_v4_real/step_records.csv","dissertation_formal_v4","8","3","HybridLLM","23","23","formal_low_v8_seed3_3_0","N_S","PROCEED"
"results/formal_experiment/dissertation_formal_v4/runs/seed3_v8/FE05_HYBRID_v8_seed3_v4_real/step_records.csv","dissertation_formal_v4","8","3","HybridLLM","23","23","formal_low_v8_seed3_3_1","E_W","FREE"
"results/formal_experiment/dissertation_formal_v4/runs/seed3_v8/FE05_HYBRID_v8_seed3_v4_real/step_records.csv","dissertation_formal_v4","8","3","HybridLLM","23","23","formal_low_v8_seed3_3_2","S_N","FREE"
"results/formal_experiment/dissertation_formal_v4/runs/seed3_v8/FE05_HYBRID_v8_seed3_v4_real/step_records.csv","dissertation_formal_v4","8","3","HybridLLM","24","24","formal_low_v8_seed3_3_0","N_S","PROCEED"
"results/formal_experiment/dissertation_formal_v4/runs/seed3_v8/FE05_HYBRID_v8_seed3_v4_real/step_records.csv","dissertation_formal_v4","8","3","HybridLLM","24","24","formal_low_v8_seed3_3_1","E_W","FREE"
"results/formal_experiment/dissertation_formal_v4/runs/seed3_v8/FE05_HYBRID_v8_seed3_v4_real/step_records.csv","dissertation_formal_v4","8","3","HybridLLM","24","24","formal_low_v8_seed3_3_2","S_N","PROCEED"
"results/formal_experiment/dissertation_formal_v4/runs/seed3_v8/FE05_HYBRID_v8_seed3_v4_real/step_records.csv","dissertation_formal_v4","8","3","HybridLLM","25","25","formal_low_v8_seed3_3_0","N_S","PROCEED"
"results/formal_experiment/dissertation_formal_v4/runs/seed3_v8/FE05_HYBRID_v8_seed3_v4_real/step_records.csv","dissertation_formal_v4","8","3","HybridLLM","25","25","formal_low_v8_seed3_3_1","E_W","FREE"
"results/formal_experiment/dissertation_formal_v4/runs/seed3_v8/FE05_HYBRID_v8_seed3_v4_real/step_records.csv","dissertation_formal_v4","8","3","HybridLLM","25","25","formal_low_v8_seed3_3_2","S_N","PROCEED"
"results/formal_experiment/dissertation_formal_v4/runs/seed3_v8/FE05_HYBRID_v8_seed3_v4_real/step_records.csv","dissertation_formal_v4","8","3","HybridLLM","25","25","formal_low_v8_seed3_3_3","E_W","FREE"
"results/formal_experiment/dissertation_formal_v4/runs/seed3_v8/FE05_HYBRID_v8_seed3_v4_real/step_records.csv","dissertation_formal_v4","8","3","HybridLLM","26","26","formal_low_v8_seed3_3_0","N_S","PROCEED"
"results/formal_experiment/dissertation_formal_v4/runs/seed3_v8/FE05_HYBRID_v8_seed3_v4_real/step_records.csv","dissertation_formal_v4","8","3","HybridLLM","26","26","formal_low_v8_seed3_3_1","E_W","FREE"
"results/formal_experiment/dissertation_formal_v4/runs/seed3_v8/FE05_HYBRID_v8_seed3_v4_real/step_records.csv","dissertation_formal_v4","8","3","HybridLLM","26","26","formal_low_v8_seed3_3_2","S_N","PROCEED"
"results/formal_experiment/dissertation_formal_v4/runs/seed3_v8/FE05_HYBRID_v8_seed3_v4_real/step_records.csv","dissertation_formal_v4","8","3","HybridLLM","26","26","formal_low_v8_seed3_3_3","E_W","FREE"
"results/formal_experiment/dissertation_formal_v4/runs/seed3_v8/FE05_HYBRID_v8_seed3_v4_real/step_records.csv","dissertation_formal_v4","8","3","HybridLLM","27","27","formal_low_v8_seed3_3_0","N_S","PROCEED"
"results/formal_experiment/dissertation_formal_v4/runs/seed3_v8/FE05_HYBRID_v8_seed3_v4_real/step_records.csv","dissertation_formal_v4","8","3","HybridLLM","27","27","formal_low_v8_seed3_3_1","E_W","FREE"
"results/formal_experiment/dissertation_formal_v4/runs/seed3_v8/FE05_HYBRID_v8_seed3_v4_real/step_records.csv","dissertation_formal_v4","8","3","HybridLLM","27","27","formal_low_v8_seed3_3_2","S_N","PROCEED"
"results/formal_experiment/dissertation_formal_v4/runs/seed3_v8/FE05_HYBRID_v8_seed3_v4_real/step_records.csv","dissertation_formal_v4","8","3","HybridLLM","27","27","formal_low_v8_seed3_3_3","E_W","FREE"
"results/formal_experiment/dissertation_formal_v4/runs/seed3_v8/FE05_HYBRID_v8_seed3_v4_real/step_records.csv","dissertation_formal_v4","8","3","HybridLLM","28","28","formal_low_v8_seed3_3_0","N_S","PROCEED"
"results/formal_experiment/dissertation_formal_v4/runs/seed3_v8/FE05_HYBRID_v8_seed3_v4_real/step_records.csv","dissertation_formal_v4","8","3","HybridLLM","28","28","formal_low_v8_seed3_3_1","E_W","FREE"
"results/formal_experiment/dissertation_formal_v4/runs/seed3_v8/FE05_HYBRID_v8_seed3_v4_real/step_records.csv","dissertation_formal_v4","8","3","HybridLLM","28","28","formal_low_v8_seed3_3_2","S_N","PROCEED"
"results/formal_experiment/dissertation_formal_v4/runs/seed3_v8/FE05_HYBRID_v8_seed3_v4_real/step_records.csv","dissertation_formal_v4","8","3","HybridLLM","28","28","formal_low_v8_seed3_3_3","E_W","FREE"
"results/formal_experiment/dissertation_formal_v4/runs/seed3_v8/FE05_HYBRID_v8_seed3_v4_real/step_records.csv","dissertation_formal_v4","8","3","HybridLLM","29","29","formal_low_v8_seed3_3_0","N_S","PROCEED"
"results/formal_experiment/dissertation_formal_v4/runs/seed3_v8/FE05_HYBRID_v8_seed3_v4_real/step_records.csv","dissertation_formal_v4","8","3","HybridLLM","29","29","formal_low_v8_seed3_3_1","E_W","FREE"
"results/formal_experiment/dissertation_formal_v4/runs/seed3_v8/FE05_HYBRID_v8_seed3_v4_real/step_records.csv","dissertation_formal_v4","8","3","HybridLLM","29","29","formal_low_v8_seed3_3_2","S_N","PROCEED"
"results/formal_experiment/dissertation_formal_v4/runs/seed3_v8/FE05_HYBRID_v8_seed3_v4_real/step_records.csv","dissertation_formal_v4","8","3","HybridLLM","29","29","formal_low_v8_seed3_3_3","E_W","FREE"
"results/formal_experiment/dissertation_formal_v4/runs/seed3_v8/FE05_HYBRID_v8_seed3_v4_real/step_records.csv","dissertation_formal_v4","8","3","HybridLLM","30","30","formal_low_v8_seed3_3_0","N_S","PROCEED"
"results/formal_experiment/dissertation_formal_v4/runs/seed3_v8/FE05_HYBRID_v8_seed3_v4_real/step_records.csv","dissertation_formal_v4","8","3","HybridLLM","30","30","formal_low_v8_seed3_3_2","S_N","PROCEED"
"results/formal_experiment/dissertation_formal_v4/runs/seed3_v8/FE05_HYBRID_v8_seed3_v4_real/step_records.csv","dissertation_formal_v4","8","3","HybridLLM","30","30","formal_low_v8_seed3_3_3","E_W","FREE"
"results/formal_experiment/dissertation_formal_v4/runs/seed3_v8/FE05_HYBRID_v8_seed3_v4_real/step_records.csv","dissertation_formal_v4","8","3","HybridLLM","31","31","formal_low_v8_seed3_3_0","N_S","PROCEED"
"results/formal_experiment/dissertation_formal_v4/runs/seed3_v8/FE05_HYBRID_v8_seed3_v4_real/step_records.csv","dissertation_formal_v4","8","3","HybridLLM","31","31","formal_low_v8_seed3_3_2","S_N","PROCEED"
"results/formal_experiment/dissertation_formal_v4/runs/seed3_v8/FE05_HYBRID_v8_seed3_v4_real/step_records.csv","dissertation_formal_v4","8","3","HybridLLM","31","31","formal_low_v8_seed3_3_3","E_W","FREE"
"results/formal_experiment/dissertation_formal_v4/runs/seed3_v8/FE05_HYBRID_v8_seed3_v4_real/step_records.csv","dissertation_formal_v4","8","3","HybridLLM","32","32","formal_low_v8_seed3_3_0","N_S","PROCEED"
"results/formal_experiment/dissertation_formal_v4/runs/seed3_v8/FE05_HYBRID_v8_seed3_v4_real/step_records.csv","dissertation_formal_v4","8","3","HybridLLM","32","32","formal_low_v8_seed3_3_2","S_N","PROCEED"
"results/formal_experiment/dissertation_formal_v4/runs/seed3_v8/FE05_HYBRID_v8_seed3_v4_real/step_records.csv","dissertation_formal_v4","8","3","HybridLLM","32","32","formal_low_v8_seed3_3_3","E_W","FREE"
"results/formal_experiment/dissertation_formal_v4/runs/seed3_v8/FE05_HYBRID_v8_seed3_v4_real/step_records.csv","dissertation_formal_v4","8","3","HybridLLM","33","33","formal_low_v8_seed3_3_0","N_S","WAIT"
"results/formal_experiment/dissertation_formal_v4/runs/seed3_v8/FE05_HYBRID_v8_seed3_v4_real/step_records.csv","dissertation_formal_v4","8","3","HybridLLM","33","33","formal_low_v8_seed3_3_2","S_N","WAIT"
"results/formal_experiment/dissertation_formal_v4/runs/seed3_v8/FE05_HYBRID_v8_seed3_v4_real/step_records.csv","dissertation_formal_v4","8","3","HybridLLM","33","33","formal_low_v8_seed3_3_3","E_W","PROCEED"
"results/formal_experiment/dissertation_formal_v4/runs/seed3_v8/FE05_HYBRID_v8_seed3_v4_real/step_records.csv","dissertation_formal_v4","8","3","HybridLLM","34","34","formal_low_v8_seed3_3_0","N_S","WAIT"
"results/formal_experiment/dissertation_formal_v4/runs/seed3_v8/FE05_HYBRID_v8_seed3_v4_real/step_records.csv","dissertation_formal_v4","8","3","HybridLLM","34","34","formal_low_v8_seed3_3_2","S_N","WAIT"
"results/formal_experiment/dissertation_formal_v4/runs/seed3_v8/FE05_HYBRID_v8_seed3_v4_real/step_records.csv","dissertation_formal_v4","8","3","HybridLLM","34","34","formal_low_v8_seed3_3_3","E_W","PROCEED"
"results/formal_experiment/dissertation_formal_v4/runs/seed3_v8/FE05_HYBRID_v8_seed3_v4_real/step_records.csv","dissertation_formal_v4","8","3","HybridLLM","34","34","formal_low_v8_seed3_3_4","E_W","FREE"
"results/formal_experiment/dissertation_formal_v4/runs/seed3_v8/FE05_HYBRID_v8_seed3_v4_real/step_records.csv","dissertation_formal_v4","8","3","HybridLLM","35","35","formal_low_v8_seed3_3_0","N_S","WAIT"
"results/formal_experiment/dissertation_formal_v4/runs/seed3_v8/FE05_HYBRID_v8_seed3_v4_real/step_records.csv","dissertation_formal_v4","8","3","HybridLLM","35","35","formal_low_v8_seed3_3_2","S_N","WAIT"
"results/formal_experiment/dissertation_formal_v4/runs/seed3_v8/FE05_HYBRID_v8_seed3_v4_real/step_records.csv","dissertation_formal_v4","8","3","HybridLLM","35","35","formal_low_v8_seed3_3_3","E_W","PROCEED"
"results/formal_experiment/dissertation_formal_v4/runs/seed3_v8/FE05_HYBRID_v8_seed3_v4_real/step_records.csv","dissertation_formal_v4","8","3","HybridLLM","35","35","formal_low_v8_seed3_3_4","E_W","FREE"
"results/formal_experiment/dissertation_formal_v4/runs/seed3_v8/FE05_HYBRID_v8_seed3_v4_real/step_records.csv","dissertation_formal_v4","8","3","HybridLLM","36","36","formal_low_v8_seed3_3_0","N_S","WAIT"
"results/formal_experiment/dissertation_formal_v4/runs/seed3_v8/FE05_HYBRID_v8_seed3_v4_real/step_records.csv","dissertation_formal_v4","8","3","HybridLLM","36","36","formal_low_v8_seed3_3_2","S_N","WAIT"
"results/formal_experiment/dissertation_formal_v4/runs/seed3_v8/FE05_HYBRID_v8_seed3_v4_real/step_records.csv","dissertation_formal_v4","8","3","HybridLLM","36","36","formal_low_v8_seed3_3_3","E_W","PROCEED"
"results/formal_experiment/dissertation_formal_v4/runs/seed3_v8/FE05_HYBRID_v8_seed3_v4_real/step_records.csv","dissertation_formal_v4","8","3","HybridLLM","36","36","formal_low_v8_seed3_3_4","E_W","FREE"
"results/formal_experiment/dissertation_formal_v4/runs/seed3_v8/FE05_HYBRID_v8_seed3_v4_real/step_records.csv","dissertation_formal_v4","8","3","HybridLLM","37","37","formal_low_v8_seed3_3_0","N_S","WAIT"
"results/formal_experiment/dissertation_formal_v4/runs/seed3_v8/FE05_HYBRID_v8_seed3_v4_real/step_records.csv","dissertation_formal_v4","8","3","HybridLLM","37","37","formal_low_v8_seed3_3_2","S_N","WAIT"
"results/formal_experiment/dissertation_formal_v4/runs/seed3_v8/FE05_HYBRID_v8_seed3_v4_real/step_records.csv","dissertation_formal_v4","8","3","HybridLLM","37","37","formal_low_v8_seed3_3_3","E_W","PROCEED"
"results/formal_experiment/dissertation_formal_v4/runs/seed3_v8/FE05_HYBRID_v8_seed3_v4_real/step_records.csv","dissertation_formal_v4","8","3","HybridLLM","37","37","formal_low_v8_seed3_3_4","E_W","FREE"
"results/formal_experiment/dissertation_formal_v4/runs/seed3_v8/FE05_HYBRID_v8_seed3_v4_real/step_records.csv","dissertation_formal_v4","8","3","HybridLLM","38","38","formal_low_v8_seed3_3_0","N_S","WAIT"
"results/formal_experiment/dissertation_formal_v4/runs/seed3_v8/FE05_HYBRID_v8_seed3_v4_real/step_records.csv","dissertation_formal_v4","8","3","HybridLLM","38","38","formal_low_v8_seed3_3_2","S_N","WAIT"
"results/formal_experiment/dissertation_formal_v4/runs/seed3_v8/FE05_HYBRID_v8_seed3_v4_real/step_records.csv","dissertation_formal_v4","8","3","HybridLLM","38","38","formal_low_v8_seed3_3_3","E_W","PROCEED"
"results/formal_experiment/dissertation_formal_v4/runs/seed3_v8/FE05_HYBRID_v8_seed3_v4_real/step_records.csv","dissertation_formal_v4","8","3","HybridLLM","38","38","formal_low_v8_seed3_3_4","E_W","FREE"
"results/formal_experiment/dissertation_formal_v4/runs/seed3_v8/FE05_HYBRID_v8_seed3_v4_real/step_records.csv","dissertation_formal_v4","8","3","HybridLLM","39","39","formal_low_v8_seed3_3_0","N_S","WAIT"
"results/formal_experiment/dissertation_formal_v4/runs/seed3_v8/FE05_HYBRID_v8_seed3_v4_real/step_records.csv","dissertation_formal_v4","8","3","HybridLLM","39","39","formal_low_v8_seed3_3_2","S_N","WAIT"
"results/formal_experiment/dissertation_formal_v4/runs/seed3_v8/FE05_HYBRID_v8_seed3_v4_real/step_records.csv","dissertation_formal_v4","8","3","HybridLLM","39","39","formal_low_v8_seed3_3_3","E_W","PROCEED"
"results/formal_experiment/dissertation_formal_v4/runs/seed3_v8/FE05_HYBRID_v8_seed3_v4_real/step_records.csv","dissertation_formal_v4","8","3","HybridLLM","39","39","formal_low_v8_seed3_3_4","E_W","FREE"
"results/formal_experiment/dissertation_formal_v4/runs/seed3_v8/FE05_HYBRID_v8_seed3_v4_real/step_records.csv","dissertation_formal_v4","8","3","HybridLLM","40","40","formal_low_v8_seed3_3_0","N_S","PROCEED"
"results/formal_experiment/dissertation_formal_v4/runs/seed3_v8/FE05_HYBRID_v8_seed3_v4_real/step_records.csv","dissertation_formal_v4","8","3","HybridLLM","40","40","formal_low_v8_seed3_3_2","S_N","PROCEED"
"results/formal_experiment/dissertation_formal_v4/runs/seed3_v8/FE05_HYBRID_v8_seed3_v4_real/step_records.csv","dissertation_formal_v4","8","3","HybridLLM","40","40","formal_low_v8_seed3_3_3","E_W","FREE"
"results/formal_experiment/dissertation_formal_v4/runs/seed3_v8/FE05_HYBRID_v8_seed3_v4_real/step_records.csv","dissertation_formal_v4","8","3","HybridLLM","40","40","formal_low_v8_seed3_3_4","E_W","FREE"
"results/formal_experiment/dissertation_formal_v4/runs/seed3_v8/FE05_HYBRID_v8_seed3_v4_real/step_records.csv","dissertation_formal_v4","8","3","HybridLLM","41","41","formal_low_v8_seed3_3_0","N_S","PROCEED"
"results/formal_experiment/dissertation_formal_v4/runs/seed3_v8/FE05_HYBRID_v8_seed3_v4_real/step_records.csv","dissertation_formal_v4","8","3","HybridLLM","41","41","formal_low_v8_seed3_3_2","S_N","PROCEED"
"results/formal_experiment/dissertation_formal_v4/runs/seed3_v8/FE05_HYBRID_v8_seed3_v4_real/step_records.csv","dissertation_formal_v4","8","3","HybridLLM","41","41","formal_low_v8_seed3_3_3","E_W","FREE"
"results/formal_experiment/dissertation_formal_v4/runs/seed3_v8/FE05_HYBRID_v8_seed3_v4_real/step_records.csv","dissertation_formal_v4","8","3","HybridLLM","41","41","formal_low_v8_seed3_3_4","E_W","FREE"
"results/formal_experiment/dissertation_formal_v4/runs/seed3_v8/FE05_HYBRID_v8_seed3_v4_real/step_records.csv","dissertation_formal_v4","8","3","HybridLLM","42","42","formal_low_v8_seed3_3_0","N_S","WAIT"
"results/formal_experiment/dissertation_formal_v4/runs/seed3_v8/FE05_HYBRID_v8_seed3_v4_real/step_records.csv","dissertation_formal_v4","8","3","HybridLLM","42","42","formal_low_v8_seed3_3_2","S_N","WAIT"
"results/formal_experiment/dissertation_formal_v4/runs/seed3_v8/FE05_HYBRID_v8_seed3_v4_real/step_records.csv","dissertation_formal_v4","8","3","HybridLLM","42","42","formal_low_v8_seed3_3_3","E_W","FREE"
"results/formal_experiment/dissertation_formal_v4/runs/seed3_v8/FE05_HYBRID_v8_seed3_v4_real/step_records.csv","dissertation_formal_v4","8","3","HybridLLM","42","42","formal_low_v8_seed3_3_4","E_W","PROCEED"
"results/formal_experiment/dissertation_formal_v4/runs/seed3_v8/FE05_HYBRID_v8_seed3_v4_real/step_records.csv","dissertation_formal_v4","8","3","HybridLLM","43","43","formal_low_v8_seed3_3_0","N_S","WAIT"
"results/formal_experiment/dissertation_formal_v4/runs/seed3_v8/FE05_HYBRID_v8_seed3_v4_real/step_records.csv","dissertation_formal_v4","8","3","HybridLLM","43","43","formal_low_v8_seed3_3_2","S_N","WAIT"
"results/formal_experiment/dissertation_formal_v4/runs/seed3_v8/FE05_HYBRID_v8_seed3_v4_real/step_records.csv","dissertation_formal_v4","8","3","HybridLLM","43","43","formal_low_v8_seed3_3_3","E_W","FREE"
"results/formal_experiment/dissertation_formal_v4/runs/seed3_v8/FE05_HYBRID_v8_seed3_v4_real/step_records.csv","dissertation_formal_v4","8","3","HybridLLM","43","43","formal_low_v8_seed3_3_4","E_W","PROCEED"
"results/formal_experiment/dissertation_formal_v4/runs/seed3_v8/FE05_HYBRID_v8_seed3_v4_real/step_records.csv","dissertation_formal_v4","8","3","HybridLLM","44","44","formal_low_v8_seed3_3_0","N_S","WAIT"
"results/formal_experiment/dissertation_formal_v4/runs/seed3_v8/FE05_HYBRID_v8_seed3_v4_real/step_records.csv","dissertation_formal_v4","8","3","HybridLLM","44","44","formal_low_v8_seed3_3_2","S_N","WAIT"
"results/formal_experiment/dissertation_formal_v4/runs/seed3_v8/FE05_HYBRID_v8_seed3_v4_real/step_records.csv","dissertation_formal_v4","8","3","HybridLLM","44","44","formal_low_v8_seed3_3_3","E_W","FREE"
"results/formal_experiment/dissertation_formal_v4/runs/seed3_v8/FE05_HYBRID_v8_seed3_v4_real/step_records.csv","dissertation_formal_v4","8","3","HybridLLM","44","44","formal_low_v8_seed3_3_4","E_W","PROCEED"
"results/formal_experiment/dissertation_formal_v4/runs/seed3_v8/FE05_HYBRID_v8_seed3_v4_real/step_records.csv","dissertation_formal_v4","8","3","HybridLLM","45","45","formal_low_v8_seed3_3_0","N_S","WAIT"
"results/formal_experiment/dissertation_formal_v4/runs/seed3_v8/FE05_HYBRID_v8_seed3_v4_real/step_records.csv","dissertation_formal_v4","8","3","HybridLLM","45","45","formal_low_v8_seed3_3_2","S_N","WAIT"
"results/formal_experiment/dissertation_formal_v4/runs/seed3_v8/FE05_HYBRID_v8_seed3_v4_real/step_records.csv","dissertation_formal_v4","8","3","HybridLLM","45","45","formal_low_v8_seed3_3_3","E_W","FREE"
"results/formal_experiment/dissertation_formal_v4/runs/seed3_v8/FE05_HYBRID_v8_seed3_v4_real/step_records.csv","dissertation_formal_v4","8","3","HybridLLM","45","45","formal_low_v8_seed3_3_4","E_W","PROCEED"
"results/formal_experiment/dissertation_formal_v4/runs/seed3_v8/FE05_HYBRID_v8_seed3_v4_real/step_records.csv","dissertation_formal_v4","8","3","HybridLLM","45","45","formal_low_v8_seed3_3_5","N_S","FREE"
"results/formal_experiment/dissertation_formal_v4/runs/seed3_v8/FE05_HYBRID_v8_seed3_v4_real/step_records.csv","dissertation_formal_v4","8","3","HybridLLM","46","46","formal_low_v8_seed3_3_0","N_S","WAIT"
"results/formal_experiment/dissertation_formal_v4/runs/seed3_v8/FE05_HYBRID_v8_seed3_v4_real/step_records.csv","dissertation_formal_v4","8","3","HybridLLM","46","46","formal_low_v8_seed3_3_2","S_N","WAIT"
"results/formal_experiment/dissertation_formal_v4/runs/seed3_v8/FE05_HYBRID_v8_seed3_v4_real/step_records.csv","dissertation_formal_v4","8","3","HybridLLM","46","46","formal_low_v8_seed3_3_3","E_W","FREE"
"results/formal_experiment/dissertation_formal_v4/runs/seed3_v8/FE05_HYBRID_v8_seed3_v4_real/step_records.csv","dissertation_formal_v4","8","3","HybridLLM","46","46","formal_low_v8_seed3_3_4","E_W","PROCEED"
"results/formal_experiment/dissertation_formal_v4/runs/seed3_v8/FE05_HYBRID_v8_seed3_v4_real/step_records.csv","dissertation_formal_v4","8","3","HybridLLM","46","46","formal_low_v8_seed3_3_5","N_S","FREE"
"results/formal_experiment/dissertation_formal_v4/runs/seed3_v8/FE05_HYBRID_v8_seed3_v4_real/step_records.csv","dissertation_formal_v4","8","3","HybridLLM","47","47","formal_low_v8_seed3_3_0","N_S","PROCEED"
"results/formal_experiment/dissertation_formal_v4/runs/seed3_v8/FE05_HYBRID_v8_seed3_v4_real/step_records.csv","dissertation_formal_v4","8","3","HybridLLM","47","47","formal_low_v8_seed3_3_2","S_N","PROCEED"
"results/formal_experiment/dissertation_formal_v4/runs/seed3_v8/FE05_HYBRID_v8_seed3_v4_real/step_records.csv","dissertation_formal_v4","8","3","HybridLLM","47","47","formal_low_v8_seed3_3_4","E_W","WAIT"
"results/formal_experiment/dissertation_formal_v4/runs/seed3_v8/FE05_HYBRID_v8_seed3_v4_real/step_records.csv","dissertation_formal_v4","8","3","HybridLLM","47","47","formal_low_v8_seed3_3_5","N_S","FREE"
"results/formal_experiment/dissertation_formal_v4/runs/seed3_v8/FE05_HYBRID_v8_seed3_v4_real/step_records.csv","dissertation_formal_v4","8","3","HybridLLM","48","48","formal_low_v8_seed3_3_0","N_S","PROCEED"
"results/formal_experiment/dissertation_formal_v4/runs/seed3_v8/FE05_HYBRID_v8_seed3_v4_real/step_records.csv","dissertation_formal_v4","8","3","HybridLLM","48","48","formal_low_v8_seed3_3_2","S_N","PROCEED"
"results/formal_experiment/dissertation_formal_v4/runs/seed3_v8/FE05_HYBRID_v8_seed3_v4_real/step_records.csv","dissertation_formal_v4","8","3","HybridLLM","48","48","formal_low_v8_seed3_3_4","E_W","WAIT"
"results/formal_experiment/dissertation_formal_v4/runs/seed3_v8/FE05_HYBRID_v8_seed3_v4_real/step_records.csv","dissertation_formal_v4","8","3","HybridLLM","48","48","formal_low_v8_seed3_3_5","N_S","FREE"
"results/formal_experiment/dissertation_formal_v4/runs/seed3_v8/FE05_HYBRID_v8_seed3_v4_real/step_records.csv","dissertation_formal_v4","8","3","HybridLLM","49","49","formal_low_v8_seed3_3_0","N_S","PROCEED"
"results/formal_experiment/dissertation_formal_v4/runs/seed3_v8/FE05_HYBRID_v8_seed3_v4_real/step_records.csv","dissertation_formal_v4","8","3","HybridLLM","49","49","formal_low_v8_seed3_3_2","S_N","PROCEED"
"results/formal_experiment/dissertation_formal_v4/runs/seed3_v8/FE05_HYBRID_v8_seed3_v4_real/step_records.csv","dissertation_formal_v4","8","3","HybridLLM","49","49","formal_low_v8_seed3_3_4","E_W","WAIT"
"results/formal_experiment/dissertation_formal_v4/runs/seed3_v8/FE05_HYBRID_v8_seed3_v4_real/step_records.csv","dissertation_formal_v4","8","3","HybridLLM","49","49","formal_low_v8_seed3_3_5","N_S","FREE"
"results/formal_experiment/dissertation_formal_v4/runs/seed3_v8/FE05_HYBRID_v8_seed3_v4_real/step_records.csv","dissertation_formal_v4","8","3","HybridLLM","50","50","formal_low_v8_seed3_3_0","N_S","PROCEED"
"results/formal_experiment/dissertation_formal_v4/runs/seed3_v8/FE05_HYBRID_v8_seed3_v4_real/step_records.csv","dissertation_formal_v4","8","3","HybridLLM","50","50","formal_low_v8_seed3_3_2","S_N","PROCEED"
"results/formal_experiment/dissertation_formal_v4/runs/seed3_v8/FE05_HYBRID_v8_seed3_v4_real/step_records.csv","dissertation_formal_v4","8","3","HybridLLM","50","50","formal_low_v8_seed3_3_4","E_W","WAIT"
"results/formal_experiment/dissertation_formal_v4/runs/seed3_v8/FE05_HYBRID_v8_seed3_v4_real/step_records.csv","dissertation_formal_v4","8","3","HybridLLM","50","50","formal_low_v8_seed3_3_5","N_S","PROCEED"
"results/formal_experiment/dissertation_formal_v4/runs/seed3_v8/FE05_HYBRID_v8_seed3_v4_real/step_records.csv","dissertation_formal_v4","8","3","HybridLLM","50","50","formal_low_v8_seed3_3_6","N_S","FREE"
"results/formal_experiment/dissertation_formal_v4/runs/seed3_v8/FE05_HYBRID_v8_seed3_v4_real/step_records.csv","dissertation_formal_v4","8","3","HybridLLM","51","51","formal_low_v8_seed3_3_0","N_S","PROCEED"
"results/formal_experiment/dissertation_formal_v4/runs/seed3_v8/FE05_HYBRID_v8_seed3_v4_real/step_records.csv","dissertation_formal_v4","8","3","HybridLLM","51","51","formal_low_v8_seed3_3_2","S_N","PROCEED"
"results/formal_experiment/dissertation_formal_v4/runs/seed3_v8/FE05_HYBRID_v8_seed3_v4_real/step_records.csv","dissertation_formal_v4","8","3","HybridLLM","51","51","formal_low_v8_seed3_3_4","E_W","WAIT"
"results/formal_experiment/dissertation_formal_v4/runs/seed3_v8/FE05_HYBRID_v8_seed3_v4_real/step_records.csv","dissertation_formal_v4","8","3","HybridLLM","51","51","formal_low_v8_seed3_3_5","N_S","PROCEED"
"results/formal_experiment/dissertation_formal_v4/runs/seed3_v8/FE05_HYBRID_v8_seed3_v4_real/step_records.csv","dissertation_formal_v4","8","3","HybridLLM","51","51","formal_low_v8_seed3_3_6","N_S","FREE"
"results/formal_experiment/dissertation_formal_v4/runs/seed3_v8/FE05_HYBRID_v8_seed3_v4_real/step_records.csv","dissertation_formal_v4","8","3","HybridLLM","52","52","formal_low_v8_seed3_3_0","N_S","PROCEED"
"results/formal_experiment/dissertation_formal_v4/runs/seed3_v8/FE05_HYBRID_v8_seed3_v4_real/step_records.csv","dissertation_formal_v4","8","3","HybridLLM","52","52","formal_low_v8_seed3_3_2","S_N","PROCEED"
"results/formal_experiment/dissertation_formal_v4/runs/seed3_v8/FE05_HYBRID_v8_seed3_v4_real/step_records.csv","dissertation_formal_v4","8","3","HybridLLM","52","52","formal_low_v8_seed3_3_4","E_W","WAIT"
"results/formal_experiment/dissertation_formal_v4/runs/seed3_v8/FE05_HYBRID_v8_seed3_v4_real/step_records.csv","dissertation_formal_v4","8","3","HybridLLM","52","52","formal_low_v8_seed3_3_5","N_S","PROCEED"
"results/formal_experiment/dissertation_formal_v4/runs/seed3_v8/FE05_HYBRID_v8_seed3_v4_real/step_records.csv","dissertation_formal_v4","8","3","HybridLLM","52","52","formal_low_v8_seed3_3_6","N_S","FREE"
"results/formal_experiment/dissertation_formal_v4/runs/seed3_v8/FE05_HYBRID_v8_seed3_v4_real/step_records.csv","dissertation_formal_v4","8","3","HybridLLM","53","53","formal_low_v8_seed3_3_0","N_S","PROCEED"
"results/formal_experiment/dissertation_formal_v4/runs/seed3_v8/FE05_HYBRID_v8_seed3_v4_real/step_records.csv","dissertation_formal_v4","8","3","HybridLLM","53","53","formal_low_v8_seed3_3_2","S_N","PROCEED"
"results/formal_experiment/dissertation_formal_v4/runs/seed3_v8/FE05_HYBRID_v8_seed3_v4_real/step_records.csv","dissertation_formal_v4","8","3","HybridLLM","53","53","formal_low_v8_seed3_3_4","E_W","WAIT"
"results/formal_experiment/dissertation_formal_v4/runs/seed3_v8/FE05_HYBRID_v8_seed3_v4_real/step_records.csv","dissertation_formal_v4","8","3","HybridLLM","53","53","formal_low_v8_seed3_3_5","N_S","PROCEED"
"results/formal_experiment/dissertation_formal_v4/runs/seed3_v8/FE05_HYBRID_v8_seed3_v4_real/step_records.csv","dissertation_formal_v4","8","3","HybridLLM","53","53","formal_low_v8_seed3_3_6","N_S","FREE"
"results/formal_experiment/dissertation_formal_v4/runs/seed3_v8/FE05_HYBRID_v8_seed3_v4_real/step_records.csv","dissertation_formal_v4","8","3","HybridLLM","54","54","formal_low_v8_seed3_3_0","N_S","PROCEED"
"results/formal_experiment/dissertation_formal_v4/runs/seed3_v8/FE05_HYBRID_v8_seed3_v4_real/step_records.csv","dissertation_formal_v4","8","3","HybridLLM","54","54","formal_low_v8_seed3_3_2","S_N","FREE"
"results/formal_experiment/dissertation_formal_v4/runs/seed3_v8/FE05_HYBRID_v8_seed3_v4_real/step_records.csv","dissertation_formal_v4","8","3","HybridLLM","54","54","formal_low_v8_seed3_3_4","E_W","WAIT"
"results/formal_experiment/dissertation_formal_v4/runs/seed3_v8/FE05_HYBRID_v8_seed3_v4_real/step_records.csv","dissertation_formal_v4","8","3","HybridLLM","54","54","formal_low_v8_seed3_3_5","N_S","PROCEED"
"results/formal_experiment/dissertation_formal_v4/runs/seed3_v8/FE05_HYBRID_v8_seed3_v4_real/step_records.csv","dissertation_formal_v4","8","3","HybridLLM","54","54","formal_low_v8_seed3_3_6","N_S","PROCEED"
"results/formal_experiment/dissertation_formal_v4/runs/seed3_v8/FE05_HYBRID_v8_seed3_v4_real/step_records.csv","dissertation_formal_v4","8","3","HybridLLM","54","54","formal_low_v8_seed3_3_7","W_E","FREE"
"results/formal_experiment/dissertation_formal_v4/runs/seed3_v8/FE05_HYBRID_v8_seed3_v4_real/step_records.csv","dissertation_formal_v4","8","3","HybridLLM","55","55","formal_low_v8_seed3_3_0","N_S","FREE"
"results/formal_experiment/dissertation_formal_v4/runs/seed3_v8/FE05_HYBRID_v8_seed3_v4_real/step_records.csv","dissertation_formal_v4","8","3","HybridLLM","55","55","formal_low_v8_seed3_3_2","S_N","FREE"
"results/formal_experiment/dissertation_formal_v4/runs/seed3_v8/FE05_HYBRID_v8_seed3_v4_real/step_records.csv","dissertation_formal_v4","8","3","HybridLLM","55","55","formal_low_v8_seed3_3_4","E_W","WAIT"
"results/formal_experiment/dissertation_formal_v4/runs/seed3_v8/FE05_HYBRID_v8_seed3_v4_real/step_records.csv","dissertation_formal_v4","8","3","HybridLLM","55","55","formal_low_v8_seed3_3_5","N_S","PROCEED"
"results/formal_experiment/dissertation_formal_v4/runs/seed3_v8/FE05_HYBRID_v8_seed3_v4_real/step_records.csv","dissertation_formal_v4","8","3","HybridLLM","55","55","formal_low_v8_seed3_3_6","N_S","PROCEED"
"results/formal_experiment/dissertation_formal_v4/runs/seed3_v8/FE05_HYBRID_v8_seed3_v4_real/step_records.csv","dissertation_formal_v4","8","3","HybridLLM","55","55","formal_low_v8_seed3_3_7","W_E","FREE"
"results/formal_experiment/dissertation_formal_v4/runs/seed3_v8/FE05_HYBRID_v8_seed3_v4_real/step_records.csv","dissertation_formal_v4","8","3","HybridLLM","56","56","formal_low_v8_seed3_3_0","N_S","FREE"
"results/formal_experiment/dissertation_formal_v4/runs/seed3_v8/FE05_HYBRID_v8_seed3_v4_real/step_records.csv","dissertation_formal_v4","8","3","HybridLLM","56","56","formal_low_v8_seed3_3_2","S_N","FREE"
"results/formal_experiment/dissertation_formal_v4/runs/seed3_v8/FE05_HYBRID_v8_seed3_v4_real/step_records.csv","dissertation_formal_v4","8","3","HybridLLM","56","56","formal_low_v8_seed3_3_4","E_W","WAIT"
"results/formal_experiment/dissertation_formal_v4/runs/seed3_v8/FE05_HYBRID_v8_seed3_v4_real/step_records.csv","dissertation_formal_v4","8","3","HybridLLM","56","56","formal_low_v8_seed3_3_5","N_S","PROCEED"
"results/formal_experiment/dissertation_formal_v4/runs/seed3_v8/FE05_HYBRID_v8_seed3_v4_real/step_records.csv","dissertation_formal_v4","8","3","HybridLLM","56","56","formal_low_v8_seed3_3_6","N_S","PROCEED"
"results/formal_experiment/dissertation_formal_v4/runs/seed3_v8/FE05_HYBRID_v8_seed3_v4_real/step_records.csv","dissertation_formal_v4","8","3","HybridLLM","56","56","formal_low_v8_seed3_3_7","W_E","FREE"
"results/formal_experiment/dissertation_formal_v4/runs/seed3_v8/FE05_HYBRID_v8_seed3_v4_real/step_records.csv","dissertation_formal_v4","8","3","HybridLLM","57","57","formal_low_v8_seed3_3_0","N_S","FREE"
"results/formal_experiment/dissertation_formal_v4/runs/seed3_v8/FE05_HYBRID_v8_seed3_v4_real/step_records.csv","dissertation_formal_v4","8","3","HybridLLM","57","57","formal_low_v8_seed3_3_2","S_N","FREE"
"results/formal_experiment/dissertation_formal_v4/runs/seed3_v8/FE05_HYBRID_v8_seed3_v4_real/step_records.csv","dissertation_formal_v4","8","3","HybridLLM","57","57","formal_low_v8_seed3_3_4","E_W","WAIT"
"results/formal_experiment/dissertation_formal_v4/runs/seed3_v8/FE05_HYBRID_v8_seed3_v4_real/step_records.csv","dissertation_formal_v4","8","3","HybridLLM","57","57","formal_low_v8_seed3_3_5","N_S","PROCEED"
"results/formal_experiment/dissertation_formal_v4/runs/seed3_v8/FE05_HYBRID_v8_seed3_v4_real/step_records.csv","dissertation_formal_v4","8","3","HybridLLM","57","57","formal_low_v8_seed3_3_6","N_S","PROCEED"
"results/formal_experiment/dissertation_formal_v4/runs/seed3_v8/FE05_HYBRID_v8_seed3_v4_real/step_records.csv","dissertation_formal_v4","8","3","HybridLLM","57","57","formal_low_v8_seed3_3_7","W_E","FREE"
"results/formal_experiment/dissertation_formal_v4/runs/seed3_v8/FE05_HYBRID_v8_seed3_v4_real/step_records.csv","dissertation_formal_v4","8","3","HybridLLM","58","58","formal_low_v8_seed3_3_0","N_S","FREE"
"results/formal_experiment/dissertation_formal_v4/runs/seed3_v8/FE05_HYBRID_v8_seed3_v4_real/step_records.csv","dissertation_formal_v4","8","3","HybridLLM","58","58","formal_low_v8_seed3_3_2","S_N","FREE"
"results/formal_experiment/dissertation_formal_v4/runs/seed3_v8/FE05_HYBRID_v8_seed3_v4_real/step_records.csv","dissertation_formal_v4","8","3","HybridLLM","58","58","formal_low_v8_seed3_3_4","E_W","WAIT"
"results/formal_experiment/dissertation_formal_v4/runs/seed3_v8/FE05_HYBRID_v8_seed3_v4_real/step_records.csv","dissertation_formal_v4","8","3","HybridLLM","58","58","formal_low_v8_seed3_3_5","N_S","FREE"
"results/formal_experiment/dissertation_formal_v4/runs/seed3_v8/FE05_HYBRID_v8_seed3_v4_real/step_records.csv","dissertation_formal_v4","8","3","HybridLLM","58","58","formal_low_v8_seed3_3_6","N_S","PROCEED"
"results/formal_experiment/dissertation_formal_v4/runs/seed3_v8/FE05_HYBRID_v8_seed3_v4_real/step_records.csv","dissertation_formal_v4","8","3","HybridLLM","58","58","formal_low_v8_seed3_3_7","W_E","FREE"
"results/formal_experiment/dissertation_formal_v4/runs/seed3_v8/FE05_HYBRID_v8_seed3_v4_real/step_records.csv","dissertation_formal_v4","8","3","HybridLLM","59","59","formal_low_v8_seed3_3_0","N_S","FREE"
"results/formal_experiment/dissertation_formal_v4/runs/seed3_v8/FE05_HYBRID_v8_seed3_v4_real/step_records.csv","dissertation_formal_v4","8","3","HybridLLM","59","59","formal_low_v8_seed3_3_4","E_W","WAIT"
"results/formal_experiment/dissertation_formal_v4/runs/seed3_v8/FE05_HYBRID_v8_seed3_v4_real/step_records.csv","dissertation_formal_v4","8","3","HybridLLM","59","59","formal_low_v8_seed3_3_5","N_S","FREE"
"results/formal_experiment/dissertation_formal_v4/runs/seed3_v8/FE05_HYBRID_v8_seed3_v4_real/step_records.csv","dissertation_formal_v4","8","3","HybridLLM","59","59","formal_low_v8_seed3_3_6","N_S","PROCEED"
"results/formal_experiment/dissertation_formal_v4/runs/seed3_v8/FE05_HYBRID_v8_seed3_v4_real/step_records.csv","dissertation_formal_v4","8","3","HybridLLM","59","59","formal_low_v8_seed3_3_7","W_E","FREE"
"results/formal_experiment/dissertation_formal_v4/runs/seed3_v8/FE05_HYBRID_v8_seed3_v4_real/step_records.csv","dissertation_formal_v4","8","3","HybridLLM","60","60","formal_low_v8_seed3_3_4","E_W","WAIT"
"results/formal_experiment/dissertation_formal_v4/runs/seed3_v8/FE05_HYBRID_v8_seed3_v4_real/step_records.csv","dissertation_formal_v4","8","3","HybridLLM","60","60","formal_low_v8_seed3_3_5","N_S","FREE"
"results/formal_experiment/dissertation_formal_v4/runs/seed3_v8/FE05_HYBRID_v8_seed3_v4_real/step_records.csv","dissertation_formal_v4","8","3","HybridLLM","60","60","formal_low_v8_seed3_3_6","N_S","PROCEED"
"results/formal_experiment/dissertation_formal_v4/runs/seed3_v8/FE05_HYBRID_v8_seed3_v4_real/step_records.csv","dissertation_formal_v4","8","3","HybridLLM","60","60","formal_low_v8_seed3_3_7","W_E","FREE"
"results/formal_experiment/dissertation_formal_v4/runs/seed3_v8/FE05_HYBRID_v8_seed3_v4_real/step_records.csv","dissertation_formal_v4","8","3","HybridLLM","61","61","formal_low_v8_seed3_3_4","E_W","PROCEED"
"results/formal_experiment/dissertation_formal_v4/runs/seed3_v8/FE05_HYBRID_v8_seed3_v4_real/step_records.csv","dissertation_formal_v4","8","3","HybridLLM","61","61","formal_low_v8_seed3_3_5","N_S","FREE"
"results/formal_experiment/dissertation_formal_v4/runs/seed3_v8/FE05_HYBRID_v8_seed3_v4_real/step_records.csv","dissertation_formal_v4","8","3","HybridLLM","61","61","formal_low_v8_seed3_3_6","N_S","FREE"
"results/formal_experiment/dissertation_formal_v4/runs/seed3_v8/FE05_HYBRID_v8_seed3_v4_real/step_records.csv","dissertation_formal_v4","8","3","HybridLLM","61","61","formal_low_v8_seed3_3_7","W_E","FREE"
"results/formal_experiment/dissertation_formal_v4/runs/seed3_v8/FE05_HYBRID_v8_seed3_v4_real/step_records.csv","dissertation_formal_v4","8","3","HybridLLM","62","62","formal_low_v8_seed3_3_4","E_W","PROCEED"
"results/formal_experiment/dissertation_formal_v4/runs/seed3_v8/FE05_HYBRID_v8_seed3_v4_real/step_records.csv","dissertation_formal_v4","8","3","HybridLLM","62","62","formal_low_v8_seed3_3_5","N_S","FREE"
"results/formal_experiment/dissertation_formal_v4/runs/seed3_v8/FE05_HYBRID_v8_seed3_v4_real/step_records.csv","dissertation_formal_v4","8","3","HybridLLM","62","62","formal_low_v8_seed3_3_6","N_S","FREE"
"results/formal_experiment/dissertation_formal_v4/runs/seed3_v8/FE05_HYBRID_v8_seed3_v4_real/step_records.csv","dissertation_formal_v4","8","3","HybridLLM","62","62","formal_low_v8_seed3_3_7","W_E","PROCEED"
"results/formal_experiment/dissertation_formal_v4/runs/seed3_v8/FE05_HYBRID_v8_seed3_v4_real/step_records.csv","dissertation_formal_v4","8","3","HybridLLM","63","63","formal_low_v8_seed3_3_4","E_W","PROCEED"
"results/formal_experiment/dissertation_formal_v4/runs/seed3_v8/FE05_HYBRID_v8_seed3_v4_real/step_records.csv","dissertation_formal_v4","8","3","HybridLLM","63","63","formal_low_v8_seed3_3_5","N_S","FREE"
"results/formal_experiment/dissertation_formal_v4/runs/seed3_v8/FE05_HYBRID_v8_seed3_v4_real/step_records.csv","dissertation_formal_v4","8","3","HybridLLM","63","63","formal_low_v8_seed3_3_6","N_S","FREE"
"results/formal_experiment/dissertation_formal_v4/runs/seed3_v8/FE05_HYBRID_v8_seed3_v4_real/step_records.csv","dissertation_formal_v4","8","3","HybridLLM","63","63","formal_low_v8_seed3_3_7","W_E","PROCEED"
"results/formal_experiment/dissertation_formal_v4/runs/seed3_v8/FE05_HYBRID_v8_seed3_v4_real/step_records.csv","dissertation_formal_v4","8","3","HybridLLM","64","64","formal_low_v8_seed3_3_4","E_W","PROCEED"
"results/formal_experiment/dissertation_formal_v4/runs/seed3_v8/FE05_HYBRID_v8_seed3_v4_real/step_records.csv","dissertation_formal_v4","8","3","HybridLLM","64","64","formal_low_v8_seed3_3_5","N_S","FREE"
"results/formal_experiment/dissertation_formal_v4/runs/seed3_v8/FE05_HYBRID_v8_seed3_v4_real/step_records.csv","dissertation_formal_v4","8","3","HybridLLM","64","64","formal_low_v8_seed3_3_6","N_S","FREE"
"results/formal_experiment/dissertation_formal_v4/runs/seed3_v8/FE05_HYBRID_v8_seed3_v4_real/step_records.csv","dissertation_formal_v4","8","3","HybridLLM","64","64","formal_low_v8_seed3_3_7","W_E","PROCEED"
"results/formal_experiment/dissertation_formal_v4/runs/seed3_v8/FE05_HYBRID_v8_seed3_v4_real/step_records.csv","dissertation_formal_v4","8","3","HybridLLM","65","65","formal_low_v8_seed3_3_4","E_W","PROCEED"
"results/formal_experiment/dissertation_formal_v4/runs/seed3_v8/FE05_HYBRID_v8_seed3_v4_real/step_records.csv","dissertation_formal_v4","8","3","HybridLLM","65","65","formal_low_v8_seed3_3_6","N_S","FREE"
"results/formal_experiment/dissertation_formal_v4/runs/seed3_v8/FE05_HYBRID_v8_seed3_v4_real/step_records.csv","dissertation_formal_v4","8","3","HybridLLM","65","65","formal_low_v8_seed3_3_7","W_E","PROCEED"
"results/formal_experiment/dissertation_formal_v4/runs/seed3_v8/FE05_HYBRID_v8_seed3_v4_real/step_records.csv","dissertation_formal_v4","8","3","HybridLLM","66","66","formal_low_v8_seed3_3_4","E_W","PROCEED"
"results/formal_experiment/dissertation_formal_v4/runs/seed3_v8/FE05_HYBRID_v8_seed3_v4_real/step_records.csv","dissertation_formal_v4","8","3","HybridLLM","66","66","formal_low_v8_seed3_3_7","W_E","PROCEED"
"results/formal_experiment/dissertation_formal_v4/runs/seed3_v8/FE05_HYBRID_v8_seed3_v4_real/step_records.csv","dissertation_formal_v4","8","3","HybridLLM","67","67","formal_low_v8_seed3_3_4","E_W","PROCEED"
"results/formal_experiment/dissertation_formal_v4/runs/seed3_v8/FE05_HYBRID_v8_seed3_v4_real/step_records.csv","dissertation_formal_v4","8","3","HybridLLM","67","67","formal_low_v8_seed3_3_7","W_E","PROCEED"
"results/formal_experiment/dissertation_formal_v4/runs/seed3_v8/FE05_HYBRID_v8_seed3_v4_real/step_records.csv","dissertation_formal_v4","8","3","HybridLLM","68","68","formal_low_v8_seed3_3_4","E_W","PROCEED"
"results/formal_experiment/dissertation_formal_v4/runs/seed3_v8/FE05_HYBRID_v8_seed3_v4_real/step_records.csv","dissertation_formal_v4","8","3","HybridLLM","68","68","formal_low_v8_seed3_3_7","W_E","PROCEED"
"results/formal_experiment/dissertation_formal_v4/runs/seed3_v8/FE05_HYBRID_v8_seed3_v4_real/step_records.csv","dissertation_formal_v4","8","3","HybridLLM","69","69","formal_low_v8_seed3_3_4","E_W","PROCEED"
"results/formal_experiment/dissertation_formal_v4/runs/seed3_v8/FE05_HYBRID_v8_seed3_v4_real/step_records.csv","dissertation_formal_v4","8","3","HybridLLM","69","69","formal_low_v8_seed3_3_7","W_E","PROCEED"
"results/formal_experiment/dissertation_formal_v4/runs/seed3_v8/FE05_HYBRID_v8_seed3_v4_real/step_records.csv","dissertation_formal_v4","8","3","HybridLLM","70","70","formal_low_v8_seed3_3_4","E_W","PROCEED"
"results/formal_experiment/dissertation_formal_v4/runs/seed3_v8/FE05_HYBRID_v8_seed3_v4_real/step_records.csv","dissertation_formal_v4","8","3","HybridLLM","70","70","formal_low_v8_seed3_3_7","W_E","PROCEED"
"results/formal_experiment/dissertation_formal_v4/runs/seed3_v8/FE05_HYBRID_v8_seed3_v4_real/step_records.csv","dissertation_formal_v4","8","3","HybridLLM","71","71","formal_low_v8_seed3_3_4","E_W","PROCEED"
"results/formal_experiment/dissertation_formal_v4/runs/seed3_v8/FE05_HYBRID_v8_seed3_v4_real/step_records.csv","dissertation_formal_v4","8","3","HybridLLM","71","71","formal_low_v8_seed3_3_7","W_E","PROCEED"
"results/formal_experiment/dissertation_formal_v4/runs/seed3_v8/FE05_HYBRID_v8_seed3_v4_real/step_records.csv","dissertation_formal_v4","8","3","HybridLLM","72","72","formal_low_v8_seed3_3_4","E_W","PROCEED"
"results/formal_experiment/dissertation_formal_v4/runs/seed3_v8/FE05_HYBRID_v8_seed3_v4_real/step_records.csv","dissertation_formal_v4","8","3","HybridLLM","72","72","formal_low_v8_seed3_3_7","W_E","PROCEED"
"results/formal_experiment/dissertation_formal_v4/runs/seed3_v8/FE05_HYBRID_v8_seed3_v4_real/step_records.csv","dissertation_formal_v4","8","3","HybridLLM","73","73","formal_low_v8_seed3_3_4","E_W","PROCEED"
"results/formal_experiment/dissertation_formal_v4/runs/seed3_v8/FE05_HYBRID_v8_seed3_v4_real/step_records.csv","dissertation_formal_v4","8","3","HybridLLM","73","73","formal_low_v8_seed3_3_7","W_E","PROCEED"
"results/formal_experiment/dissertation_formal_v4/runs/seed3_v8/FE05_HYBRID_v8_seed3_v4_real/step_records.csv","dissertation_formal_v4","8","3","HybridLLM","74","74","formal_low_v8_seed3_3_4","E_W","PROCEED"
"results/formal_experiment/dissertation_formal_v4/runs/seed3_v8/FE05_HYBRID_v8_seed3_v4_real/step_records.csv","dissertation_formal_v4","8","3","HybridLLM","74","74","formal_low_v8_seed3_3_7","W_E","PROCEED"
"results/formal_experiment/dissertation_formal_v4/runs/seed3_v8/FE05_HYBRID_v8_seed3_v4_real/step_records.csv","dissertation_formal_v4","8","3","HybridLLM","75","75","formal_low_v8_seed3_3_4","E_W","PROCEED"
"results/formal_experiment/dissertation_formal_v4/runs/seed3_v8/FE05_HYBRID_v8_seed3_v4_real/step_records.csv","dissertation_formal_v4","8","3","HybridLLM","75","75","formal_low_v8_seed3_3_7","W_E","PROCEED"
"results/formal_experiment/dissertation_formal_v4/runs/seed3_v8/FE05_HYBRID_v8_seed3_v4_real/step_records.csv","dissertation_formal_v4","8","3","HybridLLM","76","76","formal_low_v8_seed3_3_4","E_W","PROCEED"
"results/formal_experiment/dissertation_formal_v4/runs/seed3_v8/FE05_HYBRID_v8_seed3_v4_real/step_records.csv","dissertation_formal_v4","8","3","HybridLLM","76","76","formal_low_v8_seed3_3_7","W_E","PROCEED"
"results/formal_experiment/dissertation_formal_v4/runs/seed3_v8/FE05_HYBRID_v8_seed3_v4_real/step_records.csv","dissertation_formal_v4","8","3","HybridLLM","77","77","formal_low_v8_seed3_3_4","E_W","PROCEED"
"results/formal_experiment/dissertation_formal_v4/runs/seed3_v8/FE05_HYBRID_v8_seed3_v4_real/step_records.csv","dissertation_formal_v4","8","3","HybridLLM","77","77","formal_low_v8_seed3_3_7","W_E","PROCEED"
"results/formal_experiment/dissertation_formal_v4/runs/seed3_v8/FE05_HYBRID_v8_seed3_v4_real/step_records.csv","dissertation_formal_v4","8","3","HybridLLM","78","78","formal_low_v8_seed3_3_4","E_W","PROCEED"
"results/formal_experiment/dissertation_formal_v4/runs/seed3_v8/FE05_HYBRID_v8_seed3_v4_real/step_records.csv","dissertation_formal_v4","8","3","HybridLLM","78","78","formal_low_v8_seed3_3_7","W_E","PROCEED"
"results/formal_experiment/dissertation_formal_v4/runs/seed3_v8/FE05_HYBRID_v8_seed3_v4_real/step_records.csv","dissertation_formal_v4","8","3","HybridLLM","79","79","formal_low_v8_seed3_3_4","E_W","PROCEED"
"results/formal_experiment/dissertation_formal_v4/runs/seed3_v8/FE05_HYBRID_v8_seed3_v4_real/step_records.csv","dissertation_formal_v4","8","3","HybridLLM","79","79","formal_low_v8_seed3_3_7","W_E","PROCEED"
"results/formal_experiment/dissertation_formal_v4/runs/seed3_v8/FE05_HYBRID_v8_seed3_v4_real/step_records.csv","dissertation_formal_v4","8","3","HybridLLM","80","80","formal_low_v8_seed3_3_4","E_W","PROCEED"
"results/formal_experiment/dissertation_formal_v4/runs/seed3_v8/FE05_HYBRID_v8_seed3_v4_real/step_records.csv","dissertation_formal_v4","8","3","HybridLLM","80","80","formal_low_v8_seed3_3_7","W_E","PROCEED"
"results/formal_experiment/dissertation_formal_v4/runs/seed3_v8/FE05_HYBRID_v8_seed3_v4_real/step_records.csv","dissertation_formal_v4","8","3","HybridLLM","81","81","formal_low_v8_seed3_3_4","E_W","PROCEED"
"results/formal_experiment/dissertation_formal_v4/runs/seed3_v8/FE05_HYBRID_v8_seed3_v4_real/step_records.csv","dissertation_formal_v4","8","3","HybridLLM","81","81","formal_low_v8_seed3_3_7","W_E","PROCEED"
"results/formal_experiment/dissertation_formal_v4/runs/seed3_v8/FE05_HYBRID_v8_seed3_v4_real/step_records.csv","dissertation_formal_v4","8","3","HybridLLM","82","82","formal_low_v8_seed3_3_4","E_W","PROCEED"
"results/formal_experiment/dissertation_formal_v4/runs/seed3_v8/FE05_HYBRID_v8_seed3_v4_real/step_records.csv","dissertation_formal_v4","8","3","HybridLLM","82","82","formal_low_v8_seed3_3_7","W_E","PROCEED"
"results/formal_experiment/dissertation_formal_v4/runs/seed3_v8/FE05_HYBRID_v8_seed3_v4_real/step_records.csv","dissertation_formal_v4","8","3","HybridLLM","83","83","formal_low_v8_seed3_3_4","E_W","PROCEED"
"results/formal_experiment/dissertation_formal_v4/runs/seed3_v8/FE05_HYBRID_v8_seed3_v4_real/step_records.csv","dissertation_formal_v4","8","3","HybridLLM","83","83","formal_low_v8_seed3_3_7","W_E","PROCEED"
"results/formal_experiment/dissertation_formal_v4/runs/seed3_v8/FE05_HYBRID_v8_seed3_v4_real/step_records.csv","dissertation_formal_v4","8","3","HybridLLM","84","84","formal_low_v8_seed3_3_4","E_W","PROCEED"
"results/formal_experiment/dissertation_formal_v4/runs/seed3_v8/FE05_HYBRID_v8_seed3_v4_real/step_records.csv","dissertation_formal_v4","8","3","HybridLLM","84","84","formal_low_v8_seed3_3_7","W_E","PROCEED"
"results/formal_experiment/dissertation_formal_v4/runs/seed3_v8/FE05_HYBRID_v8_seed3_v4_real/step_records.csv","dissertation_formal_v4","8","3","HybridLLM","85","85","formal_low_v8_seed3_3_4","E_W","PROCEED"
"results/formal_experiment/dissertation_formal_v4/runs/seed3_v8/FE05_HYBRID_v8_seed3_v4_real/step_records.csv","dissertation_formal_v4","8","3","HybridLLM","85","85","formal_low_v8_seed3_3_7","W_E","PROCEED"
"results/formal_experiment/dissertation_formal_v4/runs/seed3_v8/FE05_HYBRID_v8_seed3_v4_real/step_records.csv","dissertation_formal_v4","8","3","HybridLLM","86","86","formal_low_v8_seed3_3_4","E_W","PROCEED"
"results/formal_experiment/dissertation_formal_v4/runs/seed3_v8/FE05_HYBRID_v8_seed3_v4_real/step_records.csv","dissertation_formal_v4","8","3","HybridLLM","86","86","formal_low_v8_seed3_3_7","W_E","PROCEED"
"results/formal_experiment/dissertation_formal_v4/runs/seed3_v8/FE05_HYBRID_v8_seed3_v4_real/step_records.csv","dissertation_formal_v4","8","3","HybridLLM","87","87","formal_low_v8_seed3_3_4","E_W","PROCEED"
"results/formal_experiment/dissertation_formal_v4/runs/seed3_v8/FE05_HYBRID_v8_seed3_v4_real/step_records.csv","dissertation_formal_v4","8","3","HybridLLM","87","87","formal_low_v8_seed3_3_7","W_E","PROCEED"
"results/formal_experiment/dissertation_formal_v4/runs/seed3_v8/FE05_HYBRID_v8_seed3_v4_real/step_records.csv","dissertation_formal_v4","8","3","HybridLLM","88","88","formal_low_v8_seed3_3_4","E_W","PROCEED"
"results/formal_experiment/dissertation_formal_v4/runs/seed3_v8/FE05_HYBRID_v8_seed3_v4_real/step_records.csv","dissertation_formal_v4","8","3","HybridLLM","88","88","formal_low_v8_seed3_3_7","W_E","PROCEED"
"results/formal_experiment/dissertation_formal_v4/runs/seed3_v8/FE05_HYBRID_v8_seed3_v4_real/step_records.csv","dissertation_formal_v4","8","3","HybridLLM","89","89","formal_low_v8_seed3_3_4","E_W","PROCEED"
"results/formal_experiment/dissertation_formal_v4/runs/seed3_v8/FE05_HYBRID_v8_seed3_v4_real/step_records.csv","dissertation_formal_v4","8","3","HybridLLM","89","89","formal_low_v8_seed3_3_7","W_E","PROCEED"
"results/formal_experiment/dissertation_formal_v4/runs/seed3_v8/FE05_HYBRID_v8_seed3_v4_real/step_records.csv","dissertation_formal_v4","8","3","HybridLLM","90","90","formal_low_v8_seed3_3_4","E_W","PROCEED"
"results/formal_experiment/dissertation_formal_v4/runs/seed3_v8/FE05_HYBRID_v8_seed3_v4_real/step_records.csv","dissertation_formal_v4","8","3","HybridLLM","90","90","formal_low_v8_seed3_3_7","W_E","PROCEED"
"results/formal_experiment/dissertation_formal_v4/runs/seed3_v8/FE05_HYBRID_v8_seed3_v4_real/step_records.csv","dissertation_formal_v4","8","3","HybridLLM","91","91","formal_low_v8_seed3_3_4","E_W","PROCEED"
"results/formal_experiment/dissertation_formal_v4/runs/seed3_v8/FE05_HYBRID_v8_seed3_v4_real/step_records.csv","dissertation_formal_v4","8","3","HybridLLM","91","91","formal_low_v8_seed3_3_7","W_E","PROCEED"
"results/formal_experiment/dissertation_formal_v4/runs/seed3_v8/FE05_HYBRID_v8_seed3_v4_real/step_records.csv","dissertation_formal_v4","8","3","HybridLLM","92","92","formal_low_v8_seed3_3_4","E_W","PROCEED"
"results/formal_experiment/dissertation_formal_v4/runs/seed3_v8/FE05_HYBRID_v8_seed3_v4_real/step_records.csv","dissertation_formal_v4","8","3","HybridLLM","92","92","formal_low_v8_seed3_3_7","W_E","PROCEED"
"results/formal_experiment/dissertation_formal_v4/runs/seed3_v8/FE05_HYBRID_v8_seed3_v4_real/step_records.csv","dissertation_formal_v4","8","3","HybridLLM","93","93","formal_low_v8_seed3_3_4","E_W","PROCEED"
"results/formal_experiment/dissertation_formal_v4/runs/seed3_v8/FE05_HYBRID_v8_seed3_v4_real/step_records.csv","dissertation_formal_v4","8","3","HybridLLM","93","93","formal_low_v8_seed3_3_7","W_E","PROCEED"
"results/formal_experiment/dissertation_formal_v4/runs/seed3_v8/FE05_HYBRID_v8_seed3_v4_real/step_records.csv","dissertation_formal_v4","8","3","HybridLLM","94","94","formal_low_v8_seed3_3_4","E_W","PROCEED"
"results/formal_experiment/dissertation_formal_v4/runs/seed3_v8/FE05_HYBRID_v8_seed3_v4_real/step_records.csv","dissertation_formal_v4","8","3","HybridLLM","94","94","formal_low_v8_seed3_3_7","W_E","PROCEED"
"results/formal_experiment/dissertation_formal_v4/runs/seed3_v8/FE05_HYBRID_v8_seed3_v4_real/step_records.csv","dissertation_formal_v4","8","3","HybridLLM","95","95","formal_low_v8_seed3_3_4","E_W","PROCEED"
"results/formal_experiment/dissertation_formal_v4/runs/seed3_v8/FE05_HYBRID_v8_seed3_v4_real/step_records.csv","dissertation_formal_v4","8","3","HybridLLM","95","95","formal_low_v8_seed3_3_7","W_E","PROCEED"
"results/formal_experiment/dissertation_formal_v4/runs/seed3_v8/FE05_HYBRID_v8_seed3_v4_real/step_records.csv","dissertation_formal_v4","8","3","HybridLLM","96","96","formal_low_v8_seed3_3_4","E_W","PROCEED"
"results/formal_experiment/dissertation_formal_v4/runs/seed3_v8/FE05_HYBRID_v8_seed3_v4_real/step_records.csv","dissertation_formal_v4","8","3","HybridLLM","96","96","formal_low_v8_seed3_3_7","W_E","PROCEED"
"results/formal_experiment/dissertation_formal_v4/runs/seed3_v8/FE05_HYBRID_v8_seed3_v4_real/step_records.csv","dissertation_formal_v4","8","3","HybridLLM","97","97","formal_low_v8_seed3_3_4","E_W","FREE"
"results/formal_experiment/dissertation_formal_v4/runs/seed3_v8/FE05_HYBRID_v8_seed3_v4_real/step_records.csv","dissertation_formal_v4","8","3","HybridLLM","97","97","formal_low_v8_seed3_3_7","W_E","FREE"
"results/formal_experiment/dissertation_formal_v4/runs/seed3_v8/FE05_HYBRID_v8_seed3_v4_real/step_records.csv","dissertation_formal_v4","8","3","HybridLLM","98","98","formal_low_v8_seed3_3_4","E_W","FREE"
"results/formal_experiment/dissertation_formal_v4/runs/seed3_v8/FE05_HYBRID_v8_seed3_v4_real/step_records.csv","dissertation_formal_v4","8","3","HybridLLM","98","98","formal_low_v8_seed3_3_7","W_E","FREE"
"results/formal_experiment/dissertation_formal_v4/runs/seed3_v8/FE05_HYBRID_v8_seed3_v4_real/step_records.csv","dissertation_formal_v4","8","3","HybridLLM","99","99","formal_low_v8_seed3_3_4","E_W","FREE"
"results/formal_experiment/dissertation_formal_v4/runs/seed3_v8/FE05_HYBRID_v8_seed3_v4_real/step_records.csv","dissertation_formal_v4","8","3","HybridLLM","99","99","formal_low_v8_seed3_3_7","W_E","FREE"
"results/formal_experiment/dissertation_formal_v4/runs/seed3_v8/FE05_HYBRID_v8_seed3_v4_real/step_records.csv","dissertation_formal_v4","8","3","HybridLLM","100","100","formal_low_v8_seed3_3_4","E_W","FREE"
"results/formal_experiment/dissertation_formal_v4/runs/seed3_v8/FE05_HYBRID_v8_seed3_v4_real/step_records.csv","dissertation_formal_v4","8","3","HybridLLM","100","100","formal_low_v8_seed3_3_7","W_E","FREE"
"results/formal_experiment/dissertation_formal_v4/runs/seed3_v8/FE05_HYBRID_v8_seed3_v4_real/step_records.csv","dissertation_formal_v4","8","3","HybridLLM","101","101","formal_low_v8_seed3_3_4","E_W","FREE"
"results/formal_experiment/dissertation_formal_v4/runs/seed3_v8/FE05_HYBRID_v8_seed3_v4_real/step_records.csv","dissertation_formal_v4","8","3","HybridLLM","101","101","formal_low_v8_seed3_3_7","W_E","FREE"
"results/formal_experiment/dissertation_formal_v4/runs/seed3_v8/FE05_HYBRID_v8_seed3_v4_real/step_records.csv","dissertation_formal_v4","8","3","HybridLLM","102","102","formal_low_v8_seed3_3_4","E_W","FREE"
"results/formal_experiment/dissertation_formal_v4/runs/seed3_v8/FE05_HYBRID_v8_seed3_v4_real/step_records.csv","dissertation_formal_v4","8","3","HybridLLM","102","102","formal_low_v8_seed3_3_7","W_E","FREE"
"results/formal_experiment/dissertation_formal_v4/runs/seed3_v8/FE05_HYBRID_v8_seed3_v4_real/step_records.csv","dissertation_formal_v4","8","3","HybridLLM","103","103","formal_low_v8_seed3_3_4","E_W","FREE"
"results/formal_experiment/dissertation_formal_v4/runs/seed3_v8/FE05_HYBRID_v8_seed3_v4_real/step_records.csv","dissertation_formal_v4","8","3","HybridLLM","103","103","formal_low_v8_seed3_3_7","W_E","FREE"
"results/formal_experiment/dissertation_formal_v4/runs/seed3_v8/FE05_HYBRID_v8_seed3_v4_real/step_records.csv","dissertation_formal_v4","8","3","HybridLLM","104","104","formal_low_v8_seed3_3_7","W_E","FREE"
"results/formal_experiment/dissertation_formal_v4/runs/seed3_v8/FE05_HYBRID_v8_seed3_v4_real/step_records.csv","dissertation_formal_v4","8","3","HybridLLM","105","105","formal_low_v8_seed3_3_7","W_E","FREE"
"results/formal_experiment/dissertation_formal_v4/runs/seed3_v8/FE06_HYBRID_SAFETY_v8_seed3_v4_real/step_records.csv","dissertation_formal_v4","8","3","HybridLLMSafety","0","0","formal_low_v8_seed3_3_0","N_S","FREE"
"results/formal_experiment/dissertation_formal_v4/runs/seed3_v8/FE06_HYBRID_SAFETY_v8_seed3_v4_real/step_records.csv","dissertation_formal_v4","8","3","HybridLLMSafety","1","1","formal_low_v8_seed3_3_0","N_S","FREE"
"results/formal_experiment/dissertation_formal_v4/runs/seed3_v8/FE06_HYBRID_SAFETY_v8_seed3_v4_real/step_records.csv","dissertation_formal_v4","8","3","HybridLLMSafety","2","2","formal_low_v8_seed3_3_0","N_S","FREE"
"results/formal_experiment/dissertation_formal_v4/runs/seed3_v8/FE06_HYBRID_SAFETY_v8_seed3_v4_real/step_records.csv","dissertation_formal_v4","8","3","HybridLLMSafety","3","3","formal_low_v8_seed3_3_0","N_S","FREE"
"results/formal_experiment/dissertation_formal_v4/runs/seed3_v8/FE06_HYBRID_SAFETY_v8_seed3_v4_real/step_records.csv","dissertation_formal_v4","8","3","HybridLLMSafety","4","4","formal_low_v8_seed3_3_0","N_S","FREE"
"results/formal_experiment/dissertation_formal_v4/runs/seed3_v8/FE06_HYBRID_SAFETY_v8_seed3_v4_real/step_records.csv","dissertation_formal_v4","8","3","HybridLLMSafety","5","5","formal_low_v8_seed3_3_0","N_S","PROCEED"
"results/formal_experiment/dissertation_formal_v4/runs/seed3_v8/FE06_HYBRID_SAFETY_v8_seed3_v4_real/step_records.csv","dissertation_formal_v4","8","3","HybridLLMSafety","6","6","formal_low_v8_seed3_3_0","N_S","PROCEED"
"results/formal_experiment/dissertation_formal_v4/runs/seed3_v8/FE06_HYBRID_SAFETY_v8_seed3_v4_real/step_records.csv","dissertation_formal_v4","8","3","HybridLLMSafety","7","7","formal_low_v8_seed3_3_0","N_S","PROCEED"
"results/formal_experiment/dissertation_formal_v4/runs/seed3_v8/FE06_HYBRID_SAFETY_v8_seed3_v4_real/step_records.csv","dissertation_formal_v4","8","3","HybridLLMSafety","7","7","formal_low_v8_seed3_3_1","E_W","FREE"
"results/formal_experiment/dissertation_formal_v4/runs/seed3_v8/FE06_HYBRID_SAFETY_v8_seed3_v4_real/step_records.csv","dissertation_formal_v4","8","3","HybridLLMSafety","8","8","formal_low_v8_seed3_3_0","N_S","PROCEED"
"results/formal_experiment/dissertation_formal_v4/runs/seed3_v8/FE06_HYBRID_SAFETY_v8_seed3_v4_real/step_records.csv","dissertation_formal_v4","8","3","HybridLLMSafety","8","8","formal_low_v8_seed3_3_1","E_W","FREE"
"results/formal_experiment/dissertation_formal_v4/runs/seed3_v8/FE06_HYBRID_SAFETY_v8_seed3_v4_real/step_records.csv","dissertation_formal_v4","8","3","HybridLLMSafety","9","9","formal_low_v8_seed3_3_0","N_S","PROCEED"
"results/formal_experiment/dissertation_formal_v4/runs/seed3_v8/FE06_HYBRID_SAFETY_v8_seed3_v4_real/step_records.csv","dissertation_formal_v4","8","3","HybridLLMSafety","9","9","formal_low_v8_seed3_3_1","E_W","FREE"
"results/formal_experiment/dissertation_formal_v4/runs/seed3_v8/FE06_HYBRID_SAFETY_v8_seed3_v4_real/step_records.csv","dissertation_formal_v4","8","3","HybridLLMSafety","10","10","formal_low_v8_seed3_3_0","N_S","PROCEED"
"results/formal_experiment/dissertation_formal_v4/runs/seed3_v8/FE06_HYBRID_SAFETY_v8_seed3_v4_real/step_records.csv","dissertation_formal_v4","8","3","HybridLLMSafety","10","10","formal_low_v8_seed3_3_1","E_W","FREE"
"results/formal_experiment/dissertation_formal_v4/runs/seed3_v8/FE06_HYBRID_SAFETY_v8_seed3_v4_real/step_records.csv","dissertation_formal_v4","8","3","HybridLLMSafety","11","11","formal_low_v8_seed3_3_0","N_S","PROCEED"
"results/formal_experiment/dissertation_formal_v4/runs/seed3_v8/FE06_HYBRID_SAFETY_v8_seed3_v4_real/step_records.csv","dissertation_formal_v4","8","3","HybridLLMSafety","11","11","formal_low_v8_seed3_3_1","E_W","FREE"
"results/formal_experiment/dissertation_formal_v4/runs/seed3_v8/FE06_HYBRID_SAFETY_v8_seed3_v4_real/step_records.csv","dissertation_formal_v4","8","3","HybridLLMSafety","12","12","formal_low_v8_seed3_3_0","N_S","PROCEED"
"results/formal_experiment/dissertation_formal_v4/runs/seed3_v8/FE06_HYBRID_SAFETY_v8_seed3_v4_real/step_records.csv","dissertation_formal_v4","8","3","HybridLLMSafety","12","12","formal_low_v8_seed3_3_1","E_W","FREE"
"results/formal_experiment/dissertation_formal_v4/runs/seed3_v8/FE06_HYBRID_SAFETY_v8_seed3_v4_real/step_records.csv","dissertation_formal_v4","8","3","HybridLLMSafety","13","13","formal_low_v8_seed3_3_0","N_S","PROCEED"
"results/formal_experiment/dissertation_formal_v4/runs/seed3_v8/FE06_HYBRID_SAFETY_v8_seed3_v4_real/step_records.csv","dissertation_formal_v4","8","3","HybridLLMSafety","13","13","formal_low_v8_seed3_3_1","E_W","FREE"
"results/formal_experiment/dissertation_formal_v4/runs/seed3_v8/FE06_HYBRID_SAFETY_v8_seed3_v4_real/step_records.csv","dissertation_formal_v4","8","3","HybridLLMSafety","14","14","formal_low_v8_seed3_3_0","N_S","PROCEED"
"results/formal_experiment/dissertation_formal_v4/runs/seed3_v8/FE06_HYBRID_SAFETY_v8_seed3_v4_real/step_records.csv","dissertation_formal_v4","8","3","HybridLLMSafety","14","14","formal_low_v8_seed3_3_1","E_W","FREE"
"results/formal_experiment/dissertation_formal_v4/runs/seed3_v8/FE06_HYBRID_SAFETY_v8_seed3_v4_real/step_records.csv","dissertation_formal_v4","8","3","HybridLLMSafety","15","15","formal_low_v8_seed3_3_0","N_S","PROCEED"
"results/formal_experiment/dissertation_formal_v4/runs/seed3_v8/FE06_HYBRID_SAFETY_v8_seed3_v4_real/step_records.csv","dissertation_formal_v4","8","3","HybridLLMSafety","15","15","formal_low_v8_seed3_3_1","E_W","FREE"
"results/formal_experiment/dissertation_formal_v4/runs/seed3_v8/FE06_HYBRID_SAFETY_v8_seed3_v4_real/step_records.csv","dissertation_formal_v4","8","3","HybridLLMSafety","16","16","formal_low_v8_seed3_3_0","N_S","WAIT"
"results/formal_experiment/dissertation_formal_v4/runs/seed3_v8/FE06_HYBRID_SAFETY_v8_seed3_v4_real/step_records.csv","dissertation_formal_v4","8","3","HybridLLMSafety","16","16","formal_low_v8_seed3_3_1","E_W","PROCEED"
"results/formal_experiment/dissertation_formal_v4/runs/seed3_v8/FE06_HYBRID_SAFETY_v8_seed3_v4_real/step_records.csv","dissertation_formal_v4","8","3","HybridLLMSafety","17","17","formal_low_v8_seed3_3_0","N_S","WAIT"
"results/formal_experiment/dissertation_formal_v4/runs/seed3_v8/FE06_HYBRID_SAFETY_v8_seed3_v4_real/step_records.csv","dissertation_formal_v4","8","3","HybridLLMSafety","17","17","formal_low_v8_seed3_3_1","E_W","PROCEED"
"results/formal_experiment/dissertation_formal_v4/runs/seed3_v8/FE06_HYBRID_SAFETY_v8_seed3_v4_real/step_records.csv","dissertation_formal_v4","8","3","HybridLLMSafety","18","18","formal_low_v8_seed3_3_0","N_S","WAIT"
"results/formal_experiment/dissertation_formal_v4/runs/seed3_v8/FE06_HYBRID_SAFETY_v8_seed3_v4_real/step_records.csv","dissertation_formal_v4","8","3","HybridLLMSafety","18","18","formal_low_v8_seed3_3_1","E_W","PROCEED"
"results/formal_experiment/dissertation_formal_v4/runs/seed3_v8/FE06_HYBRID_SAFETY_v8_seed3_v4_real/step_records.csv","dissertation_formal_v4","8","3","HybridLLMSafety","19","19","formal_low_v8_seed3_3_0","N_S","WAIT"
"results/formal_experiment/dissertation_formal_v4/runs/seed3_v8/FE06_HYBRID_SAFETY_v8_seed3_v4_real/step_records.csv","dissertation_formal_v4","8","3","HybridLLMSafety","19","19","formal_low_v8_seed3_3_1","E_W","PROCEED"
"results/formal_experiment/dissertation_formal_v4/runs/seed3_v8/FE06_HYBRID_SAFETY_v8_seed3_v4_real/step_records.csv","dissertation_formal_v4","8","3","HybridLLMSafety","19","19","formal_low_v8_seed3_3_2","S_N","FREE"
"results/formal_experiment/dissertation_formal_v4/runs/seed3_v8/FE06_HYBRID_SAFETY_v8_seed3_v4_real/step_records.csv","dissertation_formal_v4","8","3","HybridLLMSafety","20","20","formal_low_v8_seed3_3_0","N_S","WAIT"
"results/formal_experiment/dissertation_formal_v4/runs/seed3_v8/FE06_HYBRID_SAFETY_v8_seed3_v4_real/step_records.csv","dissertation_formal_v4","8","3","HybridLLMSafety","20","20","formal_low_v8_seed3_3_1","E_W","PROCEED"
"results/formal_experiment/dissertation_formal_v4/runs/seed3_v8/FE06_HYBRID_SAFETY_v8_seed3_v4_real/step_records.csv","dissertation_formal_v4","8","3","HybridLLMSafety","20","20","formal_low_v8_seed3_3_2","S_N","FREE"
"results/formal_experiment/dissertation_formal_v4/runs/seed3_v8/FE06_HYBRID_SAFETY_v8_seed3_v4_real/step_records.csv","dissertation_formal_v4","8","3","HybridLLMSafety","21","21","formal_low_v8_seed3_3_0","N_S","WAIT"
"results/formal_experiment/dissertation_formal_v4/runs/seed3_v8/FE06_HYBRID_SAFETY_v8_seed3_v4_real/step_records.csv","dissertation_formal_v4","8","3","HybridLLMSafety","21","21","formal_low_v8_seed3_3_1","E_W","PROCEED"
"results/formal_experiment/dissertation_formal_v4/runs/seed3_v8/FE06_HYBRID_SAFETY_v8_seed3_v4_real/step_records.csv","dissertation_formal_v4","8","3","HybridLLMSafety","21","21","formal_low_v8_seed3_3_2","S_N","FREE"
"results/formal_experiment/dissertation_formal_v4/runs/seed3_v8/FE06_HYBRID_SAFETY_v8_seed3_v4_real/step_records.csv","dissertation_formal_v4","8","3","HybridLLMSafety","22","22","formal_low_v8_seed3_3_0","N_S","WAIT"
"results/formal_experiment/dissertation_formal_v4/runs/seed3_v8/FE06_HYBRID_SAFETY_v8_seed3_v4_real/step_records.csv","dissertation_formal_v4","8","3","HybridLLMSafety","22","22","formal_low_v8_seed3_3_1","E_W","PROCEED"
"results/formal_experiment/dissertation_formal_v4/runs/seed3_v8/FE06_HYBRID_SAFETY_v8_seed3_v4_real/step_records.csv","dissertation_formal_v4","8","3","HybridLLMSafety","22","22","formal_low_v8_seed3_3_2","S_N","FREE"
"results/formal_experiment/dissertation_formal_v4/runs/seed3_v8/FE06_HYBRID_SAFETY_v8_seed3_v4_real/step_records.csv","dissertation_formal_v4","8","3","HybridLLMSafety","23","23","formal_low_v8_seed3_3_0","N_S","PROCEED"
"results/formal_experiment/dissertation_formal_v4/runs/seed3_v8/FE06_HYBRID_SAFETY_v8_seed3_v4_real/step_records.csv","dissertation_formal_v4","8","3","HybridLLMSafety","23","23","formal_low_v8_seed3_3_1","E_W","FREE"
"results/formal_experiment/dissertation_formal_v4/runs/seed3_v8/FE06_HYBRID_SAFETY_v8_seed3_v4_real/step_records.csv","dissertation_formal_v4","8","3","HybridLLMSafety","23","23","formal_low_v8_seed3_3_2","S_N","FREE"
"results/formal_experiment/dissertation_formal_v4/runs/seed3_v8/FE06_HYBRID_SAFETY_v8_seed3_v4_real/step_records.csv","dissertation_formal_v4","8","3","HybridLLMSafety","24","24","formal_low_v8_seed3_3_0","N_S","PROCEED"
"results/formal_experiment/dissertation_formal_v4/runs/seed3_v8/FE06_HYBRID_SAFETY_v8_seed3_v4_real/step_records.csv","dissertation_formal_v4","8","3","HybridLLMSafety","24","24","formal_low_v8_seed3_3_1","E_W","FREE"
"results/formal_experiment/dissertation_formal_v4/runs/seed3_v8/FE06_HYBRID_SAFETY_v8_seed3_v4_real/step_records.csv","dissertation_formal_v4","8","3","HybridLLMSafety","24","24","formal_low_v8_seed3_3_2","S_N","PROCEED"
"results/formal_experiment/dissertation_formal_v4/runs/seed3_v8/FE06_HYBRID_SAFETY_v8_seed3_v4_real/step_records.csv","dissertation_formal_v4","8","3","HybridLLMSafety","25","25","formal_low_v8_seed3_3_0","N_S","PROCEED"
"results/formal_experiment/dissertation_formal_v4/runs/seed3_v8/FE06_HYBRID_SAFETY_v8_seed3_v4_real/step_records.csv","dissertation_formal_v4","8","3","HybridLLMSafety","25","25","formal_low_v8_seed3_3_1","E_W","FREE"
"results/formal_experiment/dissertation_formal_v4/runs/seed3_v8/FE06_HYBRID_SAFETY_v8_seed3_v4_real/step_records.csv","dissertation_formal_v4","8","3","HybridLLMSafety","25","25","formal_low_v8_seed3_3_2","S_N","PROCEED"
"results/formal_experiment/dissertation_formal_v4/runs/seed3_v8/FE06_HYBRID_SAFETY_v8_seed3_v4_real/step_records.csv","dissertation_formal_v4","8","3","HybridLLMSafety","25","25","formal_low_v8_seed3_3_3","E_W","FREE"
"results/formal_experiment/dissertation_formal_v4/runs/seed3_v8/FE06_HYBRID_SAFETY_v8_seed3_v4_real/step_records.csv","dissertation_formal_v4","8","3","HybridLLMSafety","26","26","formal_low_v8_seed3_3_0","N_S","PROCEED"
"results/formal_experiment/dissertation_formal_v4/runs/seed3_v8/FE06_HYBRID_SAFETY_v8_seed3_v4_real/step_records.csv","dissertation_formal_v4","8","3","HybridLLMSafety","26","26","formal_low_v8_seed3_3_1","E_W","FREE"
"results/formal_experiment/dissertation_formal_v4/runs/seed3_v8/FE06_HYBRID_SAFETY_v8_seed3_v4_real/step_records.csv","dissertation_formal_v4","8","3","HybridLLMSafety","26","26","formal_low_v8_seed3_3_2","S_N","PROCEED"
"results/formal_experiment/dissertation_formal_v4/runs/seed3_v8/FE06_HYBRID_SAFETY_v8_seed3_v4_real/step_records.csv","dissertation_formal_v4","8","3","HybridLLMSafety","26","26","formal_low_v8_seed3_3_3","E_W","FREE"
"results/formal_experiment/dissertation_formal_v4/runs/seed3_v8/FE06_HYBRID_SAFETY_v8_seed3_v4_real/step_records.csv","dissertation_formal_v4","8","3","HybridLLMSafety","27","27","formal_low_v8_seed3_3_0","N_S","PROCEED"
"results/formal_experiment/dissertation_formal_v4/runs/seed3_v8/FE06_HYBRID_SAFETY_v8_seed3_v4_real/step_records.csv","dissertation_formal_v4","8","3","HybridLLMSafety","27","27","formal_low_v8_seed3_3_1","E_W","FREE"
"results/formal_experiment/dissertation_formal_v4/runs/seed3_v8/FE06_HYBRID_SAFETY_v8_seed3_v4_real/step_records.csv","dissertation_formal_v4","8","3","HybridLLMSafety","27","27","formal_low_v8_seed3_3_2","S_N","PROCEED"
"results/formal_experiment/dissertation_formal_v4/runs/seed3_v8/FE06_HYBRID_SAFETY_v8_seed3_v4_real/step_records.csv","dissertation_formal_v4","8","3","HybridLLMSafety","27","27","formal_low_v8_seed3_3_3","E_W","FREE"
"results/formal_experiment/dissertation_formal_v4/runs/seed3_v8/FE06_HYBRID_SAFETY_v8_seed3_v4_real/step_records.csv","dissertation_formal_v4","8","3","HybridLLMSafety","28","28","formal_low_v8_seed3_3_0","N_S","PROCEED"
"results/formal_experiment/dissertation_formal_v4/runs/seed3_v8/FE06_HYBRID_SAFETY_v8_seed3_v4_real/step_records.csv","dissertation_formal_v4","8","3","HybridLLMSafety","28","28","formal_low_v8_seed3_3_1","E_W","FREE"
"results/formal_experiment/dissertation_formal_v4/runs/seed3_v8/FE06_HYBRID_SAFETY_v8_seed3_v4_real/step_records.csv","dissertation_formal_v4","8","3","HybridLLMSafety","28","28","formal_low_v8_seed3_3_2","S_N","PROCEED"
"results/formal_experiment/dissertation_formal_v4/runs/seed3_v8/FE06_HYBRID_SAFETY_v8_seed3_v4_real/step_records.csv","dissertation_formal_v4","8","3","HybridLLMSafety","28","28","formal_low_v8_seed3_3_3","E_W","FREE"
"results/formal_experiment/dissertation_formal_v4/runs/seed3_v8/FE06_HYBRID_SAFETY_v8_seed3_v4_real/step_records.csv","dissertation_formal_v4","8","3","HybridLLMSafety","29","29","formal_low_v8_seed3_3_0","N_S","PROCEED"
"results/formal_experiment/dissertation_formal_v4/runs/seed3_v8/FE06_HYBRID_SAFETY_v8_seed3_v4_real/step_records.csv","dissertation_formal_v4","8","3","HybridLLMSafety","29","29","formal_low_v8_seed3_3_1","E_W","FREE"
"results/formal_experiment/dissertation_formal_v4/runs/seed3_v8/FE06_HYBRID_SAFETY_v8_seed3_v4_real/step_records.csv","dissertation_formal_v4","8","3","HybridLLMSafety","29","29","formal_low_v8_seed3_3_2","S_N","PROCEED"
"results/formal_experiment/dissertation_formal_v4/runs/seed3_v8/FE06_HYBRID_SAFETY_v8_seed3_v4_real/step_records.csv","dissertation_formal_v4","8","3","HybridLLMSafety","29","29","formal_low_v8_seed3_3_3","E_W","FREE"
"results/formal_experiment/dissertation_formal_v4/runs/seed3_v8/FE06_HYBRID_SAFETY_v8_seed3_v4_real/step_records.csv","dissertation_formal_v4","8","3","HybridLLMSafety","30","30","formal_low_v8_seed3_3_0","N_S","PROCEED"
"results/formal_experiment/dissertation_formal_v4/runs/seed3_v8/FE06_HYBRID_SAFETY_v8_seed3_v4_real/step_records.csv","dissertation_formal_v4","8","3","HybridLLMSafety","30","30","formal_low_v8_seed3_3_2","S_N","PROCEED"
"results/formal_experiment/dissertation_formal_v4/runs/seed3_v8/FE06_HYBRID_SAFETY_v8_seed3_v4_real/step_records.csv","dissertation_formal_v4","8","3","HybridLLMSafety","30","30","formal_low_v8_seed3_3_3","E_W","FREE"
"results/formal_experiment/dissertation_formal_v4/runs/seed3_v8/FE06_HYBRID_SAFETY_v8_seed3_v4_real/step_records.csv","dissertation_formal_v4","8","3","HybridLLMSafety","31","31","formal_low_v8_seed3_3_0","N_S","PROCEED"
"results/formal_experiment/dissertation_formal_v4/runs/seed3_v8/FE06_HYBRID_SAFETY_v8_seed3_v4_real/step_records.csv","dissertation_formal_v4","8","3","HybridLLMSafety","31","31","formal_low_v8_seed3_3_2","S_N","PROCEED"
"results/formal_experiment/dissertation_formal_v4/runs/seed3_v8/FE06_HYBRID_SAFETY_v8_seed3_v4_real/step_records.csv","dissertation_formal_v4","8","3","HybridLLMSafety","31","31","formal_low_v8_seed3_3_3","E_W","FREE"
"results/formal_experiment/dissertation_formal_v4/runs/seed3_v8/FE06_HYBRID_SAFETY_v8_seed3_v4_real/step_records.csv","dissertation_formal_v4","8","3","HybridLLMSafety","32","32","formal_low_v8_seed3_3_0","N_S","PROCEED"
"results/formal_experiment/dissertation_formal_v4/runs/seed3_v8/FE06_HYBRID_SAFETY_v8_seed3_v4_real/step_records.csv","dissertation_formal_v4","8","3","HybridLLMSafety","32","32","formal_low_v8_seed3_3_2","S_N","PROCEED"
"results/formal_experiment/dissertation_formal_v4/runs/seed3_v8/FE06_HYBRID_SAFETY_v8_seed3_v4_real/step_records.csv","dissertation_formal_v4","8","3","HybridLLMSafety","32","32","formal_low_v8_seed3_3_3","E_W","FREE"
"results/formal_experiment/dissertation_formal_v4/runs/seed3_v8/FE06_HYBRID_SAFETY_v8_seed3_v4_real/step_records.csv","dissertation_formal_v4","8","3","HybridLLMSafety","33","33","formal_low_v8_seed3_3_0","N_S","WAIT"
"results/formal_experiment/dissertation_formal_v4/runs/seed3_v8/FE06_HYBRID_SAFETY_v8_seed3_v4_real/step_records.csv","dissertation_formal_v4","8","3","HybridLLMSafety","33","33","formal_low_v8_seed3_3_2","S_N","WAIT"
"results/formal_experiment/dissertation_formal_v4/runs/seed3_v8/FE06_HYBRID_SAFETY_v8_seed3_v4_real/step_records.csv","dissertation_formal_v4","8","3","HybridLLMSafety","33","33","formal_low_v8_seed3_3_3","E_W","PROCEED"
"results/formal_experiment/dissertation_formal_v4/runs/seed3_v8/FE06_HYBRID_SAFETY_v8_seed3_v4_real/step_records.csv","dissertation_formal_v4","8","3","HybridLLMSafety","34","34","formal_low_v8_seed3_3_0","N_S","WAIT"
"results/formal_experiment/dissertation_formal_v4/runs/seed3_v8/FE06_HYBRID_SAFETY_v8_seed3_v4_real/step_records.csv","dissertation_formal_v4","8","3","HybridLLMSafety","34","34","formal_low_v8_seed3_3_2","S_N","WAIT"
"results/formal_experiment/dissertation_formal_v4/runs/seed3_v8/FE06_HYBRID_SAFETY_v8_seed3_v4_real/step_records.csv","dissertation_formal_v4","8","3","HybridLLMSafety","34","34","formal_low_v8_seed3_3_3","E_W","PROCEED"
"results/formal_experiment/dissertation_formal_v4/runs/seed3_v8/FE06_HYBRID_SAFETY_v8_seed3_v4_real/step_records.csv","dissertation_formal_v4","8","3","HybridLLMSafety","34","34","formal_low_v8_seed3_3_4","E_W","FREE"
"results/formal_experiment/dissertation_formal_v4/runs/seed3_v8/FE06_HYBRID_SAFETY_v8_seed3_v4_real/step_records.csv","dissertation_formal_v4","8","3","HybridLLMSafety","35","35","formal_low_v8_seed3_3_0","N_S","WAIT"
"results/formal_experiment/dissertation_formal_v4/runs/seed3_v8/FE06_HYBRID_SAFETY_v8_seed3_v4_real/step_records.csv","dissertation_formal_v4","8","3","HybridLLMSafety","35","35","formal_low_v8_seed3_3_2","S_N","WAIT"
"results/formal_experiment/dissertation_formal_v4/runs/seed3_v8/FE06_HYBRID_SAFETY_v8_seed3_v4_real/step_records.csv","dissertation_formal_v4","8","3","HybridLLMSafety","35","35","formal_low_v8_seed3_3_3","E_W","PROCEED"
"results/formal_experiment/dissertation_formal_v4/runs/seed3_v8/FE06_HYBRID_SAFETY_v8_seed3_v4_real/step_records.csv","dissertation_formal_v4","8","3","HybridLLMSafety","35","35","formal_low_v8_seed3_3_4","E_W","FREE"
"results/formal_experiment/dissertation_formal_v4/runs/seed3_v8/FE06_HYBRID_SAFETY_v8_seed3_v4_real/step_records.csv","dissertation_formal_v4","8","3","HybridLLMSafety","36","36","formal_low_v8_seed3_3_0","N_S","WAIT"
"results/formal_experiment/dissertation_formal_v4/runs/seed3_v8/FE06_HYBRID_SAFETY_v8_seed3_v4_real/step_records.csv","dissertation_formal_v4","8","3","HybridLLMSafety","36","36","formal_low_v8_seed3_3_2","S_N","WAIT"
"results/formal_experiment/dissertation_formal_v4/runs/seed3_v8/FE06_HYBRID_SAFETY_v8_seed3_v4_real/step_records.csv","dissertation_formal_v4","8","3","HybridLLMSafety","36","36","formal_low_v8_seed3_3_3","E_W","PROCEED"
"results/formal_experiment/dissertation_formal_v4/runs/seed3_v8/FE06_HYBRID_SAFETY_v8_seed3_v4_real/step_records.csv","dissertation_formal_v4","8","3","HybridLLMSafety","36","36","formal_low_v8_seed3_3_4","E_W","FREE"
"results/formal_experiment/dissertation_formal_v4/runs/seed3_v8/FE06_HYBRID_SAFETY_v8_seed3_v4_real/step_records.csv","dissertation_formal_v4","8","3","HybridLLMSafety","37","37","formal_low_v8_seed3_3_0","N_S","WAIT"
"results/formal_experiment/dissertation_formal_v4/runs/seed3_v8/FE06_HYBRID_SAFETY_v8_seed3_v4_real/step_records.csv","dissertation_formal_v4","8","3","HybridLLMSafety","37","37","formal_low_v8_seed3_3_2","S_N","WAIT"
"results/formal_experiment/dissertation_formal_v4/runs/seed3_v8/FE06_HYBRID_SAFETY_v8_seed3_v4_real/step_records.csv","dissertation_formal_v4","8","3","HybridLLMSafety","37","37","formal_low_v8_seed3_3_3","E_W","PROCEED"
"results/formal_experiment/dissertation_formal_v4/runs/seed3_v8/FE06_HYBRID_SAFETY_v8_seed3_v4_real/step_records.csv","dissertation_formal_v4","8","3","HybridLLMSafety","37","37","formal_low_v8_seed3_3_4","E_W","FREE"
"results/formal_experiment/dissertation_formal_v4/runs/seed3_v8/FE06_HYBRID_SAFETY_v8_seed3_v4_real/step_records.csv","dissertation_formal_v4","8","3","HybridLLMSafety","38","38","formal_low_v8_seed3_3_0","N_S","WAIT"
"results/formal_experiment/dissertation_formal_v4/runs/seed3_v8/FE06_HYBRID_SAFETY_v8_seed3_v4_real/step_records.csv","dissertation_formal_v4","8","3","HybridLLMSafety","38","38","formal_low_v8_seed3_3_2","S_N","WAIT"
"results/formal_experiment/dissertation_formal_v4/runs/seed3_v8/FE06_HYBRID_SAFETY_v8_seed3_v4_real/step_records.csv","dissertation_formal_v4","8","3","HybridLLMSafety","38","38","formal_low_v8_seed3_3_3","E_W","PROCEED"
"results/formal_experiment/dissertation_formal_v4/runs/seed3_v8/FE06_HYBRID_SAFETY_v8_seed3_v4_real/step_records.csv","dissertation_formal_v4","8","3","HybridLLMSafety","38","38","formal_low_v8_seed3_3_4","E_W","FREE"
"results/formal_experiment/dissertation_formal_v4/runs/seed3_v8/FE06_HYBRID_SAFETY_v8_seed3_v4_real/step_records.csv","dissertation_formal_v4","8","3","HybridLLMSafety","39","39","formal_low_v8_seed3_3_0","N_S","WAIT"
"results/formal_experiment/dissertation_formal_v4/runs/seed3_v8/FE06_HYBRID_SAFETY_v8_seed3_v4_real/step_records.csv","dissertation_formal_v4","8","3","HybridLLMSafety","39","39","formal_low_v8_seed3_3_2","S_N","WAIT"
"results/formal_experiment/dissertation_formal_v4/runs/seed3_v8/FE06_HYBRID_SAFETY_v8_seed3_v4_real/step_records.csv","dissertation_formal_v4","8","3","HybridLLMSafety","39","39","formal_low_v8_seed3_3_3","E_W","PROCEED"
"results/formal_experiment/dissertation_formal_v4/runs/seed3_v8/FE06_HYBRID_SAFETY_v8_seed3_v4_real/step_records.csv","dissertation_formal_v4","8","3","HybridLLMSafety","39","39","formal_low_v8_seed3_3_4","E_W","FREE"
"results/formal_experiment/dissertation_formal_v4/runs/seed3_v8/FE06_HYBRID_SAFETY_v8_seed3_v4_real/step_records.csv","dissertation_formal_v4","8","3","HybridLLMSafety","40","40","formal_low_v8_seed3_3_0","N_S","PROCEED"
"results/formal_experiment/dissertation_formal_v4/runs/seed3_v8/FE06_HYBRID_SAFETY_v8_seed3_v4_real/step_records.csv","dissertation_formal_v4","8","3","HybridLLMSafety","40","40","formal_low_v8_seed3_3_2","S_N","PROCEED"
"results/formal_experiment/dissertation_formal_v4/runs/seed3_v8/FE06_HYBRID_SAFETY_v8_seed3_v4_real/step_records.csv","dissertation_formal_v4","8","3","HybridLLMSafety","40","40","formal_low_v8_seed3_3_3","E_W","FREE"
"results/formal_experiment/dissertation_formal_v4/runs/seed3_v8/FE06_HYBRID_SAFETY_v8_seed3_v4_real/step_records.csv","dissertation_formal_v4","8","3","HybridLLMSafety","40","40","formal_low_v8_seed3_3_4","E_W","FREE"
"results/formal_experiment/dissertation_formal_v4/runs/seed3_v8/FE06_HYBRID_SAFETY_v8_seed3_v4_real/step_records.csv","dissertation_formal_v4","8","3","HybridLLMSafety","41","41","formal_low_v8_seed3_3_0","N_S","PROCEED"
"results/formal_experiment/dissertation_formal_v4/runs/seed3_v8/FE06_HYBRID_SAFETY_v8_seed3_v4_real/step_records.csv","dissertation_formal_v4","8","3","HybridLLMSafety","41","41","formal_low_v8_seed3_3_2","S_N","PROCEED"
"results/formal_experiment/dissertation_formal_v4/runs/seed3_v8/FE06_HYBRID_SAFETY_v8_seed3_v4_real/step_records.csv","dissertation_formal_v4","8","3","HybridLLMSafety","41","41","formal_low_v8_seed3_3_3","E_W","FREE"
"results/formal_experiment/dissertation_formal_v4/runs/seed3_v8/FE06_HYBRID_SAFETY_v8_seed3_v4_real/step_records.csv","dissertation_formal_v4","8","3","HybridLLMSafety","41","41","formal_low_v8_seed3_3_4","E_W","FREE"
"results/formal_experiment/dissertation_formal_v4/runs/seed3_v8/FE06_HYBRID_SAFETY_v8_seed3_v4_real/step_records.csv","dissertation_formal_v4","8","3","HybridLLMSafety","42","42","formal_low_v8_seed3_3_0","N_S","WAIT"
"results/formal_experiment/dissertation_formal_v4/runs/seed3_v8/FE06_HYBRID_SAFETY_v8_seed3_v4_real/step_records.csv","dissertation_formal_v4","8","3","HybridLLMSafety","42","42","formal_low_v8_seed3_3_2","S_N","WAIT"
"results/formal_experiment/dissertation_formal_v4/runs/seed3_v8/FE06_HYBRID_SAFETY_v8_seed3_v4_real/step_records.csv","dissertation_formal_v4","8","3","HybridLLMSafety","42","42","formal_low_v8_seed3_3_3","E_W","FREE"
"results/formal_experiment/dissertation_formal_v4/runs/seed3_v8/FE06_HYBRID_SAFETY_v8_seed3_v4_real/step_records.csv","dissertation_formal_v4","8","3","HybridLLMSafety","42","42","formal_low_v8_seed3_3_4","E_W","PROCEED"
"results/formal_experiment/dissertation_formal_v4/runs/seed3_v8/FE06_HYBRID_SAFETY_v8_seed3_v4_real/step_records.csv","dissertation_formal_v4","8","3","HybridLLMSafety","43","43","formal_low_v8_seed3_3_0","N_S","WAIT"
"results/formal_experiment/dissertation_formal_v4/runs/seed3_v8/FE06_HYBRID_SAFETY_v8_seed3_v4_real/step_records.csv","dissertation_formal_v4","8","3","HybridLLMSafety","43","43","formal_low_v8_seed3_3_2","S_N","WAIT"
"results/formal_experiment/dissertation_formal_v4/runs/seed3_v8/FE06_HYBRID_SAFETY_v8_seed3_v4_real/step_records.csv","dissertation_formal_v4","8","3","HybridLLMSafety","43","43","formal_low_v8_seed3_3_3","E_W","FREE"
"results/formal_experiment/dissertation_formal_v4/runs/seed3_v8/FE06_HYBRID_SAFETY_v8_seed3_v4_real/step_records.csv","dissertation_formal_v4","8","3","HybridLLMSafety","43","43","formal_low_v8_seed3_3_4","E_W","PROCEED"
"results/formal_experiment/dissertation_formal_v4/runs/seed3_v8/FE06_HYBRID_SAFETY_v8_seed3_v4_real/step_records.csv","dissertation_formal_v4","8","3","HybridLLMSafety","44","44","formal_low_v8_seed3_3_0","N_S","WAIT"
"results/formal_experiment/dissertation_formal_v4/runs/seed3_v8/FE06_HYBRID_SAFETY_v8_seed3_v4_real/step_records.csv","dissertation_formal_v4","8","3","HybridLLMSafety","44","44","formal_low_v8_seed3_3_2","S_N","WAIT"
"results/formal_experiment/dissertation_formal_v4/runs/seed3_v8/FE06_HYBRID_SAFETY_v8_seed3_v4_real/step_records.csv","dissertation_formal_v4","8","3","HybridLLMSafety","44","44","formal_low_v8_seed3_3_3","E_W","FREE"
"results/formal_experiment/dissertation_formal_v4/runs/seed3_v8/FE06_HYBRID_SAFETY_v8_seed3_v4_real/step_records.csv","dissertation_formal_v4","8","3","HybridLLMSafety","44","44","formal_low_v8_seed3_3_4","E_W","PROCEED"
"results/formal_experiment/dissertation_formal_v4/runs/seed3_v8/FE06_HYBRID_SAFETY_v8_seed3_v4_real/step_records.csv","dissertation_formal_v4","8","3","HybridLLMSafety","45","45","formal_low_v8_seed3_3_0","N_S","WAIT"
"results/formal_experiment/dissertation_formal_v4/runs/seed3_v8/FE06_HYBRID_SAFETY_v8_seed3_v4_real/step_records.csv","dissertation_formal_v4","8","3","HybridLLMSafety","45","45","formal_low_v8_seed3_3_2","S_N","WAIT"
"results/formal_experiment/dissertation_formal_v4/runs/seed3_v8/FE06_HYBRID_SAFETY_v8_seed3_v4_real/step_records.csv","dissertation_formal_v4","8","3","HybridLLMSafety","45","45","formal_low_v8_seed3_3_3","E_W","FREE"
"results/formal_experiment/dissertation_formal_v4/runs/seed3_v8/FE06_HYBRID_SAFETY_v8_seed3_v4_real/step_records.csv","dissertation_formal_v4","8","3","HybridLLMSafety","45","45","formal_low_v8_seed3_3_4","E_W","PROCEED"
"results/formal_experiment/dissertation_formal_v4/runs/seed3_v8/FE06_HYBRID_SAFETY_v8_seed3_v4_real/step_records.csv","dissertation_formal_v4","8","3","HybridLLMSafety","45","45","formal_low_v8_seed3_3_5","N_S","FREE"
"results/formal_experiment/dissertation_formal_v4/runs/seed3_v8/FE06_HYBRID_SAFETY_v8_seed3_v4_real/step_records.csv","dissertation_formal_v4","8","3","HybridLLMSafety","46","46","formal_low_v8_seed3_3_0","N_S","WAIT"
"results/formal_experiment/dissertation_formal_v4/runs/seed3_v8/FE06_HYBRID_SAFETY_v8_seed3_v4_real/step_records.csv","dissertation_formal_v4","8","3","HybridLLMSafety","46","46","formal_low_v8_seed3_3_2","S_N","WAIT"
"results/formal_experiment/dissertation_formal_v4/runs/seed3_v8/FE06_HYBRID_SAFETY_v8_seed3_v4_real/step_records.csv","dissertation_formal_v4","8","3","HybridLLMSafety","46","46","formal_low_v8_seed3_3_3","E_W","FREE"
"results/formal_experiment/dissertation_formal_v4/runs/seed3_v8/FE06_HYBRID_SAFETY_v8_seed3_v4_real/step_records.csv","dissertation_formal_v4","8","3","HybridLLMSafety","46","46","formal_low_v8_seed3_3_4","E_W","PROCEED"
"results/formal_experiment/dissertation_formal_v4/runs/seed3_v8/FE06_HYBRID_SAFETY_v8_seed3_v4_real/step_records.csv","dissertation_formal_v4","8","3","HybridLLMSafety","46","46","formal_low_v8_seed3_3_5","N_S","FREE"
"results/formal_experiment/dissertation_formal_v4/runs/seed3_v8/FE06_HYBRID_SAFETY_v8_seed3_v4_real/step_records.csv","dissertation_formal_v4","8","3","HybridLLMSafety","47","47","formal_low_v8_seed3_3_0","N_S","PROCEED"
"results/formal_experiment/dissertation_formal_v4/runs/seed3_v8/FE06_HYBRID_SAFETY_v8_seed3_v4_real/step_records.csv","dissertation_formal_v4","8","3","HybridLLMSafety","47","47","formal_low_v8_seed3_3_2","S_N","PROCEED"
"results/formal_experiment/dissertation_formal_v4/runs/seed3_v8/FE06_HYBRID_SAFETY_v8_seed3_v4_real/step_records.csv","dissertation_formal_v4","8","3","HybridLLMSafety","47","47","formal_low_v8_seed3_3_4","E_W","WAIT"
"results/formal_experiment/dissertation_formal_v4/runs/seed3_v8/FE06_HYBRID_SAFETY_v8_seed3_v4_real/step_records.csv","dissertation_formal_v4","8","3","HybridLLMSafety","47","47","formal_low_v8_seed3_3_5","N_S","FREE"
"results/formal_experiment/dissertation_formal_v4/runs/seed3_v8/FE06_HYBRID_SAFETY_v8_seed3_v4_real/step_records.csv","dissertation_formal_v4","8","3","HybridLLMSafety","48","48","formal_low_v8_seed3_3_0","N_S","PROCEED"
"results/formal_experiment/dissertation_formal_v4/runs/seed3_v8/FE06_HYBRID_SAFETY_v8_seed3_v4_real/step_records.csv","dissertation_formal_v4","8","3","HybridLLMSafety","48","48","formal_low_v8_seed3_3_2","S_N","PROCEED"
"results/formal_experiment/dissertation_formal_v4/runs/seed3_v8/FE06_HYBRID_SAFETY_v8_seed3_v4_real/step_records.csv","dissertation_formal_v4","8","3","HybridLLMSafety","48","48","formal_low_v8_seed3_3_4","E_W","WAIT"
"results/formal_experiment/dissertation_formal_v4/runs/seed3_v8/FE06_HYBRID_SAFETY_v8_seed3_v4_real/step_records.csv","dissertation_formal_v4","8","3","HybridLLMSafety","48","48","formal_low_v8_seed3_3_5","N_S","FREE"
"results/formal_experiment/dissertation_formal_v4/runs/seed3_v8/FE06_HYBRID_SAFETY_v8_seed3_v4_real/step_records.csv","dissertation_formal_v4","8","3","HybridLLMSafety","49","49","formal_low_v8_seed3_3_0","N_S","PROCEED"
"results/formal_experiment/dissertation_formal_v4/runs/seed3_v8/FE06_HYBRID_SAFETY_v8_seed3_v4_real/step_records.csv","dissertation_formal_v4","8","3","HybridLLMSafety","49","49","formal_low_v8_seed3_3_2","S_N","PROCEED"
"results/formal_experiment/dissertation_formal_v4/runs/seed3_v8/FE06_HYBRID_SAFETY_v8_seed3_v4_real/step_records.csv","dissertation_formal_v4","8","3","HybridLLMSafety","49","49","formal_low_v8_seed3_3_4","E_W","WAIT"
"results/formal_experiment/dissertation_formal_v4/runs/seed3_v8/FE06_HYBRID_SAFETY_v8_seed3_v4_real/step_records.csv","dissertation_formal_v4","8","3","HybridLLMSafety","49","49","formal_low_v8_seed3_3_5","N_S","FREE"
"results/formal_experiment/dissertation_formal_v4/runs/seed3_v8/FE06_HYBRID_SAFETY_v8_seed3_v4_real/step_records.csv","dissertation_formal_v4","8","3","HybridLLMSafety","50","50","formal_low_v8_seed3_3_0","N_S","PROCEED"
"results/formal_experiment/dissertation_formal_v4/runs/seed3_v8/FE06_HYBRID_SAFETY_v8_seed3_v4_real/step_records.csv","dissertation_formal_v4","8","3","HybridLLMSafety","50","50","formal_low_v8_seed3_3_2","S_N","PROCEED"
"results/formal_experiment/dissertation_formal_v4/runs/seed3_v8/FE06_HYBRID_SAFETY_v8_seed3_v4_real/step_records.csv","dissertation_formal_v4","8","3","HybridLLMSafety","50","50","formal_low_v8_seed3_3_4","E_W","WAIT"
"results/formal_experiment/dissertation_formal_v4/runs/seed3_v8/FE06_HYBRID_SAFETY_v8_seed3_v4_real/step_records.csv","dissertation_formal_v4","8","3","HybridLLMSafety","50","50","formal_low_v8_seed3_3_5","N_S","PROCEED"
"results/formal_experiment/dissertation_formal_v4/runs/seed3_v8/FE06_HYBRID_SAFETY_v8_seed3_v4_real/step_records.csv","dissertation_formal_v4","8","3","HybridLLMSafety","50","50","formal_low_v8_seed3_3_6","N_S","FREE"
"results/formal_experiment/dissertation_formal_v4/runs/seed3_v8/FE06_HYBRID_SAFETY_v8_seed3_v4_real/step_records.csv","dissertation_formal_v4","8","3","HybridLLMSafety","51","51","formal_low_v8_seed3_3_0","N_S","PROCEED"
"results/formal_experiment/dissertation_formal_v4/runs/seed3_v8/FE06_HYBRID_SAFETY_v8_seed3_v4_real/step_records.csv","dissertation_formal_v4","8","3","HybridLLMSafety","51","51","formal_low_v8_seed3_3_2","S_N","PROCEED"
"results/formal_experiment/dissertation_formal_v4/runs/seed3_v8/FE06_HYBRID_SAFETY_v8_seed3_v4_real/step_records.csv","dissertation_formal_v4","8","3","HybridLLMSafety","51","51","formal_low_v8_seed3_3_4","E_W","WAIT"
"results/formal_experiment/dissertation_formal_v4/runs/seed3_v8/FE06_HYBRID_SAFETY_v8_seed3_v4_real/step_records.csv","dissertation_formal_v4","8","3","HybridLLMSafety","51","51","formal_low_v8_seed3_3_5","N_S","PROCEED"
"results/formal_experiment/dissertation_formal_v4/runs/seed3_v8/FE06_HYBRID_SAFETY_v8_seed3_v4_real/step_records.csv","dissertation_formal_v4","8","3","HybridLLMSafety","51","51","formal_low_v8_seed3_3_6","N_S","FREE"
"results/formal_experiment/dissertation_formal_v4/runs/seed3_v8/FE06_HYBRID_SAFETY_v8_seed3_v4_real/step_records.csv","dissertation_formal_v4","8","3","HybridLLMSafety","52","52","formal_low_v8_seed3_3_0","N_S","PROCEED"
"results/formal_experiment/dissertation_formal_v4/runs/seed3_v8/FE06_HYBRID_SAFETY_v8_seed3_v4_real/step_records.csv","dissertation_formal_v4","8","3","HybridLLMSafety","52","52","formal_low_v8_seed3_3_2","S_N","PROCEED"
"results/formal_experiment/dissertation_formal_v4/runs/seed3_v8/FE06_HYBRID_SAFETY_v8_seed3_v4_real/step_records.csv","dissertation_formal_v4","8","3","HybridLLMSafety","52","52","formal_low_v8_seed3_3_4","E_W","WAIT"
"results/formal_experiment/dissertation_formal_v4/runs/seed3_v8/FE06_HYBRID_SAFETY_v8_seed3_v4_real/step_records.csv","dissertation_formal_v4","8","3","HybridLLMSafety","52","52","formal_low_v8_seed3_3_5","N_S","PROCEED"
"results/formal_experiment/dissertation_formal_v4/runs/seed3_v8/FE06_HYBRID_SAFETY_v8_seed3_v4_real/step_records.csv","dissertation_formal_v4","8","3","HybridLLMSafety","52","52","formal_low_v8_seed3_3_6","N_S","FREE"
"results/formal_experiment/dissertation_formal_v4/runs/seed3_v8/FE06_HYBRID_SAFETY_v8_seed3_v4_real/step_records.csv","dissertation_formal_v4","8","3","HybridLLMSafety","53","53","formal_low_v8_seed3_3_0","N_S","PROCEED"
"results/formal_experiment/dissertation_formal_v4/runs/seed3_v8/FE06_HYBRID_SAFETY_v8_seed3_v4_real/step_records.csv","dissertation_formal_v4","8","3","HybridLLMSafety","53","53","formal_low_v8_seed3_3_2","S_N","PROCEED"
"results/formal_experiment/dissertation_formal_v4/runs/seed3_v8/FE06_HYBRID_SAFETY_v8_seed3_v4_real/step_records.csv","dissertation_formal_v4","8","3","HybridLLMSafety","53","53","formal_low_v8_seed3_3_4","E_W","WAIT"
"results/formal_experiment/dissertation_formal_v4/runs/seed3_v8/FE06_HYBRID_SAFETY_v8_seed3_v4_real/step_records.csv","dissertation_formal_v4","8","3","HybridLLMSafety","53","53","formal_low_v8_seed3_3_5","N_S","PROCEED"
"results/formal_experiment/dissertation_formal_v4/runs/seed3_v8/FE06_HYBRID_SAFETY_v8_seed3_v4_real/step_records.csv","dissertation_formal_v4","8","3","HybridLLMSafety","53","53","formal_low_v8_seed3_3_6","N_S","FREE"
"results/formal_experiment/dissertation_formal_v4/runs/seed3_v8/FE06_HYBRID_SAFETY_v8_seed3_v4_real/step_records.csv","dissertation_formal_v4","8","3","HybridLLMSafety","54","54","formal_low_v8_seed3_3_0","N_S","PROCEED"
"results/formal_experiment/dissertation_formal_v4/runs/seed3_v8/FE06_HYBRID_SAFETY_v8_seed3_v4_real/step_records.csv","dissertation_formal_v4","8","3","HybridLLMSafety","54","54","formal_low_v8_seed3_3_2","S_N","FREE"
"results/formal_experiment/dissertation_formal_v4/runs/seed3_v8/FE06_HYBRID_SAFETY_v8_seed3_v4_real/step_records.csv","dissertation_formal_v4","8","3","HybridLLMSafety","54","54","formal_low_v8_seed3_3_4","E_W","WAIT"
"results/formal_experiment/dissertation_formal_v4/runs/seed3_v8/FE06_HYBRID_SAFETY_v8_seed3_v4_real/step_records.csv","dissertation_formal_v4","8","3","HybridLLMSafety","54","54","formal_low_v8_seed3_3_5","N_S","PROCEED"
"results/formal_experiment/dissertation_formal_v4/runs/seed3_v8/FE06_HYBRID_SAFETY_v8_seed3_v4_real/step_records.csv","dissertation_formal_v4","8","3","HybridLLMSafety","54","54","formal_low_v8_seed3_3_6","N_S","PROCEED"
"results/formal_experiment/dissertation_formal_v4/runs/seed3_v8/FE06_HYBRID_SAFETY_v8_seed3_v4_real/step_records.csv","dissertation_formal_v4","8","3","HybridLLMSafety","54","54","formal_low_v8_seed3_3_7","W_E","FREE"
"results/formal_experiment/dissertation_formal_v4/runs/seed3_v8/FE06_HYBRID_SAFETY_v8_seed3_v4_real/step_records.csv","dissertation_formal_v4","8","3","HybridLLMSafety","55","55","formal_low_v8_seed3_3_0","N_S","FREE"
"results/formal_experiment/dissertation_formal_v4/runs/seed3_v8/FE06_HYBRID_SAFETY_v8_seed3_v4_real/step_records.csv","dissertation_formal_v4","8","3","HybridLLMSafety","55","55","formal_low_v8_seed3_3_2","S_N","FREE"
"results/formal_experiment/dissertation_formal_v4/runs/seed3_v8/FE06_HYBRID_SAFETY_v8_seed3_v4_real/step_records.csv","dissertation_formal_v4","8","3","HybridLLMSafety","55","55","formal_low_v8_seed3_3_4","E_W","WAIT"
"results/formal_experiment/dissertation_formal_v4/runs/seed3_v8/FE06_HYBRID_SAFETY_v8_seed3_v4_real/step_records.csv","dissertation_formal_v4","8","3","HybridLLMSafety","55","55","formal_low_v8_seed3_3_5","N_S","PROCEED"
"results/formal_experiment/dissertation_formal_v4/runs/seed3_v8/FE06_HYBRID_SAFETY_v8_seed3_v4_real/step_records.csv","dissertation_formal_v4","8","3","HybridLLMSafety","55","55","formal_low_v8_seed3_3_6","N_S","PROCEED"
"results/formal_experiment/dissertation_formal_v4/runs/seed3_v8/FE06_HYBRID_SAFETY_v8_seed3_v4_real/step_records.csv","dissertation_formal_v4","8","3","HybridLLMSafety","55","55","formal_low_v8_seed3_3_7","W_E","FREE"
"results/formal_experiment/dissertation_formal_v4/runs/seed3_v8/FE06_HYBRID_SAFETY_v8_seed3_v4_real/step_records.csv","dissertation_formal_v4","8","3","HybridLLMSafety","56","56","formal_low_v8_seed3_3_0","N_S","FREE"
"results/formal_experiment/dissertation_formal_v4/runs/seed3_v8/FE06_HYBRID_SAFETY_v8_seed3_v4_real/step_records.csv","dissertation_formal_v4","8","3","HybridLLMSafety","56","56","formal_low_v8_seed3_3_2","S_N","FREE"
"results/formal_experiment/dissertation_formal_v4/runs/seed3_v8/FE06_HYBRID_SAFETY_v8_seed3_v4_real/step_records.csv","dissertation_formal_v4","8","3","HybridLLMSafety","56","56","formal_low_v8_seed3_3_4","E_W","WAIT"
"results/formal_experiment/dissertation_formal_v4/runs/seed3_v8/FE06_HYBRID_SAFETY_v8_seed3_v4_real/step_records.csv","dissertation_formal_v4","8","3","HybridLLMSafety","56","56","formal_low_v8_seed3_3_5","N_S","PROCEED"
"results/formal_experiment/dissertation_formal_v4/runs/seed3_v8/FE06_HYBRID_SAFETY_v8_seed3_v4_real/step_records.csv","dissertation_formal_v4","8","3","HybridLLMSafety","56","56","formal_low_v8_seed3_3_6","N_S","PROCEED"
"results/formal_experiment/dissertation_formal_v4/runs/seed3_v8/FE06_HYBRID_SAFETY_v8_seed3_v4_real/step_records.csv","dissertation_formal_v4","8","3","HybridLLMSafety","56","56","formal_low_v8_seed3_3_7","W_E","FREE"
"results/formal_experiment/dissertation_formal_v4/runs/seed3_v8/FE06_HYBRID_SAFETY_v8_seed3_v4_real/step_records.csv","dissertation_formal_v4","8","3","HybridLLMSafety","57","57","formal_low_v8_seed3_3_0","N_S","FREE"
"results/formal_experiment/dissertation_formal_v4/runs/seed3_v8/FE06_HYBRID_SAFETY_v8_seed3_v4_real/step_records.csv","dissertation_formal_v4","8","3","HybridLLMSafety","57","57","formal_low_v8_seed3_3_2","S_N","FREE"
"results/formal_experiment/dissertation_formal_v4/runs/seed3_v8/FE06_HYBRID_SAFETY_v8_seed3_v4_real/step_records.csv","dissertation_formal_v4","8","3","HybridLLMSafety","57","57","formal_low_v8_seed3_3_4","E_W","WAIT"
"results/formal_experiment/dissertation_formal_v4/runs/seed3_v8/FE06_HYBRID_SAFETY_v8_seed3_v4_real/step_records.csv","dissertation_formal_v4","8","3","HybridLLMSafety","57","57","formal_low_v8_seed3_3_5","N_S","PROCEED"
"results/formal_experiment/dissertation_formal_v4/runs/seed3_v8/FE06_HYBRID_SAFETY_v8_seed3_v4_real/step_records.csv","dissertation_formal_v4","8","3","HybridLLMSafety","57","57","formal_low_v8_seed3_3_6","N_S","PROCEED"
"results/formal_experiment/dissertation_formal_v4/runs/seed3_v8/FE06_HYBRID_SAFETY_v8_seed3_v4_real/step_records.csv","dissertation_formal_v4","8","3","HybridLLMSafety","57","57","formal_low_v8_seed3_3_7","W_E","FREE"
"results/formal_experiment/dissertation_formal_v4/runs/seed3_v8/FE06_HYBRID_SAFETY_v8_seed3_v4_real/step_records.csv","dissertation_formal_v4","8","3","HybridLLMSafety","58","58","formal_low_v8_seed3_3_0","N_S","FREE"
"results/formal_experiment/dissertation_formal_v4/runs/seed3_v8/FE06_HYBRID_SAFETY_v8_seed3_v4_real/step_records.csv","dissertation_formal_v4","8","3","HybridLLMSafety","58","58","formal_low_v8_seed3_3_2","S_N","FREE"
"results/formal_experiment/dissertation_formal_v4/runs/seed3_v8/FE06_HYBRID_SAFETY_v8_seed3_v4_real/step_records.csv","dissertation_formal_v4","8","3","HybridLLMSafety","58","58","formal_low_v8_seed3_3_4","E_W","WAIT"
"results/formal_experiment/dissertation_formal_v4/runs/seed3_v8/FE06_HYBRID_SAFETY_v8_seed3_v4_real/step_records.csv","dissertation_formal_v4","8","3","HybridLLMSafety","58","58","formal_low_v8_seed3_3_5","N_S","FREE"
"results/formal_experiment/dissertation_formal_v4/runs/seed3_v8/FE06_HYBRID_SAFETY_v8_seed3_v4_real/step_records.csv","dissertation_formal_v4","8","3","HybridLLMSafety","58","58","formal_low_v8_seed3_3_6","N_S","PROCEED"
"results/formal_experiment/dissertation_formal_v4/runs/seed3_v8/FE06_HYBRID_SAFETY_v8_seed3_v4_real/step_records.csv","dissertation_formal_v4","8","3","HybridLLMSafety","58","58","formal_low_v8_seed3_3_7","W_E","FREE"
"results/formal_experiment/dissertation_formal_v4/runs/seed3_v8/FE06_HYBRID_SAFETY_v8_seed3_v4_real/step_records.csv","dissertation_formal_v4","8","3","HybridLLMSafety","59","59","formal_low_v8_seed3_3_0","N_S","FREE"
"results/formal_experiment/dissertation_formal_v4/runs/seed3_v8/FE06_HYBRID_SAFETY_v8_seed3_v4_real/step_records.csv","dissertation_formal_v4","8","3","HybridLLMSafety","59","59","formal_low_v8_seed3_3_4","E_W","WAIT"
"results/formal_experiment/dissertation_formal_v4/runs/seed3_v8/FE06_HYBRID_SAFETY_v8_seed3_v4_real/step_records.csv","dissertation_formal_v4","8","3","HybridLLMSafety","59","59","formal_low_v8_seed3_3_5","N_S","FREE"
"results/formal_experiment/dissertation_formal_v4/runs/seed3_v8/FE06_HYBRID_SAFETY_v8_seed3_v4_real/step_records.csv","dissertation_formal_v4","8","3","HybridLLMSafety","59","59","formal_low_v8_seed3_3_6","N_S","PROCEED"
"results/formal_experiment/dissertation_formal_v4/runs/seed3_v8/FE06_HYBRID_SAFETY_v8_seed3_v4_real/step_records.csv","dissertation_formal_v4","8","3","HybridLLMSafety","59","59","formal_low_v8_seed3_3_7","W_E","FREE"
"results/formal_experiment/dissertation_formal_v4/runs/seed3_v8/FE06_HYBRID_SAFETY_v8_seed3_v4_real/step_records.csv","dissertation_formal_v4","8","3","HybridLLMSafety","60","60","formal_low_v8_seed3_3_4","E_W","WAIT"
"results/formal_experiment/dissertation_formal_v4/runs/seed3_v8/FE06_HYBRID_SAFETY_v8_seed3_v4_real/step_records.csv","dissertation_formal_v4","8","3","HybridLLMSafety","60","60","formal_low_v8_seed3_3_5","N_S","FREE"
"results/formal_experiment/dissertation_formal_v4/runs/seed3_v8/FE06_HYBRID_SAFETY_v8_seed3_v4_real/step_records.csv","dissertation_formal_v4","8","3","HybridLLMSafety","60","60","formal_low_v8_seed3_3_6","N_S","PROCEED"
"results/formal_experiment/dissertation_formal_v4/runs/seed3_v8/FE06_HYBRID_SAFETY_v8_seed3_v4_real/step_records.csv","dissertation_formal_v4","8","3","HybridLLMSafety","60","60","formal_low_v8_seed3_3_7","W_E","FREE"
"results/formal_experiment/dissertation_formal_v4/runs/seed3_v8/FE06_HYBRID_SAFETY_v8_seed3_v4_real/step_records.csv","dissertation_formal_v4","8","3","HybridLLMSafety","61","61","formal_low_v8_seed3_3_4","E_W","PROCEED"
"results/formal_experiment/dissertation_formal_v4/runs/seed3_v8/FE06_HYBRID_SAFETY_v8_seed3_v4_real/step_records.csv","dissertation_formal_v4","8","3","HybridLLMSafety","61","61","formal_low_v8_seed3_3_5","N_S","FREE"
"results/formal_experiment/dissertation_formal_v4/runs/seed3_v8/FE06_HYBRID_SAFETY_v8_seed3_v4_real/step_records.csv","dissertation_formal_v4","8","3","HybridLLMSafety","61","61","formal_low_v8_seed3_3_6","N_S","FREE"
"results/formal_experiment/dissertation_formal_v4/runs/seed3_v8/FE06_HYBRID_SAFETY_v8_seed3_v4_real/step_records.csv","dissertation_formal_v4","8","3","HybridLLMSafety","61","61","formal_low_v8_seed3_3_7","W_E","FREE"
"results/formal_experiment/dissertation_formal_v4/runs/seed3_v8/FE06_HYBRID_SAFETY_v8_seed3_v4_real/step_records.csv","dissertation_formal_v4","8","3","HybridLLMSafety","62","62","formal_low_v8_seed3_3_4","E_W","PROCEED"
"results/formal_experiment/dissertation_formal_v4/runs/seed3_v8/FE06_HYBRID_SAFETY_v8_seed3_v4_real/step_records.csv","dissertation_formal_v4","8","3","HybridLLMSafety","62","62","formal_low_v8_seed3_3_5","N_S","FREE"
"results/formal_experiment/dissertation_formal_v4/runs/seed3_v8/FE06_HYBRID_SAFETY_v8_seed3_v4_real/step_records.csv","dissertation_formal_v4","8","3","HybridLLMSafety","62","62","formal_low_v8_seed3_3_6","N_S","FREE"
"results/formal_experiment/dissertation_formal_v4/runs/seed3_v8/FE06_HYBRID_SAFETY_v8_seed3_v4_real/step_records.csv","dissertation_formal_v4","8","3","HybridLLMSafety","62","62","formal_low_v8_seed3_3_7","W_E","PROCEED"
"results/formal_experiment/dissertation_formal_v4/runs/seed3_v8/FE06_HYBRID_SAFETY_v8_seed3_v4_real/step_records.csv","dissertation_formal_v4","8","3","HybridLLMSafety","63","63","formal_low_v8_seed3_3_4","E_W","PROCEED"
"results/formal_experiment/dissertation_formal_v4/runs/seed3_v8/FE06_HYBRID_SAFETY_v8_seed3_v4_real/step_records.csv","dissertation_formal_v4","8","3","HybridLLMSafety","63","63","formal_low_v8_seed3_3_5","N_S","FREE"
"results/formal_experiment/dissertation_formal_v4/runs/seed3_v8/FE06_HYBRID_SAFETY_v8_seed3_v4_real/step_records.csv","dissertation_formal_v4","8","3","HybridLLMSafety","63","63","formal_low_v8_seed3_3_6","N_S","FREE"
"results/formal_experiment/dissertation_formal_v4/runs/seed3_v8/FE06_HYBRID_SAFETY_v8_seed3_v4_real/step_records.csv","dissertation_formal_v4","8","3","HybridLLMSafety","63","63","formal_low_v8_seed3_3_7","W_E","PROCEED"
"results/formal_experiment/dissertation_formal_v4/runs/seed3_v8/FE06_HYBRID_SAFETY_v8_seed3_v4_real/step_records.csv","dissertation_formal_v4","8","3","HybridLLMSafety","64","64","formal_low_v8_seed3_3_4","E_W","PROCEED"
"results/formal_experiment/dissertation_formal_v4/runs/seed3_v8/FE06_HYBRID_SAFETY_v8_seed3_v4_real/step_records.csv","dissertation_formal_v4","8","3","HybridLLMSafety","64","64","formal_low_v8_seed3_3_5","N_S","FREE"
"results/formal_experiment/dissertation_formal_v4/runs/seed3_v8/FE06_HYBRID_SAFETY_v8_seed3_v4_real/step_records.csv","dissertation_formal_v4","8","3","HybridLLMSafety","64","64","formal_low_v8_seed3_3_6","N_S","FREE"
"results/formal_experiment/dissertation_formal_v4/runs/seed3_v8/FE06_HYBRID_SAFETY_v8_seed3_v4_real/step_records.csv","dissertation_formal_v4","8","3","HybridLLMSafety","64","64","formal_low_v8_seed3_3_7","W_E","PROCEED"
"results/formal_experiment/dissertation_formal_v4/runs/seed3_v8/FE06_HYBRID_SAFETY_v8_seed3_v4_real/step_records.csv","dissertation_formal_v4","8","3","HybridLLMSafety","65","65","formal_low_v8_seed3_3_4","E_W","PROCEED"
"results/formal_experiment/dissertation_formal_v4/runs/seed3_v8/FE06_HYBRID_SAFETY_v8_seed3_v4_real/step_records.csv","dissertation_formal_v4","8","3","HybridLLMSafety","65","65","formal_low_v8_seed3_3_6","N_S","FREE"
"results/formal_experiment/dissertation_formal_v4/runs/seed3_v8/FE06_HYBRID_SAFETY_v8_seed3_v4_real/step_records.csv","dissertation_formal_v4","8","3","HybridLLMSafety","65","65","formal_low_v8_seed3_3_7","W_E","PROCEED"
"results/formal_experiment/dissertation_formal_v4/runs/seed3_v8/FE06_HYBRID_SAFETY_v8_seed3_v4_real/step_records.csv","dissertation_formal_v4","8","3","HybridLLMSafety","66","66","formal_low_v8_seed3_3_4","E_W","PROCEED"
"results/formal_experiment/dissertation_formal_v4/runs/seed3_v8/FE06_HYBRID_SAFETY_v8_seed3_v4_real/step_records.csv","dissertation_formal_v4","8","3","HybridLLMSafety","66","66","formal_low_v8_seed3_3_7","W_E","PROCEED"
"results/formal_experiment/dissertation_formal_v4/runs/seed3_v8/FE06_HYBRID_SAFETY_v8_seed3_v4_real/step_records.csv","dissertation_formal_v4","8","3","HybridLLMSafety","67","67","formal_low_v8_seed3_3_4","E_W","PROCEED"
"results/formal_experiment/dissertation_formal_v4/runs/seed3_v8/FE06_HYBRID_SAFETY_v8_seed3_v4_real/step_records.csv","dissertation_formal_v4","8","3","HybridLLMSafety","67","67","formal_low_v8_seed3_3_7","W_E","PROCEED"
"results/formal_experiment/dissertation_formal_v4/runs/seed3_v8/FE06_HYBRID_SAFETY_v8_seed3_v4_real/step_records.csv","dissertation_formal_v4","8","3","HybridLLMSafety","68","68","formal_low_v8_seed3_3_4","E_W","PROCEED"
"results/formal_experiment/dissertation_formal_v4/runs/seed3_v8/FE06_HYBRID_SAFETY_v8_seed3_v4_real/step_records.csv","dissertation_formal_v4","8","3","HybridLLMSafety","68","68","formal_low_v8_seed3_3_7","W_E","PROCEED"
"results/formal_experiment/dissertation_formal_v4/runs/seed3_v8/FE06_HYBRID_SAFETY_v8_seed3_v4_real/step_records.csv","dissertation_formal_v4","8","3","HybridLLMSafety","69","69","formal_low_v8_seed3_3_4","E_W","PROCEED"
"results/formal_experiment/dissertation_formal_v4/runs/seed3_v8/FE06_HYBRID_SAFETY_v8_seed3_v4_real/step_records.csv","dissertation_formal_v4","8","3","HybridLLMSafety","69","69","formal_low_v8_seed3_3_7","W_E","PROCEED"
"results/formal_experiment/dissertation_formal_v4/runs/seed3_v8/FE06_HYBRID_SAFETY_v8_seed3_v4_real/step_records.csv","dissertation_formal_v4","8","3","HybridLLMSafety","70","70","formal_low_v8_seed3_3_4","E_W","PROCEED"
"results/formal_experiment/dissertation_formal_v4/runs/seed3_v8/FE06_HYBRID_SAFETY_v8_seed3_v4_real/step_records.csv","dissertation_formal_v4","8","3","HybridLLMSafety","70","70","formal_low_v8_seed3_3_7","W_E","PROCEED"
"results/formal_experiment/dissertation_formal_v4/runs/seed3_v8/FE06_HYBRID_SAFETY_v8_seed3_v4_real/step_records.csv","dissertation_formal_v4","8","3","HybridLLMSafety","71","71","formal_low_v8_seed3_3_4","E_W","PROCEED"
"results/formal_experiment/dissertation_formal_v4/runs/seed3_v8/FE06_HYBRID_SAFETY_v8_seed3_v4_real/step_records.csv","dissertation_formal_v4","8","3","HybridLLMSafety","71","71","formal_low_v8_seed3_3_7","W_E","PROCEED"
"results/formal_experiment/dissertation_formal_v4/runs/seed3_v8/FE06_HYBRID_SAFETY_v8_seed3_v4_real/step_records.csv","dissertation_formal_v4","8","3","HybridLLMSafety","72","72","formal_low_v8_seed3_3_4","E_W","PROCEED"
"results/formal_experiment/dissertation_formal_v4/runs/seed3_v8/FE06_HYBRID_SAFETY_v8_seed3_v4_real/step_records.csv","dissertation_formal_v4","8","3","HybridLLMSafety","72","72","formal_low_v8_seed3_3_7","W_E","PROCEED"
"results/formal_experiment/dissertation_formal_v4/runs/seed3_v8/FE06_HYBRID_SAFETY_v8_seed3_v4_real/step_records.csv","dissertation_formal_v4","8","3","HybridLLMSafety","73","73","formal_low_v8_seed3_3_4","E_W","PROCEED"
"results/formal_experiment/dissertation_formal_v4/runs/seed3_v8/FE06_HYBRID_SAFETY_v8_seed3_v4_real/step_records.csv","dissertation_formal_v4","8","3","HybridLLMSafety","73","73","formal_low_v8_seed3_3_7","W_E","PROCEED"
"results/formal_experiment/dissertation_formal_v4/runs/seed3_v8/FE06_HYBRID_SAFETY_v8_seed3_v4_real/step_records.csv","dissertation_formal_v4","8","3","HybridLLMSafety","74","74","formal_low_v8_seed3_3_4","E_W","PROCEED"
"results/formal_experiment/dissertation_formal_v4/runs/seed3_v8/FE06_HYBRID_SAFETY_v8_seed3_v4_real/step_records.csv","dissertation_formal_v4","8","3","HybridLLMSafety","74","74","formal_low_v8_seed3_3_7","W_E","PROCEED"
"results/formal_experiment/dissertation_formal_v4/runs/seed3_v8/FE06_HYBRID_SAFETY_v8_seed3_v4_real/step_records.csv","dissertation_formal_v4","8","3","HybridLLMSafety","75","75","formal_low_v8_seed3_3_4","E_W","PROCEED"
"results/formal_experiment/dissertation_formal_v4/runs/seed3_v8/FE06_HYBRID_SAFETY_v8_seed3_v4_real/step_records.csv","dissertation_formal_v4","8","3","HybridLLMSafety","75","75","formal_low_v8_seed3_3_7","W_E","PROCEED"
"results/formal_experiment/dissertation_formal_v4/runs/seed3_v8/FE06_HYBRID_SAFETY_v8_seed3_v4_real/step_records.csv","dissertation_formal_v4","8","3","HybridLLMSafety","76","76","formal_low_v8_seed3_3_4","E_W","PROCEED"
"results/formal_experiment/dissertation_formal_v4/runs/seed3_v8/FE06_HYBRID_SAFETY_v8_seed3_v4_real/step_records.csv","dissertation_formal_v4","8","3","HybridLLMSafety","76","76","formal_low_v8_seed3_3_7","W_E","PROCEED"
"results/formal_experiment/dissertation_formal_v4/runs/seed3_v8/FE06_HYBRID_SAFETY_v8_seed3_v4_real/step_records.csv","dissertation_formal_v4","8","3","HybridLLMSafety","77","77","formal_low_v8_seed3_3_4","E_W","PROCEED"
"results/formal_experiment/dissertation_formal_v4/runs/seed3_v8/FE06_HYBRID_SAFETY_v8_seed3_v4_real/step_records.csv","dissertation_formal_v4","8","3","HybridLLMSafety","77","77","formal_low_v8_seed3_3_7","W_E","PROCEED"
"results/formal_experiment/dissertation_formal_v4/runs/seed3_v8/FE06_HYBRID_SAFETY_v8_seed3_v4_real/step_records.csv","dissertation_formal_v4","8","3","HybridLLMSafety","78","78","formal_low_v8_seed3_3_4","E_W","PROCEED"
"results/formal_experiment/dissertation_formal_v4/runs/seed3_v8/FE06_HYBRID_SAFETY_v8_seed3_v4_real/step_records.csv","dissertation_formal_v4","8","3","HybridLLMSafety","78","78","formal_low_v8_seed3_3_7","W_E","PROCEED"
"results/formal_experiment/dissertation_formal_v4/runs/seed3_v8/FE06_HYBRID_SAFETY_v8_seed3_v4_real/step_records.csv","dissertation_formal_v4","8","3","HybridLLMSafety","79","79","formal_low_v8_seed3_3_4","E_W","PROCEED"
"results/formal_experiment/dissertation_formal_v4/runs/seed3_v8/FE06_HYBRID_SAFETY_v8_seed3_v4_real/step_records.csv","dissertation_formal_v4","8","3","HybridLLMSafety","79","79","formal_low_v8_seed3_3_7","W_E","PROCEED"
"results/formal_experiment/dissertation_formal_v4/runs/seed3_v8/FE06_HYBRID_SAFETY_v8_seed3_v4_real/step_records.csv","dissertation_formal_v4","8","3","HybridLLMSafety","80","80","formal_low_v8_seed3_3_4","E_W","PROCEED"
"results/formal_experiment/dissertation_formal_v4/runs/seed3_v8/FE06_HYBRID_SAFETY_v8_seed3_v4_real/step_records.csv","dissertation_formal_v4","8","3","HybridLLMSafety","80","80","formal_low_v8_seed3_3_7","W_E","PROCEED"
"results/formal_experiment/dissertation_formal_v4/runs/seed3_v8/FE06_HYBRID_SAFETY_v8_seed3_v4_real/step_records.csv","dissertation_formal_v4","8","3","HybridLLMSafety","81","81","formal_low_v8_seed3_3_4","E_W","PROCEED"
"results/formal_experiment/dissertation_formal_v4/runs/seed3_v8/FE06_HYBRID_SAFETY_v8_seed3_v4_real/step_records.csv","dissertation_formal_v4","8","3","HybridLLMSafety","81","81","formal_low_v8_seed3_3_7","W_E","PROCEED"
"results/formal_experiment/dissertation_formal_v4/runs/seed3_v8/FE06_HYBRID_SAFETY_v8_seed3_v4_real/step_records.csv","dissertation_formal_v4","8","3","HybridLLMSafety","82","82","formal_low_v8_seed3_3_4","E_W","PROCEED"
"results/formal_experiment/dissertation_formal_v4/runs/seed3_v8/FE06_HYBRID_SAFETY_v8_seed3_v4_real/step_records.csv","dissertation_formal_v4","8","3","HybridLLMSafety","82","82","formal_low_v8_seed3_3_7","W_E","PROCEED"
"results/formal_experiment/dissertation_formal_v4/runs/seed3_v8/FE06_HYBRID_SAFETY_v8_seed3_v4_real/step_records.csv","dissertation_formal_v4","8","3","HybridLLMSafety","83","83","formal_low_v8_seed3_3_4","E_W","PROCEED"
"results/formal_experiment/dissertation_formal_v4/runs/seed3_v8/FE06_HYBRID_SAFETY_v8_seed3_v4_real/step_records.csv","dissertation_formal_v4","8","3","HybridLLMSafety","83","83","formal_low_v8_seed3_3_7","W_E","PROCEED"
"results/formal_experiment/dissertation_formal_v4/runs/seed3_v8/FE06_HYBRID_SAFETY_v8_seed3_v4_real/step_records.csv","dissertation_formal_v4","8","3","HybridLLMSafety","84","84","formal_low_v8_seed3_3_4","E_W","PROCEED"
"results/formal_experiment/dissertation_formal_v4/runs/seed3_v8/FE06_HYBRID_SAFETY_v8_seed3_v4_real/step_records.csv","dissertation_formal_v4","8","3","HybridLLMSafety","84","84","formal_low_v8_seed3_3_7","W_E","PROCEED"
"results/formal_experiment/dissertation_formal_v4/runs/seed3_v8/FE06_HYBRID_SAFETY_v8_seed3_v4_real/step_records.csv","dissertation_formal_v4","8","3","HybridLLMSafety","85","85","formal_low_v8_seed3_3_4","E_W","PROCEED"
"results/formal_experiment/dissertation_formal_v4/runs/seed3_v8/FE06_HYBRID_SAFETY_v8_seed3_v4_real/step_records.csv","dissertation_formal_v4","8","3","HybridLLMSafety","85","85","formal_low_v8_seed3_3_7","W_E","PROCEED"
"results/formal_experiment/dissertation_formal_v4/runs/seed3_v8/FE06_HYBRID_SAFETY_v8_seed3_v4_real/step_records.csv","dissertation_formal_v4","8","3","HybridLLMSafety","86","86","formal_low_v8_seed3_3_4","E_W","PROCEED"
"results/formal_experiment/dissertation_formal_v4/runs/seed3_v8/FE06_HYBRID_SAFETY_v8_seed3_v4_real/step_records.csv","dissertation_formal_v4","8","3","HybridLLMSafety","86","86","formal_low_v8_seed3_3_7","W_E","PROCEED"
"results/formal_experiment/dissertation_formal_v4/runs/seed3_v8/FE06_HYBRID_SAFETY_v8_seed3_v4_real/step_records.csv","dissertation_formal_v4","8","3","HybridLLMSafety","87","87","formal_low_v8_seed3_3_4","E_W","PROCEED"
"results/formal_experiment/dissertation_formal_v4/runs/seed3_v8/FE06_HYBRID_SAFETY_v8_seed3_v4_real/step_records.csv","dissertation_formal_v4","8","3","HybridLLMSafety","87","87","formal_low_v8_seed3_3_7","W_E","PROCEED"
"results/formal_experiment/dissertation_formal_v4/runs/seed3_v8/FE06_HYBRID_SAFETY_v8_seed3_v4_real/step_records.csv","dissertation_formal_v4","8","3","HybridLLMSafety","88","88","formal_low_v8_seed3_3_4","E_W","PROCEED"
"results/formal_experiment/dissertation_formal_v4/runs/seed3_v8/FE06_HYBRID_SAFETY_v8_seed3_v4_real/step_records.csv","dissertation_formal_v4","8","3","HybridLLMSafety","88","88","formal_low_v8_seed3_3_7","W_E","PROCEED"
"results/formal_experiment/dissertation_formal_v4/runs/seed3_v8/FE06_HYBRID_SAFETY_v8_seed3_v4_real/step_records.csv","dissertation_formal_v4","8","3","HybridLLMSafety","89","89","formal_low_v8_seed3_3_4","E_W","PROCEED"
"results/formal_experiment/dissertation_formal_v4/runs/seed3_v8/FE06_HYBRID_SAFETY_v8_seed3_v4_real/step_records.csv","dissertation_formal_v4","8","3","HybridLLMSafety","89","89","formal_low_v8_seed3_3_7","W_E","PROCEED"
"results/formal_experiment/dissertation_formal_v4/runs/seed3_v8/FE06_HYBRID_SAFETY_v8_seed3_v4_real/step_records.csv","dissertation_formal_v4","8","3","HybridLLMSafety","90","90","formal_low_v8_seed3_3_4","E_W","PROCEED"
"results/formal_experiment/dissertation_formal_v4/runs/seed3_v8/FE06_HYBRID_SAFETY_v8_seed3_v4_real/step_records.csv","dissertation_formal_v4","8","3","HybridLLMSafety","90","90","formal_low_v8_seed3_3_7","W_E","PROCEED"
"results/formal_experiment/dissertation_formal_v4/runs/seed3_v8/FE06_HYBRID_SAFETY_v8_seed3_v4_real/step_records.csv","dissertation_formal_v4","8","3","HybridLLMSafety","91","91","formal_low_v8_seed3_3_4","E_W","PROCEED"
"results/formal_experiment/dissertation_formal_v4/runs/seed3_v8/FE06_HYBRID_SAFETY_v8_seed3_v4_real/step_records.csv","dissertation_formal_v4","8","3","HybridLLMSafety","91","91","formal_low_v8_seed3_3_7","W_E","PROCEED"
"results/formal_experiment/dissertation_formal_v4/runs/seed3_v8/FE06_HYBRID_SAFETY_v8_seed3_v4_real/step_records.csv","dissertation_formal_v4","8","3","HybridLLMSafety","92","92","formal_low_v8_seed3_3_4","E_W","PROCEED"
"results/formal_experiment/dissertation_formal_v4/runs/seed3_v8/FE06_HYBRID_SAFETY_v8_seed3_v4_real/step_records.csv","dissertation_formal_v4","8","3","HybridLLMSafety","92","92","formal_low_v8_seed3_3_7","W_E","PROCEED"
"results/formal_experiment/dissertation_formal_v4/runs/seed3_v8/FE06_HYBRID_SAFETY_v8_seed3_v4_real/step_records.csv","dissertation_formal_v4","8","3","HybridLLMSafety","93","93","formal_low_v8_seed3_3_4","E_W","PROCEED"
"results/formal_experiment/dissertation_formal_v4/runs/seed3_v8/FE06_HYBRID_SAFETY_v8_seed3_v4_real/step_records.csv","dissertation_formal_v4","8","3","HybridLLMSafety","93","93","formal_low_v8_seed3_3_7","W_E","PROCEED"
"results/formal_experiment/dissertation_formal_v4/runs/seed3_v8/FE06_HYBRID_SAFETY_v8_seed3_v4_real/step_records.csv","dissertation_formal_v4","8","3","HybridLLMSafety","94","94","formal_low_v8_seed3_3_4","E_W","PROCEED"
"results/formal_experiment/dissertation_formal_v4/runs/seed3_v8/FE06_HYBRID_SAFETY_v8_seed3_v4_real/step_records.csv","dissertation_formal_v4","8","3","HybridLLMSafety","94","94","formal_low_v8_seed3_3_7","W_E","PROCEED"
"results/formal_experiment/dissertation_formal_v4/runs/seed3_v8/FE06_HYBRID_SAFETY_v8_seed3_v4_real/step_records.csv","dissertation_formal_v4","8","3","HybridLLMSafety","95","95","formal_low_v8_seed3_3_4","E_W","PROCEED"
"results/formal_experiment/dissertation_formal_v4/runs/seed3_v8/FE06_HYBRID_SAFETY_v8_seed3_v4_real/step_records.csv","dissertation_formal_v4","8","3","HybridLLMSafety","95","95","formal_low_v8_seed3_3_7","W_E","PROCEED"
"results/formal_experiment/dissertation_formal_v4/runs/seed3_v8/FE06_HYBRID_SAFETY_v8_seed3_v4_real/step_records.csv","dissertation_formal_v4","8","3","HybridLLMSafety","96","96","formal_low_v8_seed3_3_4","E_W","PROCEED"
"results/formal_experiment/dissertation_formal_v4/runs/seed3_v8/FE06_HYBRID_SAFETY_v8_seed3_v4_real/step_records.csv","dissertation_formal_v4","8","3","HybridLLMSafety","96","96","formal_low_v8_seed3_3_7","W_E","PROCEED"
"results/formal_experiment/dissertation_formal_v4/runs/seed3_v8/FE06_HYBRID_SAFETY_v8_seed3_v4_real/step_records.csv","dissertation_formal_v4","8","3","HybridLLMSafety","97","97","formal_low_v8_seed3_3_4","E_W","FREE"
"results/formal_experiment/dissertation_formal_v4/runs/seed3_v8/FE06_HYBRID_SAFETY_v8_seed3_v4_real/step_records.csv","dissertation_formal_v4","8","3","HybridLLMSafety","97","97","formal_low_v8_seed3_3_7","W_E","FREE"
"results/formal_experiment/dissertation_formal_v4/runs/seed3_v8/FE06_HYBRID_SAFETY_v8_seed3_v4_real/step_records.csv","dissertation_formal_v4","8","3","HybridLLMSafety","98","98","formal_low_v8_seed3_3_4","E_W","FREE"
"results/formal_experiment/dissertation_formal_v4/runs/seed3_v8/FE06_HYBRID_SAFETY_v8_seed3_v4_real/step_records.csv","dissertation_formal_v4","8","3","HybridLLMSafety","98","98","formal_low_v8_seed3_3_7","W_E","FREE"
"results/formal_experiment/dissertation_formal_v4/runs/seed3_v8/FE06_HYBRID_SAFETY_v8_seed3_v4_real/step_records.csv","dissertation_formal_v4","8","3","HybridLLMSafety","99","99","formal_low_v8_seed3_3_4","E_W","FREE"
"results/formal_experiment/dissertation_formal_v4/runs/seed3_v8/FE06_HYBRID_SAFETY_v8_seed3_v4_real/step_records.csv","dissertation_formal_v4","8","3","HybridLLMSafety","99","99","formal_low_v8_seed3_3_7","W_E","FREE"
"results/formal_experiment/dissertation_formal_v4/runs/seed3_v8/FE06_HYBRID_SAFETY_v8_seed3_v4_real/step_records.csv","dissertation_formal_v4","8","3","HybridLLMSafety","100","100","formal_low_v8_seed3_3_4","E_W","FREE"
"results/formal_experiment/dissertation_formal_v4/runs/seed3_v8/FE06_HYBRID_SAFETY_v8_seed3_v4_real/step_records.csv","dissertation_formal_v4","8","3","HybridLLMSafety","100","100","formal_low_v8_seed3_3_7","W_E","FREE"
"results/formal_experiment/dissertation_formal_v4/runs/seed3_v8/FE06_HYBRID_SAFETY_v8_seed3_v4_real/step_records.csv","dissertation_formal_v4","8","3","HybridLLMSafety","101","101","formal_low_v8_seed3_3_4","E_W","FREE"
"results/formal_experiment/dissertation_formal_v4/runs/seed3_v8/FE06_HYBRID_SAFETY_v8_seed3_v4_real/step_records.csv","dissertation_formal_v4","8","3","HybridLLMSafety","101","101","formal_low_v8_seed3_3_7","W_E","FREE"
"results/formal_experiment/dissertation_formal_v4/runs/seed3_v8/FE06_HYBRID_SAFETY_v8_seed3_v4_real/step_records.csv","dissertation_formal_v4","8","3","HybridLLMSafety","102","102","formal_low_v8_seed3_3_4","E_W","FREE"
"results/formal_experiment/dissertation_formal_v4/runs/seed3_v8/FE06_HYBRID_SAFETY_v8_seed3_v4_real/step_records.csv","dissertation_formal_v4","8","3","HybridLLMSafety","102","102","formal_low_v8_seed3_3_7","W_E","FREE"
"results/formal_experiment/dissertation_formal_v4/runs/seed3_v8/FE06_HYBRID_SAFETY_v8_seed3_v4_real/step_records.csv","dissertation_formal_v4","8","3","HybridLLMSafety","103","103","formal_low_v8_seed3_3_4","E_W","FREE"
"results/formal_experiment/dissertation_formal_v4/runs/seed3_v8/FE06_HYBRID_SAFETY_v8_seed3_v4_real/step_records.csv","dissertation_formal_v4","8","3","HybridLLMSafety","103","103","formal_low_v8_seed3_3_7","W_E","FREE"
"results/formal_experiment/dissertation_formal_v4/runs/seed3_v8/FE06_HYBRID_SAFETY_v8_seed3_v4_real/step_records.csv","dissertation_formal_v4","8","3","HybridLLMSafety","104","104","formal_low_v8_seed3_3_7","W_E","FREE"
"results/formal_experiment/dissertation_formal_v4/runs/seed3_v8/FE06_HYBRID_SAFETY_v8_seed3_v4_real/step_records.csv","dissertation_formal_v4","8","3","HybridLLMSafety","105","105","formal_low_v8_seed3_3_7","W_E","FREE"
